<?xml version="1.0" encoding="UTF-8" ?>
<!DOCTYPE ldml SYSTEM "http://www.unicode.org/cldr/dtd/1.5/ldml.dtd">
<ldml>
	<identity>
		<version number="$Revision: 1.39 $"/>
		<generation date="$Date: 2007/07/19 22:31:38 $"/>
		<language type="aa"/>
	</identity>
	<localeDisplayNames>
		<languages>
			<language type="aa" draft="unconfirmed">Qafar</language>
			<language type="ar" draft="unconfirmed">Arabic</language>
			<language type="de" draft="unconfirmed">German</language>
			<language type="en" draft="unconfirmed">English</language>
			<language type="es" draft="unconfirmed">Spanish</language>
			<language type="fr" draft="unconfirmed">French</language>
			<language type="hi" draft="unconfirmed">Hindi</language>
			<language type="it" draft="unconfirmed">Italian</language>
			<language type="ja" draft="unconfirmed">Japanese</language>
			<language type="pt" draft="unconfirmed">Portuguese</language>
			<language type="ru" draft="unconfirmed">Russian</language>
			<language type="zh" draft="unconfirmed">Chinese</language>
		</languages>
		<scripts>
			<script type="Latn" draft="unconfirmed">Latin</script>
		</scripts>
		<territories>
			<territory type="BR" draft="unconfirmed">Brazil</territory>
			<territory type="CN" draft="unconfirmed">China</territory>
			<territory type="DE" draft="unconfirmed">Germany</territory>
			<territory type="DJ" draft="unconfirmed">Yabuuti</territory>
			<territory type="ER" draft="unconfirmed">Eretria</territory>
			<territory type="ET" draft="unconfirmed">Otobbia</territory>
			<territory type="FR" draft="unconfirmed">France</territory>
			<territory type="GB" draft="unconfirmed">United Kingdom</territory>
			<territory type="IN" draft="unconfirmed">India</territory>
			<territory type="IT" draft="unconfirmed">Italy</territory>
			<territory type="JP" draft="unconfirmed">Japan</territory>
			<territory type="RU" draft="unconfirmed">Russia</territory>
			<territory type="US" draft="unconfirmed">United States</territory>
		</territories>
	</localeDisplayNames>
	<characters>
		<exemplarCharacters draft="unconfirmed">[a-z]</exemplarCharacters>
	</characters>
	<dates>
		<calendars>
			<calendar type="gregorian">
				<months>
					<monthContext type="format">
						<monthWidth type="abbreviated">
							<month type="1" draft="unconfirmed">Qun</month>
							<month type="2" draft="unconfirmed">Nah</month>
							<month type="3" draft="unconfirmed">Cig</month>
							<month type="4" draft="unconfirmed">Agd</month>
							<month type="5" draft="unconfirmed">Cax</month>
							<month type="6" draft="unconfirmed">Qas</month>
							<month type="7" draft="unconfirmed">Qad</month>
							<month type="8" draft="unconfirmed">Leq</month>
							<month type="9" draft="unconfirmed">Way</month>
							<month type="10" draft="unconfirmed">Dit</month>
							<month type="11" draft="unconfirmed">Xim</month>
							<month type="12" draft="unconfirmed">Kax</month>
						</monthWidth>
						<monthWidth type="wide">
							<month type="1" draft="unconfirmed">Qunxa Garablu</month>
							<month type="2" draft="unconfirmed">Kudo</month>
							<month type="2" alt="proposed-x1001" draft="unconfirmed">Naharsi Kudo</month>
							<month type="3" draft="unconfirmed">Ciggilta Kudo</month>
							<month type="4" draft="unconfirmed">Agda Baxis</month>
							<month type="4" alt="proposed-x1001" draft="unconfirmed">Agda Baxisso</month>
							<month type="5" draft="unconfirmed">Caxah Alsa</month>
							<month type="6" draft="unconfirmed">Qasa Dirri</month>
							<month type="7" draft="unconfirmed">Qado Dirri</month>
							<month type="8" draft="unconfirmed">Liiqen</month>
							<month type="8" alt="proposed-x1001" draft="unconfirmed">Leqeeni</month>
							<month type="9" draft="unconfirmed">Waysu</month>
							<month type="10" draft="unconfirmed">Diteli</month>
							<month type="11" draft="unconfirmed">Ximoli</month>
							<month type="12" draft="unconfirmed">Kaxxa Garablu</month>
						</monthWidth>
					</monthContext>
					<monthContext type="stand-alone">
						<monthWidth type="narrow">
							<month type="1" draft="unconfirmed">Q</month>
							<month type="2" draft="unconfirmed">N</month>
							<month type="3" draft="unconfirmed">C</month>
							<month type="4" draft="unconfirmed">A</month>
							<month type="5" draft="unconfirmed">C</month>
							<month type="6" draft="unconfirmed">Q</month>
							<month type="7" draft="unconfirmed">Q</month>
							<month type="8" draft="unconfirmed">L</month>
							<month type="9" draft="unconfirmed">W</month>
							<month type="10" draft="unconfirmed">D</month>
							<month type="11" draft="unconfirmed">X</month>
							<month type="12" draft="unconfirmed">K</month>
						</monthWidth>
					</monthContext>
				</months>
				<days>
					<dayContext type="format">
						<dayWidth type="abbreviated">
							<day type="sun" draft="unconfirmed">Aca</day>
							<day type="mon" draft="unconfirmed">Etl</day>
							<day type="tue" draft="unconfirmed">Tal</day>
							<day type="wed" draft="unconfirmed">Arb</day>
							<day type="thu" draft="unconfirmed">Kam</day>
							<day type="fri" draft="unconfirmed">Gum</day>
							<day type="sat" draft="unconfirmed">Sab</day>
						</dayWidth>
						<dayWidth type="wide">
							<day type="sun" draft="unconfirmed">Acaada</day>
							<day type="mon" draft="unconfirmed">Etleeni</day>
							<day type="tue" draft="unconfirmed">Talaata</day>
							<day type="wed" draft="unconfirmed">Arbaqa</day>
							<day type="thu" draft="unconfirmed">Kamiisi</day>
							<day type="fri" draft="unconfirmed">Gumqata</day>
							<day type="sat" draft="unconfirmed">Sabti</day>
						</dayWidth>
					</dayContext>
					<dayContext type="stand-alone">
						<dayWidth type="narrow">
							<day type="sun" draft="unconfirmed">A</day>
							<day type="mon" draft="unconfirmed">E</day>
							<day type="tue" draft="unconfirmed">T</day>
							<day type="wed" draft="unconfirmed">A</day>
							<day type="thu" draft="unconfirmed">K</day>
							<day type="fri" draft="unconfirmed">G</day>
							<day type="sat" draft="unconfirmed">S</day>
						</dayWidth>
					</dayContext>
				</days>
				<quarters>
					<quarterContext type="format">
						<quarterWidth type="abbreviated">
							<quarter type="1" draft="unconfirmed">Q1</quarter>
							<quarter type="2" draft="unconfirmed">Q2</quarter>
							<quarter type="3" draft="unconfirmed">Q3</quarter>
							<quarter type="4" draft="unconfirmed">Q4</quarter>
						</quarterWidth>
						<quarterWidth type="wide">
							<quarter type="1" draft="unconfirmed">Q1</quarter>
							<quarter type="2" draft="unconfirmed">Q2</quarter>
							<quarter type="3" draft="unconfirmed">Q3</quarter>
							<quarter type="4" draft="unconfirmed">Q4</quarter>
						</quarterWidth>
					</quarterContext>
				</quarters>
				<am draft="unconfirmed">saaku</am>
				<pm draft="unconfirmed">carra</pm>
				<eras>
					<eraAbbr>
						<era type="0" draft="unconfirmed">Yaasuusuk Duma</era>
						<era type="1" draft="unconfirmed">Yaasuusuk Wadir</era>
					</eraAbbr>
				</eras>
				<dateFormats>
					<dateFormatLength type="full">
						<dateFormat>
							<pattern draft="unconfirmed">EEEE, MMMM dd, yyyy</pattern>
						</dateFormat>
					</dateFormatLength>
					<dateFormatLength type="long">
						<dateFormat>
							<pattern draft="unconfirmed">dd MMMM yyyy</pattern>
						</dateFormat>
					</dateFormatLength>
					<dateFormatLength type="medium">
						<dateFormat>
							<pattern draft="unconfirmed">dd-MMM-yyyy</pattern>
						</dateFormat>
					</dateFormatLength>
					<dateFormatLength type="short">
						<dateFormat>
							<pattern draft="unconfirmed">dd/MM/yy</pattern>
						</dateFormat>
					</dateFormatLength>
				</dateFormats>
				<timeFormats>
					<timeFormatLength type="full">
						<timeFormat>
							<pattern>h:mm:ss a v</pattern>
							<pattern alt="proposed-x1001" draft="unconfirmed">h:mm:ss a</pattern>
						</timeFormat>
					</timeFormatLength>
					<timeFormatLength type="long">
						<timeFormat>
							<pattern>h:mm:ss a z</pattern>
							<pattern alt="proposed-x1001" draft="unconfirmed">h:mm:ss a</pattern>
						</timeFormat>
					</timeFormatLength>
					<timeFormatLength type="medium">
						<timeFormat>
							<pattern draft="unconfirmed">h:mm:ss a</pattern>
						</timeFormat>
					</timeFormatLength>
					<timeFormatLength type="short">
						<timeFormat>
							<pattern draft="unconfirmed">h:mm a</pattern>
						</timeFormat>
					</timeFormatLength>
				</timeFormats>
				<dateTimeFormats>
					<dateTimeFormatLength>
						<dateTimeFormat>
							<pattern draft="unconfirmed">{1} {0}</pattern>
						</dateTimeFormat>
					</dateTimeFormatLength>
					<availableFormats>
						<dateFormatItem id="yyQ" draft="unconfirmed">Q yy</dateFormatItem>
					</availableFormats>
				</dateTimeFormats>
			</calendar>
		</calendars>
		<timeZoneNames>
			<hourFormat draft="unconfirmed">+HH:mm;-HH:mm</hourFormat>
			<gmtFormat draft="unconfirmed">GMT{0}</gmtFormat>
			<regionFormat draft="unconfirmed">{0}</regionFormat>
		</timeZoneNames>
	</dates>
	<numbers>
		<currencyFormats>
			<currencyFormatLength>
				<currencyFormat>
					<pattern draft="unconfirmed">¤#,##0.00</pattern>
				</currencyFormat>
			</currencyFormatLength>
		</currencyFormats>
		<currencies>
			<currency type="BRL">
				<displayName draft="unconfirmed">Brazilian Real</displayName>
			</currency>
			<currency type="CNY">
				<displayName draft="unconfirmed">Chinese Yuan Renminbi</displayName>
			</currency>
			<currency type="DJF">
				<symbol draft="unconfirmed">FD</symbol>
			</currency>
			<currency type="ERN">
				<symbol alt="proposed-x1001" draft="unconfirmed">$</symbol>
			</currency>
			<currency type="ETB">
				<symbol draft="unconfirmed">$</symbol>
			</currency>
			<currency type="EUR">
				<displayName draft="unconfirmed">Euro</displayName>
			</currency>
			<currency type="GBP">
				<displayName draft="unconfirmed">British Pound Sterling</displayName>
			</currency>
			<currency type="INR">
				<displayName draft="unconfirmed">Indian Rupee</displayName>
			</currency>
			<currency type="JPY">
				<displayName draft="unconfirmed">Japanese Yen</displayName>
			</currency>
			<currency type="RUB">
				<displayName draft="unconfirmed">Russian Ruble</displayName>
			</currency>
			<currency type="USD">
				<displayName draft="unconfirmed">US Dollar</displayName>
			</currency>
		</currencies>
	</numbers>
</ldml>

