<?xml version="1.0" encoding="UTF-8" ?>
<!DOCTYPE ldml SYSTEM "http://www.unicode.org/cldr/dtd/1.5/ldml.dtd">
<ldml>
	<identity>
		<version number="$Revision: 1.35 $"/>
		<generation date="$Date: 2007/07/19 22:31:38 $"/>
		<language type="aa"/>
		<territory type="ER"/>
	</identity>
	<numbers>
		<currencies>
			<currency type="ERN">
				<symbol draft="unconfirmed">$</symbol>
			</currency>
			<currency type="ETB">
				<symbol>ETB</symbol>
			</currency>
		</currencies>
	</numbers>
</ldml>

