<?xml version="1.0" encoding="UTF-8" ?>
<!DOCTYPE ldml SYSTEM "http://www.unicode.org/cldr/dtd/1.5/ldml.dtd">
<ldml>
	<identity>
		<version number="$Revision: 1.44 $"/>
		<generation date="$Date: 2007/07/27 18:47:31 $"/>
		<language type="ar"/>
		<territory type="MA"/>
	</identity>
	<localeDisplayNames>
		<scripts>
			<script type="Ital">اللأيطالية القديمة</script>
		</scripts>
	</localeDisplayNames>
	<numbers>
		<symbols>
			<nativeZeroDigit>0</nativeZeroDigit>
		</symbols>
	</numbers>
</ldml>

