<?xml version="1.0" encoding="UTF-8" ?>
<!DOCTYPE ldml SYSTEM "http://www.unicode.org/cldr/dtd/1.5/ldml.dtd">
<ldml>
	<identity>
		<version number="$Revision: 1.48 $"/>
		<generation date="$Date: 2007/07/19 22:31:38 $"/>
		<language type="az"/>
	</identity>
	<localeDisplayNames>
		<languages>
			<language type="af" draft="unconfirmed">afrikan</language>
			<language type="am" draft="unconfirmed">amarikcə</language>
			<language type="ar" draft="unconfirmed">ərəb</language>
			<language type="as" draft="unconfirmed">assamese</language>
			<language type="az">azərbaycanca</language>
			<language type="az" alt="proposed-x1001" draft="unconfirmed">azərbaycan dili</language>
			<language type="be" draft="unconfirmed">belarusca</language>
			<language type="bg" draft="unconfirmed">bolqar</language>
			<language type="bh" draft="unconfirmed">bihari</language>
			<language type="bn" draft="unconfirmed">benqal</language>
			<language type="br" draft="unconfirmed">fransızca(breton ləhcəsi)</language>
			<language type="bs" draft="unconfirmed">bosniya dili</language>
			<language type="ca" draft="unconfirmed">katalan</language>
			<language type="cs" draft="unconfirmed">çex</language>
			<language type="cy" draft="unconfirmed">uels</language>
			<language type="da" draft="unconfirmed">danimarka</language>
			<language type="de">almanca</language>
			<language type="de" alt="proposed-x1001" draft="unconfirmed">alman</language>
			<language type="el" draft="unconfirmed">yunan</language>
			<language type="en">ingiliscə</language>
			<language type="en" alt="proposed-x1001" draft="unconfirmed">ingilis</language>
			<language type="eo" draft="unconfirmed">esperanto</language>
			<language type="es">ispanca</language>
			<language type="es" alt="proposed-x1001" draft="unconfirmed">ispan</language>
			<language type="et" draft="unconfirmed">eston</language>
			<language type="eu" draft="unconfirmed">bask</language>
			<language type="fa" draft="unconfirmed">fars dili</language>
			<language type="fi" draft="unconfirmed">fin</language>
			<language type="fil" draft="unconfirmed">taqaloq</language>
			<language type="fo" draft="unconfirmed">farer</language>
			<language type="fr">fransızca</language>
			<language type="fr" alt="proposed-x1001" draft="unconfirmed">fransız</language>
			<language type="fy" draft="unconfirmed">frisk</language>
			<language type="ga" draft="unconfirmed">i̇rland</language>
			<language type="gd" draft="unconfirmed">scots gaelic</language>
			<language type="gl" draft="unconfirmed">qalisian</language>
			<language type="gn" draft="unconfirmed">quaranicə(paraqvay)</language>
			<language type="gu" draft="unconfirmed">gujarati</language>
			<language type="he" draft="unconfirmed">i̇vrit</language>
			<language type="hi" draft="unconfirmed">hindi</language>
			<language type="hr" draft="unconfirmed">xorvat</language>
			<language type="hu" draft="unconfirmed">macar</language>
			<language type="hy" draft="unconfirmed">erməni</language>
			<language type="ia" draft="unconfirmed">interlingua</language>
			<language type="id" draft="unconfirmed">i̇ndoneziya</language>
			<language type="ie" draft="unconfirmed">interlingue</language>
			<language type="is" draft="unconfirmed">i̇sland</language>
			<language type="it" draft="unconfirmed">i̇talyan</language>
			<language type="ja">yaponca</language>
			<language type="ja" alt="proposed-x1001" draft="unconfirmed">yapon</language>
			<language type="jv" draft="unconfirmed">yavaca</language>
			<language type="ka" draft="unconfirmed">gürcü dili</language>
			<language type="km" draft="unconfirmed">kambocya dili</language>
			<language type="kn" draft="unconfirmed">kannada</language>
			<language type="ko" draft="unconfirmed">koreya</language>
			<language type="ku" draft="unconfirmed">kürdcə</language>
			<language type="ky" draft="unconfirmed">qırğızca</language>
			<language type="la" draft="unconfirmed">latın</language>
			<language type="ln" draft="unconfirmed">linqala dili(konqo)</language>
			<language type="lo" draft="unconfirmed">laos dili</language>
			<language type="lt" draft="unconfirmed">litva</language>
			<language type="lv" draft="unconfirmed">latış</language>
			<language type="mk" draft="unconfirmed">makedoniya</language>
			<language type="ml" draft="unconfirmed">malayalam</language>
			<language type="mn" draft="unconfirmed">monqolca</language>
			<language type="mr" draft="unconfirmed">marathi</language>
			<language type="ms" draft="unconfirmed">malay</language>
			<language type="mt" draft="unconfirmed">malta</language>
			<language type="ne" draft="unconfirmed">nepal</language>
			<language type="nl" draft="unconfirmed">holland</language>
			<language type="nn" draft="unconfirmed">norveç dili (ninorsk)</language>
			<language type="no" draft="unconfirmed">norveç</language>
			<language type="oc" draft="unconfirmed">oksitanca</language>
			<language type="or" draft="unconfirmed">oriya dili(hindistan)</language>
			<language type="pa" draft="unconfirmed">punjabi</language>
			<language type="pl" draft="unconfirmed">polyak</language>
			<language type="ps" draft="unconfirmed">puştu dili(əfqanıstan)</language>
			<language type="pt">portuqalca</language>
			<language type="pt" alt="proposed-x1001" draft="unconfirmed">portuqal</language>
			<language type="pt_BR" draft="unconfirmed">portuqaliya dili</language>
			<language type="pt_PT" draft="unconfirmed">portuqalca (portuqaliya)</language>
			<language type="ro" draft="unconfirmed">rumın</language>
			<language type="ru">rusca</language>
			<language type="ru" alt="proposed-x1001" draft="unconfirmed">rus</language>
			<language type="sa" draft="unconfirmed">sanskrit dili(hindistan)</language>
			<language type="sd" draft="unconfirmed">sindhi</language>
			<language type="sh" draft="unconfirmed">serb-xorvatca</language>
			<language type="si" draft="unconfirmed">sinhaliscə</language>
			<language type="sk" draft="unconfirmed">slovak</language>
			<language type="sl" draft="unconfirmed">sloven</language>
			<language type="so" draft="unconfirmed">somali dili</language>
			<language type="sq" draft="unconfirmed">alban</language>
			<language type="sr" draft="unconfirmed">serb</language>
			<language type="st" draft="unconfirmed">sesetoca(lesoto dili)</language>
			<language type="su" draft="unconfirmed">sundan</language>
			<language type="sv" draft="unconfirmed">i̇sveç</language>
			<language type="sw" draft="unconfirmed">suahili</language>
			<language type="ta" draft="unconfirmed">tamil</language>
			<language type="te" draft="unconfirmed">teluqu</language>
			<language type="th" draft="unconfirmed">tayca</language>
			<language type="ti" draft="unconfirmed">tiqrin dili</language>
			<language type="tk" draft="unconfirmed">türkməncə</language>
			<language type="tlh" draft="unconfirmed">klinqon</language>
			<language type="tr" draft="unconfirmed">türk</language>
			<language type="tw" draft="unconfirmed">tvi dili(qana dili)</language>
			<language type="ug" draft="unconfirmed">uyğurca</language>
			<language type="uk" draft="unconfirmed">ukrayna</language>
			<language type="ur" draft="unconfirmed">urduca</language>
			<language type="uz" draft="unconfirmed">özbək</language>
			<language type="vi" draft="unconfirmed">vyetnam</language>
			<language type="xh" draft="unconfirmed">xosa dili</language>
			<language type="yi" draft="unconfirmed">i̇vrit(yahudi dili)</language>
			<language type="zh">çincə</language>
			<language type="zu" draft="unconfirmed">zulu dili</language>
		</languages>
		<territories>
			<territory type="AZ">Azərbaycan</territory>
			<territory type="BR">Braziliya</territory>
			<territory type="CN">Çin</territory>
			<territory type="DE">Almaniya</territory>
			<territory type="FR">Fransa</territory>
			<territory type="IN">Hindistan</territory>
			<territory type="IT">İtaliya</territory>
			<territory type="JP">Yaponiya</territory>
			<territory type="RU">Rusiya</territory>
			<territory type="TO" draft="unconfirmed">Tonqa</territory>
			<territory type="US">Amerika Birləşmiş Ştatları</territory>
		</territories>
	</localeDisplayNames>
	<characters>
		<exemplarCharacters>[a-c ç d e ə f g ğ h i İ ı j-o ö p-s ş t u ü v x-z]</exemplarCharacters>
		<exemplarCharacters type="auxiliary">[w]</exemplarCharacters>
	</characters>
	<delimiters>
		<quotationStart draft="unconfirmed">‘</quotationStart>
		<quotationEnd draft="unconfirmed">’</quotationEnd>
		<alternateQuotationStart draft="unconfirmed">“</alternateQuotationStart>
		<alternateQuotationEnd draft="unconfirmed">”</alternateQuotationEnd>
	</delimiters>
	<dates>
		<calendars>
			<calendar type="gregorian">
				<months>
					<monthContext type="format">
						<monthWidth type="abbreviated">
							<month type="1" draft="unconfirmed">yan</month>
							<month type="2" draft="unconfirmed">fev</month>
							<month type="3" draft="unconfirmed">mar</month>
							<month type="4" draft="unconfirmed">apr</month>
							<month type="5" draft="unconfirmed">may</month>
							<month type="6" draft="unconfirmed">iyn</month>
							<month type="7" draft="unconfirmed">iyl</month>
							<month type="8" draft="unconfirmed">avq</month>
							<month type="9" draft="unconfirmed">sen</month>
							<month type="10" draft="unconfirmed">okt</month>
							<month type="11" draft="unconfirmed">noy</month>
							<month type="12" draft="unconfirmed">dek</month>
						</monthWidth>
						<monthWidth type="wide">
							<month type="1" draft="unconfirmed">Yanvar</month>
							<month type="2" draft="unconfirmed">Fevral</month>
							<month type="3" draft="unconfirmed">Mart</month>
							<month type="4" draft="unconfirmed">Aprel</month>
							<month type="5" draft="unconfirmed">May</month>
							<month type="6" draft="unconfirmed">İyun</month>
							<month type="7" draft="unconfirmed">İyul</month>
							<month type="8" draft="unconfirmed">Avqust</month>
							<month type="9" draft="unconfirmed">Sentyabr</month>
							<month type="10" draft="unconfirmed">Oktyabr</month>
							<month type="11" draft="unconfirmed">Noyabr</month>
							<month type="12" draft="unconfirmed">Dekabr</month>
						</monthWidth>
					</monthContext>
					<monthContext type="stand-alone">
						<monthWidth type="narrow">
							<month type="1" draft="unconfirmed">1</month>
							<month type="2" draft="unconfirmed">2</month>
							<month type="3" draft="unconfirmed">3</month>
							<month type="4" draft="unconfirmed">4</month>
							<month type="5" draft="unconfirmed">5</month>
							<month type="6" draft="unconfirmed">6</month>
							<month type="7" draft="unconfirmed">7</month>
							<month type="8" draft="unconfirmed">8</month>
							<month type="9" draft="unconfirmed">9</month>
							<month type="10" draft="unconfirmed">10</month>
							<month type="11" draft="unconfirmed">11</month>
							<month type="12" draft="unconfirmed">12</month>
						</monthWidth>
					</monthContext>
				</months>
				<days>
					<dayContext type="format">
						<dayWidth type="abbreviated">
							<day type="sun" draft="unconfirmed">B.</day>
							<day type="mon" draft="unconfirmed">B.e.</day>
							<day type="tue" draft="unconfirmed">Ç.a.</day>
							<day type="wed" draft="unconfirmed">Ç.</day>
							<day type="thu" draft="unconfirmed">C.a.</day>
							<day type="fri" draft="unconfirmed">C.</day>
							<day type="sat" draft="unconfirmed">Ş.</day>
						</dayWidth>
						<dayWidth type="wide">
							<day type="sun" draft="unconfirmed">bazar</day>
							<day type="mon" draft="unconfirmed">bazar ertəsi</day>
							<day type="tue" draft="unconfirmed">çərşənbə axşam</day>
							<day type="wed" draft="unconfirmed">çərşənbə</day>
							<day type="thu" draft="unconfirmed">cümə axşamı</day>
							<day type="fri" draft="unconfirmed">cümə axşamı</day>
							<day type="sat" draft="unconfirmed">şənbə</day>
						</dayWidth>
					</dayContext>
					<dayContext type="stand-alone">
						<dayWidth type="narrow">
							<day type="sun" draft="unconfirmed">1</day>
							<day type="mon" draft="unconfirmed">2</day>
							<day type="tue" draft="unconfirmed">3</day>
							<day type="wed" draft="unconfirmed">4</day>
							<day type="thu" draft="unconfirmed">5</day>
							<day type="fri" draft="unconfirmed">6</day>
							<day type="sat" draft="unconfirmed">7</day>
						</dayWidth>
					</dayContext>
				</days>
				<quarters>
					<quarterContext type="format">
						<quarterWidth type="abbreviated">
							<quarter type="1" draft="unconfirmed">1-ci kv.</quarter>
							<quarter type="2" draft="unconfirmed">2-ci kv.</quarter>
							<quarter type="3" draft="unconfirmed">3-cü kv.</quarter>
							<quarter type="4" draft="unconfirmed">4-cü kv.</quarter>
						</quarterWidth>
						<quarterWidth type="wide">
							<quarter type="1" draft="unconfirmed">1-ci kvartal</quarter>
							<quarter type="2" draft="unconfirmed">2-ci kvartal</quarter>
							<quarter type="3" draft="unconfirmed">3-cü kvartal</quarter>
							<quarter type="4" draft="unconfirmed">4-cü kvartal</quarter>
						</quarterWidth>
					</quarterContext>
				</quarters>
				<am draft="unconfirmed">AM</am>
				<pm draft="unconfirmed">PM</pm>
				<eras>
					<eraNames>
						<era type="0" draft="unconfirmed">eramızdan əvvəl</era>
						<era type="1" draft="unconfirmed">bizim eramızın</era>
					</eraNames>
					<eraAbbr>
						<era type="0" draft="unconfirmed">e.ə.</era>
						<era type="1" draft="unconfirmed">b.e.</era>
					</eraAbbr>
				</eras>
				<dateFormats>
					<dateFormatLength type="full">
						<dateFormat>
							<pattern draft="unconfirmed">EEEE, yyyy MMMM dd</pattern>
						</dateFormat>
					</dateFormatLength>
					<dateFormatLength type="long">
						<dateFormat>
							<pattern draft="unconfirmed">yyyy MMMM d</pattern>
						</dateFormat>
					</dateFormatLength>
					<dateFormatLength type="medium">
						<dateFormat>
							<pattern draft="unconfirmed">yyyy MMM d</pattern>
						</dateFormat>
					</dateFormatLength>
					<dateFormatLength type="short">
						<dateFormat>
							<pattern draft="unconfirmed">yy/MM/dd</pattern>
						</dateFormat>
					</dateFormatLength>
				</dateFormats>
				<timeFormats>
					<timeFormatLength type="full">
						<timeFormat>
							<pattern draft="unconfirmed">HH:mm:ss v</pattern>
						</timeFormat>
					</timeFormatLength>
					<timeFormatLength type="long">
						<timeFormat>
							<pattern draft="unconfirmed">HH:mm:ss z</pattern>
						</timeFormat>
					</timeFormatLength>
					<timeFormatLength type="medium">
						<timeFormat>
							<pattern draft="unconfirmed">HH:mm:ss</pattern>
						</timeFormat>
					</timeFormatLength>
					<timeFormatLength type="short">
						<timeFormat>
							<pattern draft="unconfirmed">HH:mm</pattern>
						</timeFormat>
					</timeFormatLength>
				</timeFormats>
				<dateTimeFormats>
					<dateTimeFormatLength>
						<dateTimeFormat>
							<pattern draft="unconfirmed">{1} {0}</pattern>
						</dateTimeFormat>
					</dateTimeFormatLength>
					<availableFormats>
						<dateFormatItem id="yyQ" draft="unconfirmed">Q yy</dateFormatItem>
					</availableFormats>
				</dateTimeFormats>
			</calendar>
		</calendars>
		<timeZoneNames>
			<hourFormat draft="unconfirmed">+HH:mm;-HH:mm</hourFormat>
			<gmtFormat draft="unconfirmed">GMT{0}</gmtFormat>
			<regionFormat draft="unconfirmed">{0}</regionFormat>
		</timeZoneNames>
	</dates>
	<numbers>
		<symbols>
			<decimal draft="unconfirmed">,</decimal>
			<group draft="unconfirmed"> </group>
		</symbols>
		<currencies>
			<currency type="AZM">
				<displayName>Manat</displayName>
				<symbol>man.</symbol>
			</currency>
		</currencies>
	</numbers>
</ldml>

