<?xml version="1.0" encoding="UTF-8" ?>
<!DOCTYPE ldml SYSTEM "http://www.unicode.org/cldr/dtd/1.5/ldml.dtd">
<ldml>
	<identity>
		<version number="$Revision: 1.6 $"/>
		<generation date="$Date: 2007/07/19 22:31:38 $"/>
		<language type="bo"/>
	</identity>
	<localeDisplayNames>
		<languages>
			<language type="bo">པོད་སྐད་</language>
			<language type="bo" alt="proposed-x1001" draft="unconfirmed">བོད་སྐད།</language>
			<language type="de" draft="provisional">འཇར་མན་གྱི།</language>
			<language type="de" alt="proposed-x1001" draft="unconfirmed">འཇར་མན་སྐད།</language>
			<language type="dz">རྫོང་ཁ</language>
			<language type="dz" alt="proposed-x1001" draft="unconfirmed">འབྲུག་པ་སྐད།</language>
			<language type="dz" alt="proposed-x1002" draft="unconfirmed">རྫོང་ཁ།</language>
			<language type="en" draft="unconfirmed">ཨིང་ལིཤ་སྐད།</language>
			<language type="en" alt="proposed-x1001" draft="unconfirmed">ཨིང་ལིཤ།</language>
			<language type="en_AU" alt="proposed-x1001" draft="unconfirmed">ཨིང་ལིཤ། (ཨསྟྲ་ལི་ཡ་)</language>
			<language type="en_CA" draft="unconfirmed">ཨིང་ལིཤ་སྐད། (ཁེ་ན་ཌ་)</language>
			<language type="en_CA" alt="proposed-x1001" draft="unconfirmed">ཨིང་ལིཤ། (ཁེ་ན་ཌ་)</language>
			<language type="en_GB" draft="unconfirmed">ཨིང་ལིཤ་སྐད། (རྦི་རི་ཊིཤ་)</language>
			<language type="en_GB" alt="proposed-x1001" draft="unconfirmed">ཨིང་ལིཤ། (རྦི་རི་ཊིཤ་)</language>
			<language type="en_US" draft="unconfirmed">ཨིང་ལིཤ་སྐད། (ཨ་རི་)</language>
			<language type="en_US" alt="proposed-x1001" draft="unconfirmed">ཨིང་ལིཤ། (ཨ་རི་)</language>
			<language type="es" draft="provisional">ཞི་པན་ཡའི།</language>
			<language type="fr" draft="provisional">ཧྥ་རན་སིའི་།</language>
			<language type="fr" alt="proposed-x1001" draft="unconfirmed">ཧྥ་རན་སིའི་་སྐད།</language>
			<language type="gaa" draft="unconfirmed">གཱ་སྐད།</language>
			<language type="gu" draft="unconfirmed">གུཇ་རཱཏི་སྐད།</language>
			<language type="hi">ཧིན་དི</language>
			<language type="hi" alt="proposed-x1001" draft="unconfirmed">ཧིན་དི་སྐད།</language>
			<language type="hi" alt="proposed-x1002" draft="unconfirmed">རྒྱ་སྐདི།</language>
			<language type="it" draft="provisional">དབྱི་ཏ་་ལའི་མི།</language>
			<language type="it" alt="proposed-x1001" draft="unconfirmed">དབྱི་ཏ་་ལའི་སྐད།</language>
			<language type="ja">རི་པིན་སྐད་</language>
			<language type="ja" alt="proposed-x1001" draft="unconfirmed">རི་པིན་སྐད།</language>
			<language type="la" draft="unconfirmed">ལེ་ཊིན་སྐད།</language>
			<language type="ne">ནེ་པ་ལི</language>
			<language type="ne" alt="proposed-x1001" draft="unconfirmed">ནེ་པཱལི་སྐད།</language>
			<language type="pt" draft="provisional">ཕི་ཐོ་ཡའི།</language>
			<language type="pt_BR" draft="provisional">པ་ཞའི་མི།  ཕི་ཐོ་ཡའི་མི།</language>
			<language type="ru">ཨུ་རུ་སུ་སྐད་</language>
			<language type="und" draft="provisional">མིའི་ཤེས་རྟོགས་མ་བྱུང་བ། ཡང་ན་ཆད་ལྷག་ཅན་གྱི་སྐད་བརྡ།</language>
			<language type="zen" draft="unconfirmed">ཟེ་ན་གཱ་སྐད།</language>
			<language type="zh">རྒྱ་སྐད་</language>
			<language type="zh" alt="proposed-x1001" draft="unconfirmed">རྒྱ་སྐད།</language>
			<language type="zh_Hans" draft="provisional">སྟབས་བརྡའི།  ཀྲུང་གོའི།</language>
			<language type="zh_Hant" draft="provisional">སྲོལ་རྒྱུན་གྱི།</language>
			<language type="zu" draft="unconfirmed">ཟུ་ལུ་སྐད།</language>
			<language type="zun" draft="unconfirmed">ཟུ་ནི་སྐད།</language>
			<language type="zza" draft="unconfirmed">ཟ་ཟཱ་སྐད།</language>
		</languages>
		<scripts>
			<script type="Arab" draft="provisional">འ་ལ་པོའི་སྐད་ཡིག་།</script>
			<script type="Cyrl" draft="provisional">གོ་སའི་ལ་ཧྥུ་སྐད་ཡིག་།</script>
			<script type="Hans" draft="provisional">སླ་བསྡུའི་རྒྱའི་སྐད་ཡིག།</script>
			<script type="Hant" draft="provisional">གནའ་དུས་རྒྱའི་སྐད་ཡིག།</script>
			<script type="Latn" draft="provisional">ལ་ཏིན་སྐད་ཡིག་།</script>
			<script type="Tibt">བོད་ཡིག་</script>
			<script type="Tibt" alt="proposed-x1001" draft="unconfirmed">བོད་ཡིག།</script>
			<script type="Zxxx" draft="provisional">སྙན་བརྒྱུད།  ཡིག་རིགས་སུ་མ་བཀོད་པའི་ཟིན་ཐོ།་</script>
			<script type="Zzzz" draft="provisional">མིའི་ཤེས་རྟོགས་མ་བྱུང་བ། ཡང་ན་ཆད་ལྷག་ཅན་གྱི་ཟིན་བྲིས།</script>
		</scripts>
		<territories>
			<territory type="001" draft="unconfirmed">འཛམ་གླིང་།</territory>
			<territory type="001" alt="proposed-x1001" draft="unconfirmed">འཛམ་གླིང་།</territory>
			<territory type="002" draft="unconfirmed">ཨཕྲི་ཀ།</territory>
			<territory type="002" alt="proposed-x1001" draft="unconfirmed">002</territory>
			<territory type="005" alt="proposed-x1001" draft="unconfirmed">005</territory>
			<territory type="019" draft="unconfirmed">ཨ་མེ་རི་ཀ།</territory>
			<territory type="053" draft="unconfirmed">ཨསྟྲེ་ལི་ཡ་དང་། ནིའུ་ཛི་ལན྄ཌ།</territory>
			<territory type="053" alt="proposed-x1001" draft="unconfirmed">ཨསྟྲེ་ལི་ཡ་དང་། ནིའུ་ཛི་ལན྄ཌ།</territory>
			<territory type="142" draft="unconfirmed">ཨེ་ཤི་ཡ།</territory>
			<territory type="150" draft="unconfirmed">ཡུ་རོབ།</territory>
			<territory type="AD" draft="unconfirmed">ཨེན་ཌོ་ར།</territory>
			<territory type="AD" alt="proposed-x1001" draft="unconfirmed">ཨེན་ཌོ་ར།</territory>
			<territory type="AE" draft="unconfirmed">ཨ་རབ། ཨི་མི་རཊ྄། ཆིག་སྒྲིལ་རྒྱལ་ཁབ།</territory>
			<territory type="AE" alt="proposed-x1001" draft="unconfirmed">ཨ་རབ། ཨི་མི་རཊ྄། ཆིག་སྒྲིལ་རྒྱལ་ཁབ།</territory>
			<territory type="AF" draft="unconfirmed">ཨཕ་ག་ནི་སྟཱན།</territory>
			<territory type="AF" alt="proposed-x1001" draft="unconfirmed">ཨཕ་ག་ནི་སྟཱན།</territory>
			<territory type="AG" draft="unconfirmed">ཨེན་ཊི་གུ་དང་། བྷར་བུ་ཌ།</territory>
			<territory type="AG" alt="proposed-x1001" draft="unconfirmed">ཨེན་ཊི་གུ་དང་། བྷར་བུ་ཌ།</territory>
			<territory type="AI" draft="unconfirmed">ཨང་གུའི་ལ།</territory>
			<territory type="AI" alt="proposed-x1001" draft="unconfirmed">ཨང་གུའི་ལ།</territory>
			<territory type="AL" draft="unconfirmed">ཨལ་བཱ་ནི་ཡ།</territory>
			<territory type="AL" alt="proposed-x1001" draft="unconfirmed">ཨལ་བཱ་ནི་ཡ།</territory>
			<territory type="AM" draft="unconfirmed">ཨར་མེ་ནི་ཡ།</territory>
			<territory type="AO" draft="unconfirmed">ཨང་གཽ་ལ།</territory>
			<territory type="AO" alt="proposed-x1001" draft="unconfirmed">AO</territory>
			<territory type="AQ" draft="unconfirmed">ལྷོ་རྩེའི་མཐའ་གླིང་།</territory>
			<territory type="AQ" alt="proposed-x1001" draft="unconfirmed">ལྷོ་རྩེའི་མཐའ་གླིང་།</territory>
			<territory type="AR" draft="unconfirmed">ཨར་ཇེན་ཊི་ན།</territory>
			<territory type="AR" alt="proposed-x1001" draft="unconfirmed">ཨར་ཇེན་ཊི་ན།</territory>
			<territory type="AT" draft="unconfirmed">ཨསྟྲི་ཡ།</territory>
			<territory type="AT" alt="proposed-x1001" draft="unconfirmed">ཨསྟྲི་ཡ།</territory>
			<territory type="AU" draft="unconfirmed">ཨསྟྲེ་ལི་ཡ།</territory>
			<territory type="AU" alt="proposed-x1001" draft="unconfirmed">ཨསྟྲེ་ལི་ཡ།</territory>
			<territory type="AW" draft="unconfirmed">ཨ་རུ་བ།</territory>
			<territory type="AZ" draft="unconfirmed">ཨཛར་བཡེ་ཇན།</territory>
			<territory type="BA" draft="unconfirmed">བོསྣི་ཡ་དང་ཧརྫོ་གོ་ཝི་ན།</territory>
			<territory type="BA" alt="proposed-x1001" draft="unconfirmed">བོསྣི་ཡ་དང་ཧརྫོ་གོ་ཝི་ན།</territory>
			<territory type="BB" draft="unconfirmed">བཱརྦ་ཌོས྄།</territory>
			<territory type="BD" draft="unconfirmed">བངྒ་ལ་དེཤ།</territory>
			<territory type="BD" alt="proposed-x1001" draft="unconfirmed">བངྒ་ལ་དེཤ།</territory>
			<territory type="BE" draft="unconfirmed">བེལ་ཇི་ཡམ།</territory>
			<territory type="BE" alt="proposed-x1001" draft="unconfirmed">བེལ་ཇི་ཡམ།</territory>
			<territory type="BF" draft="unconfirmed">བརཀི་ན། ཕསོ།</territory>
			<territory type="BG" draft="unconfirmed">བུལ་ག་རི་ཡ།</territory>
			<territory type="BG" alt="proposed-x1001" draft="unconfirmed">བུལ་ག་རི་ཡ།</territory>
			<territory type="BH" draft="unconfirmed">བྷཱ་རེན།</territory>
			<territory type="BI" draft="unconfirmed">བུ་རུན་ཌི།</territory>
			<territory type="BJ" draft="unconfirmed">བཱེ་ནིན།</territory>
			<territory type="BM" draft="unconfirmed">བར་མུ་ཌ།</territory>
			<territory type="BN" draft="unconfirmed">བུ་རུ་ནེ།</territory>
			<territory type="BO" draft="unconfirmed">བོ་ལི་ཝིཡ།</territory>
			<territory type="BO" alt="proposed-x1001" draft="unconfirmed">བོ་ལི་ཝིཡ།</territory>
			<territory type="BR" draft="unconfirmed">བ་རཱ་ཛིལ།</territory>
			<territory type="BR" alt="proposed-x1001" draft="unconfirmed">བ་རཱ་ཛིལ།</territory>
			<territory type="BS" draft="unconfirmed">བྷཱ་མས྄།</territory>
			<territory type="BT" draft="unconfirmed">འབྲུག་ཡུལ།</territory>
			<territory type="BT" alt="proposed-x1001" draft="unconfirmed">འབྲུག་ཡུལ།</territory>
			<territory type="BW" draft="unconfirmed">བོཙ་ཝ་ན།</territory>
			<territory type="BY" draft="unconfirmed">བེ་ལུ་རུ་སུ།</territory>
			<territory type="BZ" draft="unconfirmed">བེ་ལིཛ།</territory>
			<territory type="CA" draft="unconfirmed">ཁེ་ན་ཌ།</territory>
			<territory type="CA" alt="proposed-x1001" draft="unconfirmed">CA</territory>
			<territory type="CI" draft="unconfirmed">ཀོ་ཊེ་ཌི། ཨི་ཝོ་རེ།</territory>
			<territory type="CK" draft="unconfirmed">ཀཱུག གླིང་ཕྲེན་རྒྱལ་ཁབ།</territory>
			<territory type="CL" draft="unconfirmed">ཅི་ལི།</territory>
			<territory type="CL" alt="proposed-x1001" draft="unconfirmed">ཅི་ལི་སྤྱི་མཐུན་རྒྱལ་ཁབ།</territory>
			<territory type="CL" alt="proposed-x1002" draft="unconfirmed">ཅི་ལི་སྤྱི་མཐུན་རྒྱལ་ཁབ།</territory>
			<territory type="CM" draft="unconfirmed">ཀ་མེ་རུན།</territory>
			<territory type="CN">རྒྱ་ནག</territory>
			<territory type="CN" alt="proposed-x1001" draft="unconfirmed">རྒྱ་ནག།</territory>
			<territory type="CO" draft="unconfirmed">ཀོ་ལོམ་བི་ཡ།</territory>
			<territory type="CO" alt="proposed-x1001" draft="unconfirmed">ཀོ་ལོམ་བི་ཡ། སྤྱི་མཐུན་རྒྱལ་ཁབ།</territory>
			<territory type="CO" alt="proposed-x1002" draft="unconfirmed">ཀོ་ལོམ་བི་ཡ། སྤྱི་མཐུན་རྒྱལ་ཁབ།</territory>
			<territory type="CO" references="RP4" alt="proposed-x1003" draft="unconfirmed">ཀོ་ལོམ་བི་ཡ། སྤྱི་མཐུན་རྒྱལ་ཁབ།</territory>
			<territory type="CR" draft="unconfirmed">ཀོ་ས྄ཊ་རི་ཀ།</territory>
			<territory type="CR" alt="proposed-x1001" draft="unconfirmed">ཀོ་ས྄ཊ་རི་ཀ། སྤྱི་མཐུན་རྒྱལ་ཁབ།</territory>
			<territory type="CR" alt="proposed-x1002" draft="unconfirmed">ཀོ་ས྄ཊ་རི་ཀ། སྤྱི་མཐུན་རྒྱལ་ཁབ།</territory>
			<territory type="CU" draft="unconfirmed">ཁྱུའུ་བ།</territory>
			<territory type="CU" alt="proposed-x1001" draft="unconfirmed">ཁྱུའུ་བ། སྤྱི་མཐུན་རྒྱལ་ཁབ།</territory>
			<territory type="CU" alt="proposed-x1002" draft="unconfirmed">ཁྱུའུ་བ། སྤྱི་མཐུན་རྒྱལ་ཁབ།</territory>
			<territory type="CY" draft="unconfirmed">སཱཡེ་པ་རས྄།</territory>
			<territory type="CZ" draft="unconfirmed">ཅཻག་སྤྱི་མཐུན་རྒྱལ་ཁབ།</territory>
			<territory type="DE">འཇར་མན་</territory>
			<territory type="DE" alt="proposed-x1001" draft="unconfirmed">འཇར་མནི།་</territory>
			<territory type="DE" alt="proposed-x1002" draft="unconfirmed">འཇར་མནི།</territory>
			<territory type="DJ" draft="unconfirmed">ཛི་བུ་ཏི།</territory>
			<territory type="DK" draft="unconfirmed">ཌེན་མཱརྐ།</territory>
			<territory type="DK" alt="proposed-x1001" draft="unconfirmed">ཌེན་མཱརྐ་རྒྱལ་ཁབ།</territory>
			<territory type="DM" draft="unconfirmed">ཌོ་མིན་ནི་ཀ།</territory>
			<territory type="DO" draft="unconfirmed">ཌོ་མིནནི་ཀན་སྤྱི་མཐུན་རྒྱལ་ཁབ།</territory>
			<territory type="DZ" draft="unconfirmed">ཨལ་ཇི་རི་ཡ།</territory>
			<territory type="DZ" alt="proposed-x1001" draft="unconfirmed">ཨལ་ཇི་རི་ཡ།</territory>
			<territory type="EC" draft="unconfirmed">ཨི་ཁྭ་ཌོར།</territory>
			<territory type="EE" draft="unconfirmed">ཨིསྟོ་ནི་ཡ།</territory>
			<territory type="EG" draft="unconfirmed">ཨི་ཇིབྚ།</territory>
			<territory type="ER" draft="unconfirmed">ཨེ་རི་ཏྲེ་ཨ།</territory>
			<territory type="ES" draft="unconfirmed">སི་པན།</territory>
			<territory type="ET" draft="unconfirmed">ཨི་ཐིའོ་པི་ཡ།</territory>
			<territory type="FI" draft="unconfirmed">ཕིན་ལན྄ཌ།</territory>
			<territory type="FJ" draft="unconfirmed">ཕི་ཇི།</territory>
			<territory type="FK" draft="unconfirmed">ཕལྐ་ལནྜ་གླིང་ཕྲན།</territory>
			<territory type="FR" draft="unconfirmed">ཕ་རཱན་སི།</territory>
			<territory type="GA" draft="unconfirmed">གེ་བཽན།</territory>
			<territory type="GB">དབྱིན་ཇི་</territory>
			<territory type="GB" alt="proposed-x1001" draft="unconfirmed">གྷ྄རེཊ྄་བྲཱི་ཊེན། དང༌། བྱང་ཨ་ཡར་ལན྄ད། ཆིག་སྒྲིལ་རྒྱལ་ཁབ།</territory>
			<territory type="GB" alt="proposed-x1002" draft="unconfirmed">ཆིག་སྒྲིལ་རྒྱལ་ཁམས།</territory>
			<territory type="GB" alt="proposed-x1003" draft="unconfirmed">གྷ྄རེཊ྄་བྲཱི་ཊེན།</territory>
			<territory type="GD" draft="unconfirmed">གྷ་རི་ན་ཌ།</territory>
			<territory type="GE" draft="unconfirmed">ཇོར་ཇི་ཡ།</territory>
			<territory type="GH" draft="unconfirmed">གྷ་ན།</territory>
			<territory type="GI" draft="unconfirmed">ཇིབ་རཱལ་ཊར།</territory>
			<territory type="GM" draft="unconfirmed">གྷམ་བི་ཡ།</territory>
			<territory type="GN" draft="unconfirmed">གྷི་ནི་ཡ།</territory>
			<territory type="GR" draft="unconfirmed">གྷི་རཱི་སི།</territory>
			<territory type="GT" draft="unconfirmed">གྷོ་ཊེ་མ་ལ།</territory>
			<territory type="GW" draft="unconfirmed">གྷི་ནི་ཡ་བིས྄་སོ།</territory>
			<territory type="GY" draft="unconfirmed">གྷུ་ཡཱ་ན།</territory>
			<territory type="HK" alt="short" draft="unconfirmed">ཧོང་ཀོང༌།</territory>
			<territory type="HN" draft="unconfirmed">ཧོན་དུ་རས྄།</territory>
			<territory type="HR" draft="unconfirmed">ཀུརོ་ཤི་ཡ།</territory>
			<territory type="HR" alt="proposed-x1001" draft="unconfirmed">ཀུརོ་ཤི་ཡ། སྤྱི་མཐུན་རྒྱལ་ཁབ།</territory>
			<territory type="HR" alt="proposed-x1002" draft="unconfirmed">ཀུརོ་ཤི་ཡ། སྤྱི་མཐུན་རྒྱལ་ཁབ།</territory>
			<territory type="HT" draft="unconfirmed">ཧེ་ཏི།</territory>
			<territory type="HU" draft="unconfirmed">ཧངྒ་རི།</territory>
			<territory type="ID" draft="unconfirmed">ཨིན་ཌོ་ནེ་ཤི་ཡ།</territory>
			<territory type="IE" draft="unconfirmed">ཨ་ཡར་ལནཌ།</territory>
			<territory type="IL" draft="unconfirmed">ཨི་ཛ྄་རེལ།</territory>
			<territory type="IN">རྒྱ་གར་</territory>
			<territory type="IN" alt="proposed-x1001" draft="unconfirmed">རྒྱ་གར།</territory>
			<territory type="IN" alt="proposed-x1002" draft="unconfirmed">རྒྱ་གར། སྤྱིན་མཐུན་རྒྱལ་ཁབ།</territory>
			<territory type="IQ" draft="unconfirmed">ཨི་རག།</territory>
			<territory type="IR" draft="unconfirmed">ཨི་རཱན།</territory>
			<territory type="IS" draft="unconfirmed">ཨ་ཨི་སི་ལནད།</territory>
			<territory type="IT">ཨི་ཀྲར་ལི་</territory>
			<territory type="IT" alt="proposed-x1001" draft="unconfirmed">ཨི་ཊ་ལི།</territory>
			<territory type="IT" alt="proposed-x1002" draft="unconfirmed">ཨི་ཊ་ལི།</territory>
			<territory type="JM" draft="unconfirmed">ཛ་མེ་ཀ།</territory>
			<territory type="JO" draft="unconfirmed">ཇོར་ཌན།</territory>
			<territory type="JP">རི་པིན་</territory>
			<territory type="JP" alt="proposed-x1001" draft="unconfirmed">ཉི་ཧོང༌།</territory>
			<territory type="JP" alt="proposed-x1002" draft="unconfirmed">ཇ་པཱན།</territory>
			<territory type="KE" draft="unconfirmed">ཁེན་ཉི་ཡ།</territory>
			<territory type="KG" draft="unconfirmed">ཁིར་གིཛ་སྟཱན།</territory>
			<territory type="KH" draft="unconfirmed">ཀམ་བོ་ཌི་ཡ།</territory>
			<territory type="KH" alt="proposed-x1001" draft="unconfirmed">ཀམ་པུ་ཅི་ཡ།</territory>
			<territory type="KI" draft="unconfirmed">ཀི་རི་བཱ་ཏི།</territory>
			<territory type="KN" draft="unconfirmed">སེནྚ། ཀིཊྚས྄། དང༌། ནེ་བིས྄།</territory>
			<territory type="KR" draft="unconfirmed">ཀོ་རི་ཡ། ལྷོ་མ།</territory>
			<territory type="KR" alt="proposed-x1001" draft="unconfirmed">ཀོ་རི་ཡ། ལྷོ་མ།</territory>
			<territory type="KW" draft="unconfirmed">ཀུ་ཝེད་རྒྱལ་ཁབ།</territory>
			<territory type="KY" draft="unconfirmed">ཁེ་མེན་གླིང་ཕྲན།</territory>
			<territory type="KZ" draft="unconfirmed">ཁ་ཛཱག་སྟཱན།</territory>
			<territory type="LA" draft="unconfirmed">ལཱ་འོས།</territory>
			<territory type="LB" draft="unconfirmed">ལེབ་ནོན།</territory>
			<territory type="LC" draft="unconfirmed">སེནྚ། ལུ་ཤི་ཡ།</territory>
			<territory type="LI" draft="unconfirmed">ལེག་ཏེན་ཚིན།</territory>
			<territory type="LK" draft="unconfirmed">ཤྲཱི་ལང་ཀ།</territory>
			<territory type="LR" draft="unconfirmed">ལི་བེ་རི་ཡ།</territory>
			<territory type="LS" draft="unconfirmed">ལེ་སོ་ཐོ།</territory>
			<territory type="LT" draft="unconfirmed">ལི་ཐུ་ཨེ་ནི་ཡ།</territory>
			<territory type="LU" draft="unconfirmed">ལཀ་ཛམ་བོརྒ།</territory>
			<territory type="LV" draft="unconfirmed">ལཏ་བི་ཡ།</territory>
			<territory type="LY" draft="unconfirmed">ལི་བི་ཡ།</territory>
			<territory type="MA" draft="unconfirmed">མོ་རོ་ཀྐོ།</territory>
			<territory type="MA" alt="proposed-x1001" draft="unconfirmed">མོངྒོ་ལི་ཡ།</territory>
			<territory type="MC" draft="unconfirmed">མོ་ན་ཀོ།</territory>
			<territory type="MG" draft="unconfirmed">མ་དཱ་གྷསྐཱར།</territory>
			<territory type="MH" draft="unconfirmed">མཱར་ཤལ་གླིང་ཕྲེན།</territory>
			<territory type="ML" draft="unconfirmed">མ་ལི།</territory>
			<territory type="ML" alt="proposed-x1001" draft="unconfirmed">མ་ལི། སྤྱི་མཐུན་རྒྱལ་ཁབ།</territory>
			<territory type="MM" draft="unconfirmed">འབར་མ།</territory>
			<territory type="MN" draft="unconfirmed">སོག་ཡུལ།</territory>
			<territory type="MN" alt="proposed-x1001" draft="unconfirmed">མོངྒོ་ལི་ཡ།</territory>
			<territory type="MO" alt="short" draft="unconfirmed">མེ་ཀའོ།</territory>
			<territory type="MR" draft="unconfirmed">མཽ་རི་ཏ་ནི་ཡ།</territory>
			<territory type="MT" draft="unconfirmed">མལ་ཊ།</territory>
			<territory type="MU" draft="unconfirmed">མཽ་རིཤས྄།</territory>
			<territory type="MV" draft="unconfirmed">མལ་དྭིབ།</territory>
			<territory type="MW" draft="unconfirmed">མཱ་ལཱ་ཝི།</territory>
			<territory type="MX" draft="unconfirmed">མེཀ་སི་ཀོ།</territory>
			<territory type="MY" draft="unconfirmed">མ་ལེ་ཤི་ཡ།</territory>
			<territory type="MZ" draft="unconfirmed">མོ་ཛམ་བིག།</territory>
			<territory type="NA" draft="unconfirmed">ན་མི་བི་ཡ།</territory>
			<territory type="NE" draft="unconfirmed">ནའི་ཇར།</territory>
			<territory type="NG" draft="unconfirmed">ནཱའི་ཇི་རི་ཡ།</territory>
			<territory type="NI" draft="unconfirmed">ནི་ཀ་ར་གུ་ཨ།</territory>
			<territory type="NL" draft="unconfirmed">ནེ་ཐར་ལནྜ།</territory>
			<territory type="NO" draft="unconfirmed">ནོར་ཝེ།</territory>
			<territory type="NP">བར་ཡུལ་</territory>
			<territory type="NP" alt="proposed-x1001" draft="unconfirmed">བལ་ཡུལ།</territory>
			<territory type="NP" alt="proposed-x1002" draft="unconfirmed">ནེ་པཱལ།</territory>
			<territory type="NP" alt="proposed-x1003" draft="unconfirmed">བལ་ཡུལ།</territory>
			<territory type="NR" draft="unconfirmed">ནཽ་རུ།</territory>
			<territory type="NU" draft="unconfirmed">ནིའུ་ཝ།</territory>
			<territory type="NZ" draft="unconfirmed">ནིའུ་ཛི་ལན྄ཌ།</territory>
			<territory type="NZ" alt="proposed-x1001" draft="unconfirmed">ནིའུ་ཛི་ལན྄ཌ།</territory>
			<territory type="OM" draft="unconfirmed">ཨོ་མན།</territory>
			<territory type="PA" draft="unconfirmed">པ་ནཱ་མ།</territory>
			<territory type="PE" draft="unconfirmed">པེ་རུ།</territory>
			<territory type="PG" draft="unconfirmed">པ་པུ་ཨ། ནིའུ། གྷི་ནི།</territory>
			<territory type="PH" draft="unconfirmed">ཕི་ལི་པིནས྄།</territory>
			<territory type="PK" draft="unconfirmed">པཀི་སྟཱན།</territory>
			<territory type="PL" draft="unconfirmed">པོ་ལནྜ།</territory>
			<territory type="PT" draft="unconfirmed">པོར་ཏུ་གྷལ།</territory>
			<territory type="PW" draft="unconfirmed">པ་ལཽ།</territory>
			<territory type="PY" draft="unconfirmed">པཱ་ར་གེ།</territory>
			<territory type="QA" draft="unconfirmed">ཀ་ཏཱར།</territory>
			<territory type="RO" draft="unconfirmed">རོ་མཱ་ནིཡ།</territory>
			<territory type="RS" draft="unconfirmed">སེར་བི་ཡ།</territory>
			<territory type="RU">ཨུ་རུ་སུ་</territory>
			<territory type="RU" alt="proposed-x1001" draft="unconfirmed">ཨུ་རུ་སུ།</territory>
			<territory type="RU" alt="proposed-x1002" draft="unconfirmed">ཨུ་རུ་སུ།</territory>
			<territory type="RW" draft="unconfirmed">རུ་ཝན་ཌ།</territory>
			<territory type="SA" draft="unconfirmed">སཽ་དྷི་ཨ་རཱ་བི་ཡ།</territory>
			<territory type="SB" draft="unconfirmed">སོ་ལོ་མོན། གླིང་ཕྲན་ཚོ་ཁག།</territory>
			<territory type="SC" draft="unconfirmed">སཱ་ཤཻལ།</territory>
			<territory type="SD" draft="unconfirmed">སུ་དཱན།</territory>
			<territory type="SG" draft="unconfirmed">སིངྒ་པུར།</territory>
			<territory type="SG" alt="proposed-x1001" draft="unconfirmed">སིངྒ་པུར།</territory>
			<territory type="SH" draft="unconfirmed">སེནྚ། ཧེ་ལི་ན།</territory>
			<territory type="SI" draft="unconfirmed">ས་ལཽ་ཝེ་ནི་ཡ།</territory>
			<territory type="SK" draft="unconfirmed">ས་ལཽ་ཝཀྱ།</territory>
			<territory type="SL" draft="unconfirmed">སེ་ཡར་ར། ལིའོན།</territory>
			<territory type="SL" alt="proposed-x1001" draft="unconfirmed">སེ་ཡར་ར། ལིའོན།</territory>
			<territory type="SM" draft="unconfirmed">སན་མེ་རི་ནོ།</territory>
			<territory type="SN" draft="unconfirmed">སེ་ནི་གྷལ།</territory>
			<territory type="SO" draft="unconfirmed">སོ་མཱལི་ཡ།</territory>
			<territory type="SO" alt="proposed-x1001" draft="unconfirmed">སོ་མཱལི་ཡ།</territory>
			<territory type="SR" draft="unconfirmed">སུ་རི་ནཱམ།</territory>
			<territory type="ST" draft="unconfirmed">ས་འོ་ཏོད་མད། དང༌། པ྄རིན་སི་པེ།</territory>
			<territory type="SV" draft="unconfirmed">ཨེལ། སཱལ་ཝ་ཌོར།</territory>
			<territory type="TD" draft="unconfirmed">ཅཻཌ།</territory>
			<territory type="TR" draft="unconfirmed">ཏུརཀི།</territory>
			<territory type="TR" alt="proposed-x1001" draft="unconfirmed">ཏུརཀི།</territory>
			<territory type="TV" draft="unconfirmed">ཐུ་ཝ་ལུ།</territory>
			<territory type="TV" alt="proposed-x1001" draft="unconfirmed">ཐུ་ཝ་ལུ།</territory>
			<territory type="UA" draft="unconfirmed">ཡུ་ཀརེན།</territory>
			<territory type="UA" alt="proposed-x1001" draft="unconfirmed">ཡུ་ཀརེན།</territory>
			<territory type="UG" draft="unconfirmed">ཡུ་གན་ཌ།</territory>
			<territory type="US">ཨ་མེ་རི་ཀ་</territory>
			<territory type="US" alt="proposed-x1001" draft="unconfirmed">ཨ་རི་ཆིག་སྒྲིལ་རྒྱལ་ཁབ།</territory>
			<territory type="US" alt="proposed-x1002" draft="unconfirmed">ཨ་རི་ཆིག་སྒྲིལ་རྒྱལ་ཁབ།</territory>
			<territory type="UY" draft="unconfirmed">ཨུ་རུ་གྷེ།</territory>
			<territory type="UY" alt="proposed-x1001" draft="unconfirmed">ཨུ་རུ་གྷེ།</territory>
			<territory type="UZ" draft="unconfirmed">ཨུཛ་བེ་ཀིསྟཱན།</territory>
			<territory type="UZ" alt="proposed-x1001" draft="unconfirmed">ཨུཛ་བེ་ཀིསྟཱན།</territory>
			<territory type="VA" draft="unconfirmed">ཝེ་ཊི་ཀན།</territory>
			<territory type="VA" alt="proposed-x1001" draft="unconfirmed">དམ་པའི་རྒྱལ་ཁམས།</territory>
			<territory type="VC" draft="unconfirmed">སེནྚ། ཝིན་སན། དང༌། གྷིརིན་ཌིན།</territory>
			<territory type="VE" draft="unconfirmed">ཝེ་ནི་ཛུའེ་ལ།</territory>
			<territory type="VE" alt="proposed-x1001" draft="unconfirmed">ཝེ་ནི་ཛུའེ་ལ།</territory>
			<territory type="VN" draft="unconfirmed">ཝེད་ནམ།</territory>
			<territory type="VN" alt="proposed-x1001" draft="unconfirmed">ཝེད་ནམ།</territory>
			<territory type="VU" draft="unconfirmed">ཝ་ནུ་ཨ་ཐུ།</territory>
			<territory type="VU" alt="proposed-x1001" draft="unconfirmed">ཝ་ནུ་ཨ་ཐུ།</territory>
			<territory type="WS" draft="unconfirmed">ནུ་བ་ས་མོ་འ།</territory>
			<territory type="YE" draft="unconfirmed">ཡེ་མེན།</territory>
			<territory type="YE" alt="proposed-x1001" draft="unconfirmed">ཡེ་མེན།</territory>
			<territory type="ZA" draft="unconfirmed">ལྷོ་ ཨཕྲི་ཀ།</territory>
			<territory type="ZA" alt="proposed-x1001" draft="unconfirmed">ལྷོ་ ཨཕྲི་ཀ།</territory>
			<territory type="ZM" draft="unconfirmed">ཛམ་བི་ཡ།</territory>
			<territory type="ZM" alt="proposed-x1001" draft="unconfirmed">ཛམ་བི་ཡ།</territory>
			<territory type="ZW" draft="unconfirmed">ཛིམ་བྷཱ་བེ།</territory>
			<territory type="ZW" alt="proposed-x1001" draft="unconfirmed">ཛིམ་བྷཱ་བེ།</territory>
			<territory type="ZZ">མིའི་ཤེས་རྟོགས་མ་བྱུང་བའི་ཁོར་ཡུག</territory>
			<territory type="ZZ" alt="proposed-x1001" draft="unconfirmed">མི་ཤེས་པའམ་ཕན་མེད་ཀྱི་ས་ཁུལ།</territory>
		</territories>
		<types>
			<type type="gregorian" key="calendar">gregorian</type>
			<type type="gregorian" key="calendar" alt="proposed-x1001" draft="unconfirmed">ལི་ཐོ།</type>
		</types>
		<measurementSystemNames>
			<measurementSystemName type="US" draft="unconfirmed">ཨ་མེ་རི་ཀའི།</measurementSystemName>
			<measurementSystemName type="metric">Metric</measurementSystemName>
			<measurementSystemName type="metric" alt="proposed-x1001" draft="unconfirmed">བཅུ་རྩིས་ཀྱི།</measurementSystemName>
		</measurementSystemNames>
	</localeDisplayNames>
	<characters>
		<exemplarCharacters>[ཾ ཿ ་ ། ༎ ༠-༩ ཀ {ཀྵ} ྐ {ྐྵ} ཁ ྑ ག {གྷ} ྒ {ྒྷ} ང ྔ ཅ ྕ ཆ ྖ ཇ ྗ ཉ ྙ ཊ ྚ ཋ ྛ ཌ {ཌྷ} ྜ {ྜྷ} ཎ ྞ ཏ ྟ ཐ ྠ ད {དྷ} ྡ {ྡྷ} ན ྣ པ ྤ ཕ ྥ བ {བྷ} ྦ {ྦྷ} མ ྨ ཙ ྩ ཚ ྪ ཛ {ཛྷ} ྫ {ྫྷ} ཝ ྭ ྺ ཞ ྮ ཟ ྯ འ ྰ ཡ ྱ ྻ ར ཪ ྲ ྼ ལ ླ ཤ ྴ ཥ ྵ ས ྶ ཧ ྷ ཨ ྸ ཱ ི {ཱི} ྀ {ཱྀ} ུ {ཱུ} {ྲྀ} ཷ {ླྀ} ཹ-ཽ ྄ \u0F70]</exemplarCharacters>
		<exemplarCharacters type="auxiliary">[ༀ]</exemplarCharacters>
		<exemplarCharacters type="auxiliary" alt="proposed-x1001" draft="unconfirmed">[་ ། ཨ ི ུ ེ ོ]</exemplarCharacters>
		<exemplarCharacters type="auxiliary" alt="proposed-x1002" draft="unconfirmed">[ྂ ྃ ྅ ༁ ྰ ༀ ྈ ྉ]</exemplarCharacters>
		<exemplarCharacters type="auxiliary" alt="proposed-x1003" draft="unconfirmed">[༄-༇ ༁-༃ ༀ]</exemplarCharacters>
		<exemplarCharacters alt="proposed-x1001" draft="unconfirmed">[ཾ ་ ། ༎ ༠-༩ ཀ {ཀྵ} ྐ {ྐྵ} ཁ ྑ ག {གྷ} ྒ {ྒྷ} ང ྔ ཅ ྕ ཆ ྖ ཇ ྗ ཉ ྙ ཊ ྚ ཋ ྛ ཌ {ཌྷ} ྜ {ྜྷ} ཎ ྞ ཏ ྟ ཐ ྠ ད {དྷ} ྡ {ྡྷ} ན ྣ པ ྤ ཕ ྥ བ {བྷ} ྦ {ྦྷ} མ ྨ ཙ ྩ ཚ ྪ ཛ {ཛྷ} ྫ {ྫྷ} ཝ ྭ ྺ ཞ ྮ ཟ ྯ འ ྰ ཡ ྱ ྻ ར ཪ ྲ ྼ ལ ླ ཤ ྴ ཥ ྵ ས ྶ ཧ ྷ ཨ ྸ ཱ ི ུ ེ-ཽ ྄ \u0F48 \u0F98]</exemplarCharacters>
		<exemplarCharacters alt="proposed-x1002" draft="unconfirmed">[ཾ ་ ། ༎ ༠-༩ ཀ {ཀྵ} ྐ {ྐྵ} ཁ ྑ ག {གྷ} ྒ {ྒྷ} ང ྔ ཅ ྕ ཆ ྖ ཇ ྗ ཉ ྙ ཊ ྚ ཋ ྛ ཌ {ཌྷ} ྜ {ྜྷ} ཎ ྞ ཏ ྟ ཐ ྠ ད {དྷ} ྡ {ྡྷ} ན ྣ པ ྤ ཕ ྥ བ {བྷ} ྦ {ྦྷ} མ ྨ ཙ ྩ ཚ ྪ ཛ {ཛྷ} ྫ {ྫྷ} ཝ ྭ ྺ ཞ ྮ ཟ ྯ འ ྰ ཡ ྱ ྻ ར ཪ ྲ ྼ ལ ླ ཤ ྴ ཥ ྵ ས ྶ ཧ ྷ ཨ ྸ ཱ ི ྀ ུ ཷ ཹ-ཽ ྄ \u0F48 \u0F98]</exemplarCharacters>
		<exemplarCharacters alt="proposed-x1003" draft="unconfirmed">[་ ཀ-ག ང-ཇ ཉ ཏ-ད ན-བ མ-ཛ ཝ-ཤ ས-ཨ]</exemplarCharacters>
		<exemplarCharacters alt="proposed-x1004" draft="unconfirmed">[ཾ ཿ ་-། ཀ {ཀྵ} ྐ {ྐྵ} ཁ ྑ ག {གྷ} ྒ {ྒྷ} ང ྔ ཅ ྕ ཆ ྖ ཇ ྗ ཉ ྙ ཊ ྚ ཋ ྛ ཌ {ཌྷ} ྜ {ྜྷ} ཎ ྞ ཏ ྟ ཐ ྠ ད {དྷ} ྡ {ྡྷ} ན ྣ པ ྤ ཕ ྥ བ {བྷ} ྦ {ྦྷ} མ ྨ ཙ ྩ ཚ ྪ ཛ {ཛྷ} ྫ {ྫྷ} ཝ ྭ ྺ ཞ ྮ ཟ ྯ འ ཡ ྱ ྻ ར ཪ ྲ ྼ ལ ླ ཤ ྴ ཥ ྵ ས ྶ ཧ ྷ ཨ ྸ ཱ ི {ཱི} ྀ ུ {ཱུ} ེ-ཽ ྄ \u0F48]</exemplarCharacters>
	</characters>
	<dates>
		<calendars>
			<calendar type="gregorian">
				<months>
					<monthContext type="format">
						<monthWidth type="abbreviated">
							<month type="1">ཟླ་༡</month>
							<month type="2">ཟླ་༢</month>
							<month type="3">ཟླ་༣</month>
							<month type="4">ཟླ་༤</month>
							<month type="5">ཟླ་༥</month>
							<month type="6">ཟླ་༦</month>
							<month type="7">ཟླ་༧</month>
							<month type="8">ཟླ་༨</month>
							<month type="9">ཟླ་༩</month>
							<month type="10">ཟླ་༡༠</month>
							<month type="11">ཟླ་༡༡</month>
							<month type="12">ཟླ་༡༢</month>
						</monthWidth>
						<monthWidth type="wide">
							<month type="1">ཟླ་བ་དང་པོ་</month>
							<month type="2">ཟླ་བ་གཉིས་པ་</month>
							<month type="3">ཟླ་བ་སུམ་པ་</month>
							<month type="4">ཟླ་བ་བཞི་པ་</month>
							<month type="5">ཟླ་བ་ལྔ་པ་</month>
							<month type="6">ཟླ་བ་དྲུག་པ་</month>
							<month type="7">ཟླ་བ་བདུན་པ་</month>
							<month type="8">ཟླ་བ་བརྒྱད་པ་</month>
							<month type="9">ཟླ་བ་དགུ་པ་</month>
							<month type="10">ཟླ་བ་བཅུ་པ་</month>
							<month type="11">ཟླ་བ་བཅུ་གཅིག་པ་</month>
							<month type="12">ཟླ་བ་བཅུ་གཉིས་པ་</month>
						</monthWidth>
					</monthContext>
					<monthContext type="stand-alone">
						<monthWidth type="wide">
							<month type="1" draft="unconfirmed">ཟླ་བ་དང་པོ།</month>
							<month type="2" draft="unconfirmed">ཟླ་བ་གཉིས་པ།</month>
							<month type="3" draft="unconfirmed">ཟླ་བ་སུམ་པ།</month>
							<month type="4" draft="unconfirmed">ཟླ་བ་བཞི་པ།</month>
							<month type="5" draft="unconfirmed">ཟླ་བ་ལྔ་པ།</month>
							<month type="6" draft="unconfirmed">ཟླ་བ་དྲུག་པ།</month>
							<month type="7" draft="unconfirmed">ཟླ་བ་བདུན་པ།</month>
							<month type="8" draft="unconfirmed">ཟླ་བ་བརྒྱད་པ།</month>
							<month type="9" draft="unconfirmed">ཟླ་བ་དགུ་པ།</month>
							<month type="10">ཟླ་བ་བཅུ་པ་</month>
							<month type="11" draft="unconfirmed">ཟླ་བ་བཅུ་གཅིག་པ།</month>
							<month type="12" draft="unconfirmed">ཟླ་བ་བཅུ་གཉིས་།</month>
						</monthWidth>
					</monthContext>
				</months>
				<days>
					<dayContext type="format">
						<dayWidth type="abbreviated">
							<day type="sun">ཉི་མ་</day>
							<day type="mon">ཟླ་བ་</day>
							<day type="tue">མིག་དམར་</day>
							<day type="wed">ཧླག་པ་</day>
							<day type="thu">ཕུར་བུ་</day>
							<day type="fri">སངས་</day>
							<day type="sat">སྤེན་པ་</day>
						</dayWidth>
						<dayWidth type="narrow">
							<day type="sun">ཉི</day>
							<day type="mon">ཟླ</day>
							<day type="tue">མི</day>
							<day type="wed">ཧླ</day>
							<day type="thu">ཕུ</day>
							<day type="fri">ས</day>
							<day type="sat">སྤེ</day>
						</dayWidth>
						<dayWidth type="wide">
							<day type="sun">གཟའ་ཉི་མ་</day>
							<day type="mon">གཟའ་ཟླ་བ་</day>
							<day type="tue">གཟའ་མིག་དམར་</day>
							<day type="wed">གཟའ་ཧླག་པ་</day>
							<day type="thu">གཟའ་ཕུར་བུ་</day>
							<day type="fri">གཟའ་སངས་</day>
							<day type="sat">གཟའ་སྤེན་པ་</day>
						</dayWidth>
					</dayContext>
					<dayContext type="stand-alone">
						<dayWidth type="narrow">
							<day type="sun">ཉི</day>
							<day type="mon">ཟླ</day>
							<day type="tue">མི</day>
							<day type="wed">ཧླ</day>
							<day type="thu">ཕུ</day>
							<day type="fri">ས</day>
							<day type="sat">སྤེ</day>
						</dayWidth>
						<dayWidth type="wide">
							<day type="sun">གཟའ་ཉི་མ་</day>
							<day type="mon">གཟའ་ཟླ་བ་</day>
							<day type="tue">གཟའ་མིག་དམར་</day>
							<day type="wed">གཟའ་ཧླག་པ་</day>
							<day type="thu">གཟའ་ཕུར་བུ་</day>
							<day type="fri">གཟའ་སངས་</day>
							<day type="sat">གཟའ་སྤེན་པ་</day>
						</dayWidth>
					</dayContext>
				</days>
				<quarters>
					<quarterContext type="format">
						<quarterWidth type="abbreviated">
							<quarter type="1" draft="provisional">དུས་ཚིགས་དང་པོ།</quarter>
							<quarter type="2" draft="provisional">དུས་ཚིགས་གཉིས་པ།</quarter>
							<quarter type="3" draft="provisional">་དུས་ཚིགས་གསུམ་པ།</quarter>
							<quarter type="4" draft="provisional">དུས་ཚིགས་བཞི་པ།</quarter>
						</quarterWidth>
						<quarterWidth type="narrow">
							<quarter type="1" alt="proposed-x1001" draft="unconfirmed">དུས་ཚིགས་དང་པོ།</quarter>
							<quarter type="2" alt="proposed-x1001" draft="unconfirmed">དུས་ཚིགས་གཉིས་པ།</quarter>
							<quarter type="3" alt="proposed-x1001" draft="unconfirmed">་དུས་ཚིགས་གསུམ་པ།</quarter>
							<quarter type="3" alt="proposed-x1002" draft="unconfirmed">དུས་ཚིགས་གསུམ་པ།</quarter>
							<quarter type="4" alt="proposed-x1001" draft="unconfirmed">དུས་ཚིགས་བཞི་པ།</quarter>
						</quarterWidth>
						<quarterWidth type="wide">
							<quarter type="1" draft="provisional">དུས་ཚིགས་དང་པོ།</quarter>
							<quarter type="2" draft="provisional">དུས་ཚིགས་གཉིས་པ།</quarter>
							<quarter type="3" draft="provisional">་དུས་ཚིགས་གསུམ་པ།</quarter>
							<quarter type="4" draft="provisional">དུས་ཚིགས་བཞི་པ།</quarter>
						</quarterWidth>
					</quarterContext>
					<quarterContext type="stand-alone">
						<quarterWidth type="narrow">
							<quarter type="1">1</quarter>
							<quarter type="1" alt="proposed-x1001" draft="unconfirmed">དུས་ཚིགས་དང་པོ།</quarter>
							<quarter type="2">2</quarter>
							<quarter type="2" alt="proposed-x1001" draft="unconfirmed">དུས་ཚིགས་གཉིས་པ།</quarter>
							<quarter type="3">3</quarter>
							<quarter type="3" alt="proposed-x1001" draft="unconfirmed">དུས་ཚིགས་གསུམ་པ།</quarter>
							<quarter type="3" alt="proposed-x1002" draft="unconfirmed">་དུས་ཚིགས་གསུམ་པ།</quarter>
							<quarter type="4">4</quarter>
							<quarter type="4" alt="proposed-x1001" draft="unconfirmed">དུས་ཚིགས་བཞི་པ།</quarter>
						</quarterWidth>
						<quarterWidth type="wide">
							<quarter type="1" draft="provisional">དུས་ཚིགས་དང་པོ།</quarter>
							<quarter type="2" draft="provisional">དུས་ཚིགས་གཉིས་པ།</quarter>
							<quarter type="3" draft="provisional">་དུས་ཚིགས་གསུམ་པ།</quarter>
							<quarter type="4" draft="provisional">དུས་ཚིགས་བཞི་པ།</quarter>
						</quarterWidth>
					</quarterContext>
				</quarters>
				<am>སྔ་དྲོ་</am>
				<pm>ཕྱི་དྲོ་</pm>
				<eras>
					<eraNames>
						<era type="0" draft="contributed">སྤྱི་ལོ་སྔོན།</era>
						<era type="1" draft="contributed">སྤྱི་ལོ།</era>
					</eraNames>
					<eraAbbr>
						<era type="0" draft="contributed">སྤྱི་ལོ་སྔོན།</era>
						<era type="1" draft="contributed">སྤྱི་ལོ།</era>
					</eraAbbr>
					<eraNarrow>
						<era type="0" draft="contributed">སྤྱི་ལོ་སྔོན།</era>
						<era type="1" draft="contributed">སྤྱི་ལོ།</era>
					</eraNarrow>
				</eras>
				<dateFormats>
					<dateFormatLength type="long">
						<dateFormat>
							<pattern>སྦྱི་ལོ་yyyy MMMMའི་ཙེས་dད</pattern>
						</dateFormat>
					</dateFormatLength>
					<dateFormatLength type="medium">
						<dateFormat>
							<pattern>yyyy ལོ་འི་MMMཙེས་d</pattern>
						</dateFormat>
					</dateFormatLength>
				</dateFormats>
				<fields>
					<field type="era">
						<displayName draft="provisional">ལོ་རིམ།</displayName>
					</field>
					<field type="year">
						<displayName draft="contributed">ལོ།</displayName>
					</field>
					<field type="month">
						<displayName>ཟླ་བ་</displayName>
					</field>
					<field type="week">
						<displayName draft="provisional">གཟའ་འཁོར།</displayName>
					</field>
					<field type="day">
						<displayName draft="contributed">ཉིན།</displayName>
						<relative type="0">དེ་རིང་</relative>
						<relative type="1">སང་ཉིན་</relative>
						<relative type="1" alt="proposed-x1001" draft="unconfirmed">གནང་ཁ་</relative>
						<relative type="2">གནངས་ཉིན་ཀ་</relative>
						<relative type="2" alt="proposed-x1001" draft="unconfirmed">གནང་ཉིན་</relative>
						<relative type="-1">ཁས་ས་</relative>
						<relative type="-1" alt="proposed-x1001" draft="unconfirmed">ཁ་སང་</relative>
						<relative type="-2">ཁས་ཉིན་ཀ་</relative>
						<relative type="-2" alt="proposed-x1001" draft="unconfirmed">ཁེ་ཉིན་མོ་</relative>
					</field>
					<field type="weekday">
						<displayName draft="provisional">གཟའ་འཁོར་གཅིག</displayName>
					</field>
					<field type="dayperiod">
						<displayName draft="provisional">སྔ་དྲོ།   ཕྱི་དྲོ།</displayName>
						<displayName alt="proposed-x1001" draft="unconfirmed">སྔ་དྲོ།</displayName>
					</field>
					<field type="hour">
						<displayName>ཆུ་ཙོ་</displayName>
						<displayName alt="proposed-x1001" draft="unconfirmed">ཆུ་ཚོད་</displayName>
					</field>
					<field type="minute">
						<displayName draft="contributed">སྐར་མ།</displayName>
					</field>
					<field type="second">
						<displayName draft="contributed">སྐར་ཆ།</displayName>
					</field>
					<field type="zone">
						<displayName draft="contributed">དུས་ཚོད།</displayName>
					</field>
				</fields>
			</calendar>
		</calendars>
		<timeZoneNames>
			<zone type="Etc/Unknown">
				<exemplarCity>མ་རྟོགས་པ</exemplarCity>
				<exemplarCity alt="proposed-x1001" draft="unconfirmed">མི་ཤེས་པའམ་ཕན་མེད་ཀྱི་ཤོག་དངུལ།</exemplarCity>
				<exemplarCity alt="proposed-x1002" draft="unconfirmed">མི་ཤེས་པའི་དུས་ཁུལ།</exemplarCity>
			</zone>
		</timeZoneNames>
	</dates>
	<numbers>
		<symbols>
			<decimal draft="provisional">.</decimal>
			<group draft="contributed">,</group>
			<nativeZeroDigit draft="unconfirmed">༠</nativeZeroDigit>
			<nativeZeroDigit alt="proposed-x1001" draft="unconfirmed">贐繻︽贀纊︽</nativeZeroDigit>
			<nan>ཨང་མེན་</nan>
		</symbols>
		<decimalFormats>
			<decimalFormatLength>
				<decimalFormat>
					<pattern draft="unconfirmed">#,##0.###</pattern>
				</decimalFormat>
			</decimalFormatLength>
		</decimalFormats>
		<percentFormats>
			<percentFormatLength>
				<percentFormat>
					<pattern draft="contributed">#,##0%</pattern>
				</percentFormat>
			</percentFormatLength>
		</percentFormats>
		<currencyFormats>
			<currencyFormatLength>
				<currencyFormat>
					<pattern draft="unconfirmed">¤ #,##0.00</pattern>
				</currencyFormat>
			</currencyFormatLength>
		</currencyFormats>
		<currencies>
			<currency type="CNY">
				<displayName>ཡུ་ཨན་</displayName>
				<displayName alt="proposed-x1001" draft="unconfirmed">ཡུ་ཨན།</displayName>
			</currency>
			<currency type="INR">
				<displayName>རྒྱ་གར་སྒོར་མོ་</displayName>
				<displayName alt="proposed-x1001" draft="unconfirmed">རྒྱ་གར་སྒོར་མོ།</displayName>
			</currency>
			<currency type="XXX">
				<displayName>མ་རྟོགས་པའི་ནུས་མེད་དངུལ་ལོར</displayName>
				<displayName alt="proposed-x1001" draft="unconfirmed">མི་ཤེས་པའམ་ཕན་མེད་ཀྱི་ཤོག་དངུལ།</displayName>
				<symbol draft="unconfirmed">སྒོར་</symbol>
				<symbol alt="proposed-x1001" draft="unconfirmed">སྒོར་མོ།</symbol>
			</currency>
		</currencies>
	</numbers>
	<posix>
		<messages>
			<yesstr draft="unconfirmed">ཡིན།:Y</yesstr>
			<nostr draft="unconfirmed">མེད།:N</nostr>
		</messages>
	</posix>
	<references>
		<reference type="RP1">チベッと語会話練習帳, 星実千代　大学書林　Tokyo 1897</reference>
		<reference type="RP1" alt="proposed-x1001" draft="unconfirmed">チベッと語会話練習</reference>
		<reference type="RP2" uri="http://www.ucpress.edu/books/pages/5872.html">Essentials of Modern Literary Tibetan, Goldstein, Gele Rimpoche and Lobsand Phuntshog</reference>
		<reference type="RP3" uri="urn:isbn:8186627073" draft="unconfirmed">དབྱིན་བོད་ཚིག་མཛོད་གསར་མ།་The New English-Tibetan Dictionary,   Acharya Karma Monlam, Department of Education, CTA, Dharamshala, 2000</reference>
		<reference type="RP4" draft="unconfirmed">སྒྲ་སྒྱུར་ལག་དེབ། མི་མིང་དངཡུལ་མིང་། Transliteration Manual, Proper Names: Person and Place. Karma Monlam, Department of Education, CTA, Dharamshala, 1998</reference>
		<reference type="RP4" alt="proposed-x1001" draft="unconfirmed">སྒྲ་སྒྱུར་ལག་དེབ། མི་མིང་དངཡུལ་མིང་།</reference>
	</references>
</ldml>

