<?xml version="1.0" encoding="UTF-8" ?>
<!DOCTYPE ldml SYSTEM "http://www.unicode.org/cldr/dtd/1.5/ldml.dtd">
<ldml>
	<identity>
		<version number="$Revision: 1.4 $"/>
		<generation date="$Date: 2007/07/19 22:31:38 $"/>
		<language type="bo"/>
		<territory type="CN"/>
	</identity>
	<characters>
		<exemplarCharacters alt="proposed-x1001" draft="unconfirmed">[ཾ ཿ ་-། ཀ {ཀྵ} ྐ {ྐྵ} ཁ ྑ ག {གྷ} ྒ {ྒྷ} ང ྔ ཅ ྕ ཆ ྖ ཇ ྗ ཉ ྙ ཊ ྚ ཋ ྛ ཌ {ཌྷ} ྜ {ྜྷ} ཎ ྞ ཏ ྟ ཐ ྠ ད {དྷ} ྡ {ྡྷ} ན ྣ པ ྤ ཕ ྥ བ {བྷ} ྦ {ྦྷ} མ ྨ ཙ ྩ ཚ ྪ ཛ {ཛྷ} ྫ {ྫྷ} ཝ ྭ ྺ ཞ ྮ ཟ ྯ འ ཡ ྱ ྻ ར ཪ ྲ ྼ ལ ླ ཤ ྴ ཥ ྵ ས ྶ ཧ ྷ ཨ ྸ ཱ ི {ཱི} ྀ ུ {ཱུ} ེ-ཽ ྄ \u0F48 \u0F98]</exemplarCharacters>
		<exemplarCharacters alt="proposed-x1002" draft="unconfirmed">[ཾ ཿ ་-། ཀ {ཀྵ} ྐ {ྐྵ} ཁ ྑ ག {གྷ} ྒ {ྒྷ} ང ྔ ཅ ྕ ཆ ྖ ཇ ྗ ཉ ྙ ཊ ྚ ཋ ྛ ཌ {ཌྷ} ྜ {ྜྷ} ཎ ྞ ཏ ྟ ཐ ྠ ད {དྷ} ྡ {ྡྷ} ན ྣ པ ྤ ཕ ྥ བ {བྷ} ྦ {ྦྷ} མ ྨ ཙ ྩ ཚ ྪ ཛ {ཛྷ} ྫ {ྫྷ} ཝ ྭ ྺ ཞ ྮ ཟ ྯ འ ཡ ྱ ྻ ར ཪ ྲ ྼ ལ ླ ཤ ྴ ཥ ྵ ས ྶ ཧ ྷ ཨ ྸ ཱ ི {ཱི} ྀ ུ {ཱུ} ེ-ཽ ྄ \u0F48 \u0F98]</exemplarCharacters>
		<exemplarCharacters alt="proposed-x1003" draft="unconfirmed">[ཾ ཿ ་ ། ཀ {ཀྵ} ྐ {ྐྵ} ཁ ྑ ག {གྷ} ྒ {ྒྷ} ང ྔ ཅ ྕ ཆ ྖ ཇ ྗ ཉ ྙ ཊ ྚ ཋ ྛ ཌ {ཌྷ} ྜ {ྜྷ} ཎ ྞ ཏ ྟ ཐ ྠ ད {དྷ} ྡ {ྡྷ} ན ྣ པ ྤ ཕ ྥ བ {བྷ} ྦ {ྦྷ} མ ྨ ཙ ྩ ཚ ྪ ཛ {ཛྷ} ྫ {ྫྷ} ཝ ྭ ྺ ཞ ྮ ཟ ྯ འ ཡ ྱ ྻ ར ཪ ྲ ྼ ལ ླ ཤ ྴ ཥ ྵ ས ྶ ཧ ྷ ཨ ྸ ཱ ི ྀ ུ ེ-ཽ ྄ \u0F48 \u0F98]</exemplarCharacters>
		<exemplarCharacters alt="proposed-x1004" draft="unconfirmed">[ཾ ཿ ་-། ཀ {ཀྵ} ྐ {ྐྵ} ཁ ྑ ག {གྷ} ྒ {ྒྷ} ང ྔ ཅ ྕ ཆ ྖ ཇ ྗ ཉ ྙ ཊ ྚ ཋ ྛ ཌ {ཌྷ} ྜ {ྜྷ} ཎ ྞ ཏ ྟ ཐ ྠ ད {དྷ} ྡ {ྡྷ} ན ྣ པ ྤ ཕ ྥ བ {བྷ} ྦ {ྦྷ} མ ྨ ཙ ྩ ཚ ྪ ཛ {ཛྷ} ྫ {ྫྷ} ཝ ྭ ྺ ཞ ྮ ཟ ྯ འ ཡ ྱ ྻ ར ཪ ྲ ྼ ལ ླ ཤ ྴ ཥ ྵ ས ྶ ཧ ྷ ཨ ྸ ཱ ི {ཱི} ྀ ུ {ཱུ} ེ-ཽ ྄ \u0F98]</exemplarCharacters>
	</characters>
</ldml>

