<?xml version="1.0" encoding="UTF-8" ?>
<!DOCTYPE ldml SYSTEM "http://www.unicode.org/cldr/dtd/1.5/ldml.dtd">
<ldml>
	<identity>
		<version number="$Revision: 1.30 $"/>
		<generation date="$Date: 2007/07/19 22:31:38 $"/>
		<language type="bs"/>
	</identity>
	<localeDisplayNames>
		<languages>
			<language type="af" draft="unconfirmed">afrikaans</language>
			<language type="am" draft="unconfirmed">amharski</language>
			<language type="ar" draft="unconfirmed">arapski</language>
			<language type="as" draft="unconfirmed">asameski</language>
			<language type="az" draft="unconfirmed">azerbejdžanski</language>
			<language type="be" draft="unconfirmed">bjeloruski</language>
			<language type="bg" draft="unconfirmed">bugarski</language>
			<language type="bh" draft="unconfirmed">bihari</language>
			<language type="bn" draft="unconfirmed">bengalski</language>
			<language type="bo">tibetanski</language>
			<language type="br" draft="unconfirmed">bretonac</language>
			<language type="bs" draft="unconfirmed">bosanski</language>
			<language type="ca" draft="unconfirmed">katalonski</language>
			<language type="cs" draft="unconfirmed">češki</language>
			<language type="cy" draft="unconfirmed">velški</language>
			<language type="da" draft="unconfirmed">danski</language>
			<language type="de">njemački</language>
			<language type="el" draft="unconfirmed">grčki</language>
			<language type="en">engleski</language>
			<language type="eo" draft="unconfirmed">esperanto</language>
			<language type="es">španjolski</language>
			<language type="es" alt="proposed-x1001" draft="unconfirmed">španski</language>
			<language type="et" draft="unconfirmed">estonski</language>
			<language type="eu" draft="unconfirmed">baskijski</language>
			<language type="fa" draft="unconfirmed">perzijski</language>
			<language type="fi" draft="unconfirmed">finski</language>
			<language type="fil" draft="unconfirmed">filipinski</language>
			<language type="fo" draft="unconfirmed">farski</language>
			<language type="fr">francuski</language>
			<language type="fy" draft="unconfirmed">frizijski</language>
			<language type="ga" draft="unconfirmed">irski</language>
			<language type="gd" draft="unconfirmed">škotski gelski</language>
			<language type="gl" draft="unconfirmed">galicijski</language>
			<language type="gn" draft="unconfirmed">guarani</language>
			<language type="gu" draft="unconfirmed">gudžarati</language>
			<language type="he" draft="unconfirmed">hebrejski</language>
			<language type="hi" draft="unconfirmed">hindu</language>
			<language type="hr" draft="unconfirmed">hrvatski</language>
			<language type="hu" draft="unconfirmed">mađarski</language>
			<language type="hy" draft="unconfirmed">armenski</language>
			<language type="ia" draft="unconfirmed">interlingua</language>
			<language type="id" draft="unconfirmed">indonezijski</language>
			<language type="ie" draft="unconfirmed">međujezični</language>
			<language type="is" draft="unconfirmed">islandski</language>
			<language type="it">talijanski</language>
			<language type="ja">japanski</language>
			<language type="jv" draft="unconfirmed">javanski</language>
			<language type="ka" draft="unconfirmed">gruzijski</language>
			<language type="km" draft="unconfirmed">kambodžanski</language>
			<language type="kn" draft="unconfirmed">kannada</language>
			<language type="ko" draft="unconfirmed">koreanski</language>
			<language type="ku" draft="unconfirmed">kurdski</language>
			<language type="ky" draft="unconfirmed">kirgiski</language>
			<language type="la" draft="unconfirmed">latinski</language>
			<language type="ln" draft="unconfirmed">n/a</language>
			<language type="lo" draft="unconfirmed">laothian</language>
			<language type="lt" draft="unconfirmed">litvanski</language>
			<language type="lv" draft="unconfirmed">latvijski</language>
			<language type="mk" draft="unconfirmed">makedonski</language>
			<language type="ml" draft="unconfirmed">malajalamski</language>
			<language type="mn" draft="unconfirmed">mongolski</language>
			<language type="mr" draft="unconfirmed">marati</language>
			<language type="ms" draft="unconfirmed">malajski</language>
			<language type="mt" draft="unconfirmed">malteški</language>
			<language type="ne" draft="unconfirmed">nepalski</language>
			<language type="nl" draft="unconfirmed">holandski</language>
			<language type="nn" draft="unconfirmed">norveški (novonorveški)</language>
			<language type="no" draft="unconfirmed">norveški</language>
			<language type="oc" draft="unconfirmed">oksitanski</language>
			<language type="or" draft="unconfirmed">indijski</language>
			<language type="pa" draft="unconfirmed">pendžabi</language>
			<language type="pl" draft="unconfirmed">poljski</language>
			<language type="ps" draft="unconfirmed">pakistanski</language>
			<language type="pt">portugalski</language>
			<language type="pt_BR" draft="unconfirmed">portugalski (Brazil)</language>
			<language type="pt_PT" draft="unconfirmed">portugalski (Portugal)</language>
			<language type="ro" draft="unconfirmed">rumunski</language>
			<language type="ru">ruski</language>
			<language type="sa" draft="unconfirmed">sanskrit</language>
			<language type="sd" draft="unconfirmed">sindi</language>
			<language type="sh" draft="unconfirmed">srpsko-hrvatski</language>
			<language type="si" draft="unconfirmed">sinhaleski</language>
			<language type="sk" draft="unconfirmed">slovački</language>
			<language type="sl" draft="unconfirmed">slovenački</language>
			<language type="so" draft="unconfirmed">somalski</language>
			<language type="sq" draft="unconfirmed">albanski</language>
			<language type="sr" draft="unconfirmed">srpski</language>
			<language type="st" draft="unconfirmed">sesoto</language>
			<language type="su" draft="unconfirmed">sudanski</language>
			<language type="sv" draft="unconfirmed">švedski</language>
			<language type="sw" draft="unconfirmed">svahili</language>
			<language type="ta" draft="unconfirmed">tamilski</language>
			<language type="te" draft="unconfirmed">telugu</language>
			<language type="th" draft="unconfirmed">tajlandski</language>
			<language type="ti" draft="unconfirmed">tigrinya (eritrejski)</language>
			<language type="tk">turkmenski</language>
			<language type="tk" alt="proposed-x1001" draft="unconfirmed">turski</language>
			<language type="tlh" draft="unconfirmed">klingonski</language>
			<language type="tr">turski</language>
			<language type="tw" draft="unconfirmed">twi</language>
			<language type="ug" draft="unconfirmed">uighur</language>
			<language type="uk" draft="unconfirmed">ukrajinski</language>
			<language type="und">nepoznati ili nevažeći jezik</language>
			<language type="ur" draft="unconfirmed">urdu</language>
			<language type="uz" draft="unconfirmed">uzbekistanski</language>
			<language type="vi" draft="unconfirmed">vijetnamski</language>
			<language type="xh" draft="unconfirmed">bantu</language>
			<language type="yi" draft="unconfirmed">jidiš</language>
			<language type="zh">kineski</language>
			<language type="zu" draft="unconfirmed">zulu</language>
		</languages>
		<scripts>
			<script type="Zxxx">nepisani jezik</script>
			<script type="Zzzz">nepoznato ili nevažeće pismo</script>
		</scripts>
		<territories>
			<territory type="BA">Bosna i Hercegovina</territory>
			<territory type="ME" draft="unconfirmed">Crna Gora</territory>
			<territory type="RS" draft="unconfirmed">Srbija</territory>
			<territory type="TO" draft="unconfirmed">Tonga</territory>
			<territory type="ZZ">Nepoznata ili nevažeća oblast</territory>
		</territories>
	</localeDisplayNames>
	<characters>
		<exemplarCharacters>[a-c ć č d đ {dž} e-l {lj} m n {nj} o p r s š t-v z ž]</exemplarCharacters>
		<exemplarCharacters type="auxiliary">[q w-y]</exemplarCharacters>
	</characters>
	<delimiters>
		<quotationStart draft="unconfirmed">‘</quotationStart>
		<quotationEnd draft="unconfirmed">’</quotationEnd>
		<alternateQuotationStart draft="unconfirmed">“</alternateQuotationStart>
		<alternateQuotationEnd draft="unconfirmed">”</alternateQuotationEnd>
	</delimiters>
	<dates>
		<calendars>
			<calendar type="gregorian">
				<months>
					<monthContext type="format">
						<monthWidth type="abbreviated">
							<month type="1" draft="unconfirmed">Jan</month>
							<month type="2" draft="unconfirmed">Feb</month>
							<month type="3" draft="unconfirmed">Mar</month>
							<month type="4" draft="unconfirmed">Apr</month>
							<month type="5" draft="unconfirmed">Maj</month>
							<month type="6" draft="unconfirmed">Jun</month>
							<month type="7" draft="unconfirmed">Jul</month>
							<month type="8" draft="unconfirmed">Avg</month>
							<month type="9" draft="unconfirmed">Sep</month>
							<month type="10" draft="unconfirmed">Okt</month>
							<month type="11" draft="unconfirmed">Nov</month>
							<month type="12" draft="unconfirmed">Dec</month>
						</monthWidth>
						<monthWidth type="wide">
							<month type="1" draft="unconfirmed">Januar</month>
							<month type="2" draft="unconfirmed">Februar</month>
							<month type="3" draft="unconfirmed">Mart</month>
							<month type="4" draft="unconfirmed">April</month>
							<month type="5" draft="unconfirmed">Maj</month>
							<month type="6" draft="unconfirmed">Juni</month>
							<month type="7" draft="unconfirmed">Juli</month>
							<month type="8" draft="unconfirmed">Avgust</month>
							<month type="9" draft="unconfirmed">Septembar</month>
							<month type="10" draft="unconfirmed">Oktobar</month>
							<month type="11" draft="unconfirmed">Novembar</month>
							<month type="12" draft="unconfirmed">Decembar</month>
						</monthWidth>
					</monthContext>
					<monthContext type="stand-alone">
						<monthWidth type="narrow">
							<month type="1" draft="unconfirmed">1</month>
							<month type="2" draft="unconfirmed">2</month>
							<month type="3" draft="unconfirmed">3</month>
							<month type="4" draft="unconfirmed">4</month>
							<month type="5" draft="unconfirmed">5</month>
							<month type="6" draft="unconfirmed">6</month>
							<month type="7" draft="unconfirmed">7</month>
							<month type="8" draft="unconfirmed">8</month>
							<month type="9" draft="unconfirmed">9</month>
							<month type="10" draft="unconfirmed">10</month>
							<month type="11" draft="unconfirmed">11</month>
							<month type="12" draft="unconfirmed">12</month>
						</monthWidth>
					</monthContext>
				</months>
				<days>
					<dayContext type="format">
						<dayWidth type="abbreviated">
							<day type="sun" draft="unconfirmed">Ned</day>
							<day type="mon" draft="unconfirmed">Pon</day>
							<day type="tue" draft="unconfirmed">Uto</day>
							<day type="wed" draft="unconfirmed">Sri</day>
							<day type="thu" draft="unconfirmed">Čet</day>
							<day type="fri" draft="unconfirmed">Pet</day>
							<day type="sat" draft="unconfirmed">Sub</day>
						</dayWidth>
						<dayWidth type="wide">
							<day type="sun" draft="unconfirmed">Nedjelja</day>
							<day type="mon" draft="unconfirmed">Ponedjeljak</day>
							<day type="tue" draft="unconfirmed">Utorak</day>
							<day type="wed" draft="unconfirmed">Srijeda</day>
							<day type="thu" draft="unconfirmed">Četvrtak</day>
							<day type="fri" draft="unconfirmed">Petak</day>
							<day type="sat" draft="unconfirmed">Subota</day>
						</dayWidth>
					</dayContext>
					<dayContext type="stand-alone">
						<dayWidth type="narrow">
							<day type="sun" draft="unconfirmed">1</day>
							<day type="mon" draft="unconfirmed">2</day>
							<day type="tue" draft="unconfirmed">3</day>
							<day type="wed" draft="unconfirmed">4</day>
							<day type="thu" draft="unconfirmed">5</day>
							<day type="fri" draft="unconfirmed">6</day>
							<day type="sat" draft="unconfirmed">7</day>
						</dayWidth>
					</dayContext>
				</days>
				<quarters>
					<quarterContext type="format">
						<quarterWidth type="abbreviated">
							<quarter type="1" draft="unconfirmed">K1</quarter>
							<quarter type="2" draft="unconfirmed">K2</quarter>
							<quarter type="3" draft="unconfirmed">K3</quarter>
							<quarter type="4" draft="unconfirmed">K4</quarter>
						</quarterWidth>
						<quarterWidth type="wide">
							<quarter type="1" draft="unconfirmed">Prvi kvartal</quarter>
							<quarter type="2" draft="unconfirmed">Drugi kvartal</quarter>
							<quarter type="3" draft="unconfirmed">Treći kvartal</quarter>
							<quarter type="4" draft="unconfirmed">Četvrti kvartal</quarter>
						</quarterWidth>
					</quarterContext>
				</quarters>
				<am draft="unconfirmed">AM</am>
				<pm draft="unconfirmed">PM</pm>
				<eras>
					<eraAbbr>
						<era type="0" draft="unconfirmed">BC</era>
						<era type="1" draft="unconfirmed">AD</era>
					</eraAbbr>
				</eras>
				<dateFormats>
					<dateFormatLength type="full">
						<dateFormat>
							<pattern draft="unconfirmed">EEEE, yyyy MMMM dd</pattern>
						</dateFormat>
					</dateFormatLength>
					<dateFormatLength type="long">
						<dateFormat>
							<pattern draft="unconfirmed">yyyy MMMM d</pattern>
						</dateFormat>
					</dateFormatLength>
					<dateFormatLength type="medium">
						<dateFormat>
							<pattern draft="unconfirmed">yyyy MMM d</pattern>
						</dateFormat>
					</dateFormatLength>
					<dateFormatLength type="short">
						<dateFormat>
							<pattern draft="unconfirmed">yy/MM/dd</pattern>
						</dateFormat>
					</dateFormatLength>
				</dateFormats>
				<timeFormats>
					<timeFormatLength type="full">
						<timeFormat>
							<pattern draft="unconfirmed">HH:mm:ss v</pattern>
						</timeFormat>
					</timeFormatLength>
					<timeFormatLength type="long">
						<timeFormat>
							<pattern draft="unconfirmed">HH:mm:ss z</pattern>
						</timeFormat>
					</timeFormatLength>
					<timeFormatLength type="medium">
						<timeFormat>
							<pattern draft="unconfirmed">HH:mm:ss</pattern>
						</timeFormat>
					</timeFormatLength>
					<timeFormatLength type="short">
						<timeFormat>
							<pattern draft="unconfirmed">HH:mm</pattern>
						</timeFormat>
					</timeFormatLength>
				</timeFormats>
				<dateTimeFormats>
					<dateTimeFormatLength>
						<dateTimeFormat>
							<pattern draft="unconfirmed">{1} {0}</pattern>
						</dateTimeFormat>
					</dateTimeFormatLength>
					<availableFormats>
						<dateFormatItem id="yyQ" draft="unconfirmed">Q yy</dateFormatItem>
					</availableFormats>
				</dateTimeFormats>
			</calendar>
		</calendars>
		<timeZoneNames>
			<hourFormat draft="unconfirmed">+HH:mm;-HH:mm</hourFormat>
			<gmtFormat draft="unconfirmed">GMT{0}</gmtFormat>
			<regionFormat draft="unconfirmed">{0}</regionFormat>
			<zone type="Etc/Unknown">
				<exemplarCity>Nepoznati ili nevažeći grad</exemplarCity>
			</zone>
		</timeZoneNames>
	</dates>
	<numbers>
		<symbols>
			<decimal draft="unconfirmed">,</decimal>
			<group draft="unconfirmed">.</group>
		</symbols>
		<currencies>
			<!-- <default type="BAM"/> -->
			<currency type="BAM">
				<displayName draft="unconfirmed">Konvertibilna marka</displayName>
				<symbol draft="unconfirmed">KM</symbol>
			</currency>
			<currency type="XXX">
				<displayName>Nepoznata ili nevažeća valuta</displayName>
				<symbol>XXX</symbol>
			</currency>
		</currencies>
	</numbers>
	<posix>
		<messages>
			<yesstr>da:d</yesstr>
			<nostr>ne:n</nostr>
		</messages>
	</posix>
</ldml>

