<?xml version="1.0" encoding="UTF-8" ?>
<!DOCTYPE ldml SYSTEM "http://www.unicode.org/cldr/dtd/1.5/ldml.dtd">
<ldml>
	<identity>
		<version number="$Revision: 1.78 $"/>
		<generation date="$Date: 2007/07/19 22:31:38 $"/>
		<language type="ca"/>
	</identity>
	<localeDisplayNames>
		<languages>
			<language type="aa">àfar</language>
			<language type="ab">abkhaz</language>
			<language type="af">afrikaans</language>
			<language type="am">amhàric</language>
			<language type="ar">àrab</language>
			<language type="as">assamès</language>
			<language type="ay">aimara</language>
			<language type="az">àzeri</language>
			<language type="az" alt="proposed-x1001" draft="unconfirmed">azerbaijani</language>
			<language type="ba">baixkir</language>
			<language type="be">bielorús</language>
			<language type="ber" references="R012" draft="provisional">berber</language>
			<language type="bg">búlgar</language>
			<language type="bh">bihari</language>
			<language type="bi">bislama</language>
			<language type="bn">bengalí</language>
			<language type="bo">tibetà</language>
			<language type="br">bretó</language>
			<language type="bs" draft="provisional">bosnià</language>
			<language type="ca">català</language>
			<language type="ca" references="R012" alt="proposed-x1001" draft="unconfirmed">cat</language>
			<language type="co">cors</language>
			<language type="cs">txec</language>
			<language type="cy">gal·lès</language>
			<language type="da">danès</language>
			<language type="de">alemany</language>
			<language type="dz">bhutanès</language>
			<language type="el">grec</language>
			<language type="en">anglès</language>
			<language type="en_AU" draft="provisional">anglès (austràlia)</language>
			<language type="en_GB" draft="provisional">anglès (regne unit)</language>
			<language type="en_US" draft="provisional">anglès (eua)</language>
			<language type="eo">esperanto</language>
			<language type="es">espanyol</language>
			<language type="es" alt="proposed-x1001" draft="unconfirmed">castellà</language>
			<language type="et">estonià</language>
			<language type="eu">basc</language>
			<language type="fa">persa</language>
			<language type="fi">finès</language>
			<language type="fil" draft="provisional">filipí</language>
			<language type="fj">fijià</language>
			<language type="fo">feroès</language>
			<language type="fr">francès</language>
			<language type="fy">frisó</language>
			<language type="ga">irlandès</language>
			<language type="gd">escocès</language>
			<language type="gd" alt="proposed-x1001" draft="unconfirmed">gaèlic escocès</language>
			<language type="gl">gallec</language>
			<language type="gn">guaraní</language>
			<language type="gu">gujarati</language>
			<language type="ha">hausa</language>
			<language type="he">hebreu</language>
			<language type="hi">hindi</language>
			<language type="hr">croat</language>
			<language type="hu">hongarès</language>
			<language type="hy">armeni</language>
			<language type="ia">interlingua</language>
			<language type="id">indonesi</language>
			<language type="ie">interlingue</language>
			<language type="ie" alt="proposed-x1001" draft="unconfirmed">occidental</language>
			<language type="ik">inupiak</language>
			<language type="is">islandès</language>
			<language type="it">italià</language>
			<language type="iu">inuktitut</language>
			<language type="ja">japonès</language>
			<language type="jv">javanès</language>
			<language type="ka">georgià</language>
			<language type="kk">kazakh</language>
			<language type="kl">greenlandès</language>
			<language type="kl" alt="proposed-x1001" draft="unconfirmed">grenlandès</language>
			<language type="km">cambodjà</language>
			<language type="kn">kannada</language>
			<language type="ko">coreà</language>
			<language type="ks">caixmiri</language>
			<language type="ku">kurd</language>
			<language type="ky">kirguís</language>
			<language type="ky" alt="proposed-x1001" draft="unconfirmed">kirguizistan</language>
			<language type="la">llatí</language>
			<language type="lb" draft="provisional">luxemburguès</language>
			<language type="ln">lingala</language>
			<language type="lo">laosià</language>
			<language type="lt">lituà</language>
			<language type="lv">letó</language>
			<language type="mg">malgaix</language>
			<language type="mi">maori</language>
			<language type="mk">macedoni</language>
			<language type="mk" alt="proposed-x1001" draft="unconfirmed">macedònic</language>
			<language type="ml">malaialam</language>
			<language type="mn">mongol</language>
			<language type="mn" alt="proposed-x1001" draft="unconfirmed">mongolès</language>
			<language type="mo">moldau</language>
			<language type="mr">marathi</language>
			<language type="ms">malai</language>
			<language type="mt">maltès</language>
			<language type="my">birmà</language>
			<language type="na">nauruà</language>
			<language type="ne">nepalès</language>
			<language type="nl">neerlandès</language>
			<language type="nl_BE" draft="provisional">flamenc</language>
			<language type="nn" draft="provisional">noruec (nynorsk)</language>
			<language type="no">noruec</language>
			<language type="oc">occità</language>
			<language type="om">oromo (afan)</language>
			<language type="or">oriya</language>
			<language type="pa">panjabi</language>
			<language type="pa" alt="proposed-x1001" draft="unconfirmed">punjabi</language>
			<language type="pl">polonès</language>
			<language type="ps">paixto</language>
			<language type="ps" alt="proposed-x1001" draft="unconfirmed">paixtu</language>
			<language type="pt">portuguès</language>
			<language type="pt_BR" draft="provisional">portuguès (brasil)</language>
			<language type="pt_PT" draft="provisional">portuguès (portugal)</language>
			<language type="qu">quètxua</language>
			<language type="rm">retoromànic</language>
			<language type="rn">kirundi</language>
			<language type="ro">romanès</language>
			<language type="ru">rus</language>
			<language type="rw">kinyarwanda</language>
			<language type="sa">sànscrit</language>
			<language type="scn" draft="provisional">sicilià</language>
			<language type="sd">sindhi</language>
			<language type="sg">sango</language>
			<language type="sh">serbo-croat</language>
			<language type="sh" alt="proposed-x1001" draft="unconfirmed">serbocroat</language>
			<language type="si">sinhalès</language>
			<language type="si" alt="proposed-x1001" draft="unconfirmed">singalès</language>
			<language type="sk">eslovac</language>
			<language type="sl">eslovè</language>
			<language type="sm">samoà</language>
			<language type="sn">shona</language>
			<language type="so">somali</language>
			<language type="sq">albanès</language>
			<language type="sr">serbi</language>
			<language type="ss">siswati</language>
			<language type="st">sotho</language>
			<language type="st" alt="proposed-x1001" draft="unconfirmed">sotho meridional</language>
			<language type="su">sundanès</language>
			<language type="sv">suec</language>
			<language type="sw">swahili</language>
			<language type="sw" alt="proposed-x1001" draft="unconfirmed">suahili</language>
			<language type="ta">tàmil</language>
			<language type="te">telugu</language>
			<language type="tg">tadjik</language>
			<language type="th">thai</language>
			<language type="th" alt="proposed-x1001" draft="unconfirmed">tailandès</language>
			<language type="ti">tigrinya</language>
			<language type="tk">turcman</language>
			<language type="tl">tagàlog</language>
			<language type="tl" alt="proposed-x1001" draft="unconfirmed">tagalog</language>
			<language type="tlh" draft="provisional">klingonià</language>
			<language type="tn">tswana</language>
			<language type="to">tonga</language>
			<language type="tr">turc</language>
			<language type="ts">tsonga</language>
			<language type="tt">tàtar</language>
			<language type="tw">twi</language>
			<language type="tw" alt="proposed-x1001" draft="unconfirmed">tuí</language>
			<language type="ug">uigur</language>
			<language type="uk">ucraïnès</language>
			<language type="und" draft="provisional">Idioma desconegut o no vàlid</language>
			<language type="ur">urdú</language>
			<language type="uz">uzbek</language>
			<language type="vi">vietnamita</language>
			<language type="vo">volapuk</language>
			<language type="wo">wòlof</language>
			<language type="xh">xosa</language>
			<language type="yi">jiddish</language>
			<language type="yi" alt="proposed-x1001" draft="unconfirmed">jiddix</language>
			<language type="yi" alt="proposed-x1002" draft="unconfirmed">jiddisch</language>
			<language type="yo">ioruba</language>
			<language type="za">zhuang</language>
			<language type="zh">xinés</language>
			<language type="zh" references="R012" alt="proposed-x1001" draft="unconfirmed">xinès</language>
			<language type="zh_Hans" draft="provisional">xinès (simplificat)</language>
			<language type="zh_Hant" draft="provisional">xinès (tradicional)</language>
			<language type="zu">zulu</language>
			<language type="zu" alt="proposed-x1001" draft="unconfirmed">zulú</language>
		</languages>
		<scripts>
			<script type="Latn">Llatí</script>
			<script type="Zzzz" draft="provisional">escriptura desconeguda o no vàlida</script>
		</scripts>
		<territories>
			<territory type="AD">Andorra</territory>
			<territory type="AE">Unió dels Emirats Àrabs</territory>
			<territory type="AE" alt="proposed-x1001" draft="unconfirmed">Emirats Àrabs Units</territory>
			<territory type="AF">Afganistan</territory>
			<territory type="AG" draft="provisional">Antigua i Barbuda</territory>
			<territory type="AI">Anguilla</territory>
			<territory type="AL">Albània</territory>
			<territory type="AM">Armènia</territory>
			<territory type="AN">Antilles Holandeses</territory>
			<territory type="AO">Angola</territory>
			<territory type="AQ" draft="provisional">Antàrtida</territory>
			<territory type="AR">Argentina</territory>
			<territory type="AS" draft="provisional">Samoa americana</territory>
			<territory type="AT">Àustria</territory>
			<territory type="AU">Austràlia</territory>
			<territory type="AW">Aruba</territory>
			<territory type="AX" draft="provisional">Illes Aland</territory>
			<territory type="AZ">Azerbaidjan</territory>
			<territory type="AZ" alt="proposed-x1001" draft="unconfirmed">Azerbaitjan</territory>
			<territory type="AZ" alt="proposed-x1002" draft="unconfirmed">L’Azerbaidjan</territory>
			<territory type="BA">Bòsnia i Hercegovina</territory>
			<territory type="BB">Barbados</territory>
			<territory type="BD">Bangla Desh</territory>
			<territory type="BE">Bèlgica</territory>
			<territory type="BF">Burkina Faso</territory>
			<territory type="BG">Bulgària</territory>
			<territory type="BH">Bahrain</territory>
			<territory type="BI">Burundi</territory>
			<territory type="BJ">Benin</territory>
			<territory type="BJ" alt="proposed-x1001" draft="unconfirmed">Benín</territory>
			<territory type="BJ" alt="proposed-x1002" draft="unconfirmed">El Benín</territory>
			<territory type="BM">Bermudes</territory>
			<territory type="BN">Brunei</territory>
			<territory type="BO">Bolívia</territory>
			<territory type="BR">Brasil</territory>
			<territory type="BS">Bahames</territory>
			<territory type="BT">Bhutan</territory>
			<territory type="BV" draft="provisional">Illa Bouvet</territory>
			<territory type="BW">Botswana</territory>
			<territory type="BY">Bielorússia</territory>
			<territory type="BZ">Belize</territory>
			<territory type="CA">Canadà</territory>
			<territory type="CC" draft="provisional">Illes Cocos</territory>
			<territory type="CD" draft="provisional">Congo, República Democràtica del</territory>
			<territory type="CF">República Centrafricana</territory>
			<territory type="CF" alt="proposed-x1001" draft="unconfirmed">República Centreafricana</territory>
			<territory type="CF" references="R012" alt="proposed-x1002" draft="unconfirmed">República Centreafricana</territory>
			<territory type="CG">Congo</territory>
			<territory type="CH">Switzerland</territory>
			<territory type="CH" alt="proposed-x1001" draft="unconfirmed">Suïssa</territory>
			<territory type="CI">Costa d’Ivori</territory>
			<territory type="CI" alt="proposed-x1001" draft="unconfirmed">Costa d'Ivori</territory>
			<territory type="CK" draft="provisional">Illes Cook</territory>
			<territory type="CL">Xile</territory>
			<territory type="CM">Camerun</territory>
			<territory type="CN">Xina</territory>
			<territory type="CO">Colòmbia</territory>
			<territory type="CR">Costa Rica</territory>
			<territory type="CS">Sèrbia i Montenegro</territory>
			<territory type="CU">Cuba</territory>
			<territory type="CV">Cap Verd</territory>
			<territory type="CX" draft="provisional">Illa Christmas</territory>
			<territory type="CY">Xipre</territory>
			<territory type="CZ">República Txeca</territory>
			<territory type="DE">Alemanya</territory>
			<territory type="DJ">Djibouti</territory>
			<territory type="DK">Dinamarca</territory>
			<territory type="DM">Dominica</territory>
			<territory type="DO">República Dominicana</territory>
			<territory type="DZ">Algèria</territory>
			<territory type="EC">Equador</territory>
			<territory type="EE">Estònia</territory>
			<territory type="EG">Egipte</territory>
			<territory type="EH">Sàhara Occidental</territory>
			<territory type="ER">Eritrea</territory>
			<territory type="ES">Espanya</territory>
			<territory type="ET">Etiòpia</territory>
			<territory type="FI">Finlàndia</territory>
			<territory type="FJ">Fiji</territory>
			<territory type="FK" draft="provisional">Illes Malvines</territory>
			<territory type="FM">Micronèsia</territory>
			<territory type="FO" draft="provisional">Illes Fèroe</territory>
			<territory type="FR">França</territory>
			<territory type="GA">Gabon</territory>
			<territory type="GA" alt="proposed-x1001" draft="unconfirmed">El Gabon</territory>
			<territory type="GB">Regne Unit</territory>
			<territory type="GE">Geòrgia</territory>
			<territory type="GF">Guaiana Francesa</territory>
			<territory type="GF" alt="proposed-x1001" draft="unconfirmed">La Guaiana Francesa</territory>
			<territory type="GG" draft="provisional">Batllia de Guernsey</territory>
			<territory type="GH">Ghana</territory>
			<territory type="GI" draft="provisional">Gibraltar</territory>
			<territory type="GL" draft="provisional">Groenlàndia</territory>
			<territory type="GM">Gàmbia</territory>
			<territory type="GN">Guinea</territory>
			<territory type="GP">Guadeloupe</territory>
			<territory type="GQ">Guinea Equatorial</territory>
			<territory type="GR">Grècia</territory>
			<territory type="GS" draft="provisional">Illes Geòrgia del Sud i Sandvitx del Sud</territory>
			<territory type="GT">Guatemala</territory>
			<territory type="GW">Guinea Bissau</territory>
			<territory type="GY">Guyana</territory>
			<territory type="HK">Hong Kong</territory>
			<territory type="HM" draft="provisional">Illa Heard i Illes McDonald</territory>
			<territory type="HN">Hondures</territory>
			<territory type="HR">Croàcia</territory>
			<territory type="HT">Haití</territory>
			<territory type="HU">Hongria</territory>
			<territory type="ID">Indonèsia</territory>
			<territory type="IE">Irlanda</territory>
			<territory type="IL">Israel</territory>
			<territory type="IM" draft="provisional">Illa de Man</territory>
			<territory type="IN">Índia</territory>
			<territory type="IO" draft="provisional">Territori Britànic de l'Oceà Índic</territory>
			<territory type="IQ">Iraq</territory>
			<territory type="IR">Iran</territory>
			<territory type="IS">Islàndia</territory>
			<territory type="IT">Itàlia</territory>
			<territory type="JE" draft="provisional">Batllia de Jersey</territory>
			<territory type="JM">Jamaica</territory>
			<territory type="JO">Jordània</territory>
			<territory type="JP">Japó</territory>
			<territory type="KE">Kenya</territory>
			<territory type="KE" alt="proposed-x1001" draft="unconfirmed">Kènia</territory>
			<territory type="KG">Kirgizistan</territory>
			<territory type="KG" alt="proposed-x1001" draft="unconfirmed">El Kirguizistan</territory>
			<territory type="KG" alt="proposed-x1002" draft="unconfirmed">Kirguizistan</territory>
			<territory type="KH">Cambodja</territory>
			<territory type="KI">Kiribati</territory>
			<territory type="KM">Comores</territory>
			<territory type="KN" draft="provisional">Saint Christopher i Nevis</territory>
			<territory type="KN" alt="proposed-x1001" draft="unconfirmed">Saint Kitts i Nevis</territory>
			<territory type="KP">Corea del Nord</territory>
			<territory type="KR">Corea del Sud</territory>
			<territory type="KW">Kuwait</territory>
			<territory type="KY" draft="provisional">Illes Caiman</territory>
			<territory type="KZ">Kazakhstan</territory>
			<territory type="KZ" alt="proposed-x1001" draft="unconfirmed">El Kazakhstan</territory>
			<territory type="LA">Laos</territory>
			<territory type="LB">Líban</territory>
			<territory type="LC" draft="provisional">Saint Lucia</territory>
			<territory type="LI">Liechtenstein</territory>
			<territory type="LK">Sri Lanka</territory>
			<territory type="LR">Libèria</territory>
			<territory type="LS">Lesotho</territory>
			<territory type="LT">Lituània</territory>
			<territory type="LU">Luxemburg</territory>
			<territory type="LV">Letònia</territory>
			<territory type="LY">Líbia</territory>
			<territory type="MA">Marroc</territory>
			<territory type="MC">Mònaco</territory>
			<territory type="MD">Moldàvia</territory>
			<territory type="ME" draft="provisional">Montenegro</territory>
			<territory type="MG">Madagascar</territory>
			<territory type="MH" draft="provisional">Illes Marshall</territory>
			<territory type="MK">Macedònia</territory>
			<territory type="ML">Mali</territory>
			<territory type="MM">Myanmar</territory>
			<territory type="MM" alt="proposed-x1001" draft="unconfirmed">Birmània</territory>
			<territory type="MN">Mongòlia</territory>
			<territory type="MO" draft="provisional">Macau</territory>
			<territory type="MO" alt="proposed-x1001" draft="unconfirmed">Macao</territory>
			<territory type="MP" draft="provisional">Illes Marianes del Nord</territory>
			<territory type="MQ">Martinica</territory>
			<territory type="MR">Mauritània</territory>
			<territory type="MS">Montserrat</territory>
			<territory type="MT">Malta</territory>
			<territory type="MU">Maurici</territory>
			<territory type="MW" draft="provisional">Malawi</territory>
			<territory type="MX">Mèxic</territory>
			<territory type="MY">Malàisia</territory>
			<territory type="MZ">Moçambic</territory>
			<territory type="NA">Namíbia</territory>
			<territory type="NC">Nova Caledònia</territory>
			<territory type="NE">Níger</territory>
			<territory type="NF" draft="provisional">Illa Norfolk</territory>
			<territory type="NG">Nigèria</territory>
			<territory type="NI">Nicaragua</territory>
			<territory type="NL">Països Baixos</territory>
			<territory type="NO">Noruega</territory>
			<territory type="NP">Nepal</territory>
			<territory type="NU">Niue</territory>
			<territory type="NZ">Nova Zelanda</territory>
			<territory type="OM">Oman</territory>
			<territory type="PA">Panamà</territory>
			<territory type="PE">Perú</territory>
			<territory type="PF">Polinèsia Francesa</territory>
			<territory type="PG">Papua Nova Guinea</territory>
			<territory type="PH">Filipines</territory>
			<territory type="PK">Pakistan</territory>
			<territory type="PL">Polònia</territory>
			<territory type="PM" draft="provisional">Saint Pierre i Miquelon</territory>
			<territory type="PR">Puerto Rico</territory>
			<territory type="PS" draft="provisional">Palestina</territory>
			<territory type="PT">Portugal</territory>
			<territory type="PY">Paraguai</territory>
			<territory type="QA">Qatar</territory>
			<territory type="RO">Romania</territory>
			<territory type="RS" draft="provisional">Sèrbia</territory>
			<territory type="RU">Rússia</territory>
			<territory type="RW">Rwanda</territory>
			<territory type="RW" alt="proposed-x1001" draft="unconfirmed">Ruanda</territory>
			<territory type="SA">Aràbia Saudí</territory>
			<territory type="SA" alt="proposed-x1001" draft="unconfirmed">Aràbia Saudita</territory>
			<territory type="SB" draft="provisional">Illes Salomó</territory>
			<territory type="SC">Seychelles</territory>
			<territory type="SD">Sudan</territory>
			<territory type="SD" alt="proposed-x1001" draft="unconfirmed">El Sudan</territory>
			<territory type="SE">Suècia</territory>
			<territory type="SG">Singapur</territory>
			<territory type="SH" draft="provisional">Saint Helena</territory>
			<territory type="SI">Eslovènia</territory>
			<territory type="SJ" draft="provisional">Svalbard i Jan Mayen</territory>
			<territory type="SK">Eslovàquia</territory>
			<territory type="SL">Sierra Leone</territory>
			<territory type="SM" draft="provisional">San Marino</territory>
			<territory type="SN">Senegal</territory>
			<territory type="SO">Somàlia</territory>
			<territory type="SR">Surinam</territory>
			<territory type="ST" draft="provisional">São Tomé i Príncipe</territory>
			<territory type="SV">El Salvador</territory>
			<territory type="SY">Síria</territory>
			<territory type="SZ">Swazilàndia</territory>
			<territory type="TC" draft="provisional">Illes Turks i Caicos</territory>
			<territory type="TD">Txad</territory>
			<territory type="TF">Territoris Meridionals Francesos</territory>
			<territory type="TF" alt="proposed-x1001" draft="unconfirmed">Territoris Francesos del Sud</territory>
			<territory type="TG">Togo</territory>
			<territory type="TH">Tailàndia</territory>
			<territory type="TJ">Tadjikistan</territory>
			<territory type="TJ" alt="proposed-x1001" draft="unconfirmed">El Tadjikistan</territory>
			<territory type="TK">Tokelau</territory>
			<territory type="TL">Timor</territory>
			<territory type="TL" alt="proposed-x1001" draft="unconfirmed">Timor Oriental</territory>
			<territory type="TM">Turkmenistan</territory>
			<territory type="TM" alt="proposed-x1001" draft="unconfirmed">El Turkmenistan</territory>
			<territory type="TN">Tunísia</territory>
			<territory type="TO">Tonga</territory>
			<territory type="TR">Turquia</territory>
			<territory type="TT">Trinitat i Tobago</territory>
			<territory type="TV" draft="provisional">Tuvalu</territory>
			<territory type="TW">Taiwan</territory>
			<territory type="TZ">Tanzània</territory>
			<territory type="UA">Ucraïna</territory>
			<territory type="UG">Uganda</territory>
			<territory type="UM" draft="provisional">Illes Perifèriques Menors dels EUA</territory>
			<territory type="US">Estats Units</territory>
			<territory type="UY">Uruguai</territory>
			<territory type="UZ">Uzbekistan</territory>
			<territory type="UZ" alt="proposed-x1001" draft="unconfirmed">L’Uzbekistan</territory>
			<territory type="VA">Vaticà</territory>
			<territory type="VA" alt="proposed-x1001" draft="unconfirmed">Ciutat del Vaticà</territory>
			<territory type="VC" draft="provisional">Saint Vincent i les Grenadines</territory>
			<territory type="VE">Veneçuela</territory>
			<territory type="VG">Illes Verges Britàniques</territory>
			<territory type="VI">Illes Verges dels USA</territory>
			<territory type="VI" alt="proposed-x1001" draft="unconfirmed">Illes Verges Americanes</territory>
			<territory type="VI" alt="proposed-x1002" draft="unconfirmed">Illes Verges nord-americanes</territory>
			<territory type="VN">Vietnam</territory>
			<territory type="VU">Vanuatu</territory>
			<territory type="WF" draft="provisional">Wallis i Futuna</territory>
			<territory type="WS" draft="provisional">Samoa</territory>
			<territory type="YE">Iemen</territory>
			<territory type="YT">Mayotte</territory>
			<territory type="ZA">Sud-àfrica</territory>
			<territory type="ZA" alt="proposed-x1001" draft="unconfirmed">Sudàfrica</territory>
			<territory type="ZM">Zàmbia</territory>
			<territory type="ZW">Zimbabwe</territory>
			<territory type="ZZ" draft="provisional">Regió desconeguda o no vàlida</territory>
		</territories>
	</localeDisplayNames>
	<characters>
		<exemplarCharacters>[a à b c ç d e é è f-i í ï j-n ñ o ó ò p-u ú ü v-z]</exemplarCharacters>
		<exemplarCharacters type="auxiliary" draft="unconfirmed">[ŀ]</exemplarCharacters>
	</characters>
	<delimiters>
		<quotationStart>‘</quotationStart>
		<quotationEnd>’</quotationEnd>
		<alternateQuotationStart>“</alternateQuotationStart>
		<alternateQuotationEnd>”</alternateQuotationEnd>
	</delimiters>
	<dates>
		<localizedPatternChars>GuMtkHmsSEDFwWahKzUeygAZvcL</localizedPatternChars>
		<calendars>
			<calendar type="gregorian">
				<months>
					<monthContext type="format">
						<monthWidth type="abbreviated">
							<month type="1">gen.</month>
							<month type="2">febr.</month>
							<month type="2" alt="proposed-x1001" draft="unconfirmed">feb.</month>
							<month type="3">març</month>
							<month type="3" alt="proposed-x1001" draft="unconfirmed">mar.</month>
							<month type="4">abr.</month>
							<month type="5">maig</month>
							<month type="6">juny</month>
							<month type="6" alt="proposed-x1001" draft="unconfirmed">jun.</month>
							<month type="7">jul.</month>
							<month type="8">ag.</month>
							<month type="8" alt="proposed-x1001" draft="unconfirmed">ago.</month>
							<month type="9">set.</month>
							<month type="10">oct.</month>
							<month type="11">nov.</month>
							<month type="12">des.</month>
						</monthWidth>
						<monthWidth type="wide">
							<month type="1">gener</month>
							<month type="2">febrer</month>
							<month type="3">març</month>
							<month type="4">abril</month>
							<month type="5">maig</month>
							<month type="6">juny</month>
							<month type="7">juliol</month>
							<month type="8">agost</month>
							<month type="9">setembre</month>
							<month type="10">octubre</month>
							<month type="11">novembre</month>
							<month type="12">desembre</month>
						</monthWidth>
					</monthContext>
					<monthContext type="stand-alone">
						<monthWidth type="narrow">
							<month type="1" draft="unconfirmed">1</month>
							<month type="2" draft="unconfirmed">2</month>
							<month type="3" draft="unconfirmed">3</month>
							<month type="4" draft="unconfirmed">4</month>
							<month type="5" draft="unconfirmed">5</month>
							<month type="6" draft="unconfirmed">6</month>
							<month type="7" draft="unconfirmed">7</month>
							<month type="8" draft="unconfirmed">8</month>
							<month type="9" draft="unconfirmed">9</month>
							<month type="10" draft="unconfirmed">10</month>
							<month type="11" draft="unconfirmed">11</month>
							<month type="12" draft="unconfirmed">12</month>
						</monthWidth>
					</monthContext>
				</months>
				<days>
					<dayContext type="format">
						<dayWidth type="abbreviated">
							<day type="sun">dg.</day>
							<day type="mon">dl.</day>
							<day type="tue">dt.</day>
							<day type="tue" alt="proposed-x1001" draft="unconfirmed">dim.</day>
							<day type="wed">dc.</day>
							<day type="thu">dj.</day>
							<day type="fri">dv.</day>
							<day type="sat">ds.</day>
						</dayWidth>
						<dayWidth type="wide">
							<day type="sun">diumenge</day>
							<day type="mon">dilluns</day>
							<day type="tue">dimarts</day>
							<day type="wed">dimecres</day>
							<day type="thu">dijous</day>
							<day type="fri">divendres</day>
							<day type="sat">dissabte</day>
						</dayWidth>
					</dayContext>
					<dayContext type="stand-alone">
						<dayWidth type="narrow">
							<day type="sun" draft="unconfirmed">1</day>
							<day type="mon" draft="unconfirmed">2</day>
							<day type="tue" draft="unconfirmed">3</day>
							<day type="wed" draft="unconfirmed">4</day>
							<day type="thu" draft="unconfirmed">5</day>
							<day type="fri" draft="unconfirmed">6</day>
							<day type="sat" draft="unconfirmed">7</day>
						</dayWidth>
					</dayContext>
				</days>
				<quarters>
					<quarterContext type="format">
						<quarterWidth type="abbreviated">
							<quarter type="1">1T</quarter>
							<quarter type="2">2T</quarter>
							<quarter type="3">3T</quarter>
							<quarter type="4">4T</quarter>
						</quarterWidth>
						<quarterWidth type="wide">
							<quarter type="1">1r trimestre</quarter>
							<quarter type="2">2n trimestre</quarter>
							<quarter type="3">3r trimestre</quarter>
							<quarter type="4">4t trimestre</quarter>
						</quarterWidth>
					</quarterContext>
				</quarters>
				<am draft="unconfirmed">AM</am>
				<pm draft="unconfirmed">PM</pm>
				<eras>
					<eraAbbr>
						<era type="0" references="R012">aC</era>
						<era type="1" references="R012">dC</era>
					</eraAbbr>
				</eras>
				<dateFormats>
					<dateFormatLength type="full">
						<dateFormat>
							<pattern>EEEE d 'de' MMMM 'de' yyyy</pattern>
						</dateFormat>
					</dateFormatLength>
					<dateFormatLength type="long">
						<dateFormat>
							<pattern>d 'de' MMMM 'de' yyyy</pattern>
						</dateFormat>
					</dateFormatLength>
					<dateFormatLength type="medium">
						<dateFormat>
							<pattern>dd/MM/yyyy</pattern>
						</dateFormat>
					</dateFormatLength>
					<dateFormatLength type="short">
						<dateFormat>
							<pattern>dd/MM/yy</pattern>
						</dateFormat>
					</dateFormatLength>
				</dateFormats>
				<timeFormats>
					<timeFormatLength type="full">
						<timeFormat>
							<pattern>H:mm:ss v</pattern>
						</timeFormat>
					</timeFormatLength>
					<timeFormatLength type="long">
						<timeFormat>
							<pattern>H:mm:ss z</pattern>
						</timeFormat>
					</timeFormatLength>
					<timeFormatLength type="medium">
						<timeFormat>
							<pattern>H:mm:ss</pattern>
						</timeFormat>
					</timeFormatLength>
					<timeFormatLength type="short">
						<timeFormat>
							<pattern>H:mm</pattern>
						</timeFormat>
					</timeFormatLength>
				</timeFormats>
				<dateTimeFormats>
					<dateTimeFormatLength>
						<dateTimeFormat>
							<pattern draft="unconfirmed">{1} {0}</pattern>
						</dateTimeFormat>
					</dateTimeFormatLength>
					<availableFormats>
						<dateFormatItem id="hhmm" draft="unconfirmed">hh:mm a</dateFormatItem>
						<dateFormatItem id="hhmmss" draft="unconfirmed">hh:mm:ss a</dateFormatItem>
						<dateFormatItem id="mmss" draft="unconfirmed">mm:ss</dateFormatItem>
						<dateFormatItem id="yyQ" draft="unconfirmed">Q yy</dateFormatItem>
						<dateFormatItem id="yyyyMM" draft="unconfirmed">MM/yyyy</dateFormatItem>
					</availableFormats>
				</dateTimeFormats>
			</calendar>
		</calendars>
		<timeZoneNames>
			<hourFormat draft="provisional">+HH:mm;-HH:mm</hourFormat>
			<gmtFormat draft="provisional">GMT{0}</gmtFormat>
			<regionFormat draft="provisional">Hora de: {0}</regionFormat>
			<regionFormat alt="proposed-x1001" draft="unconfirmed">{0}</regionFormat>
			<zone type="Etc/Unknown">
				<exemplarCity draft="provisional">Zona desconeguda</exemplarCity>
			</zone>
			<zone type="Europe/Tirane">
				<exemplarCity draft="provisional">Tirana</exemplarCity>
			</zone>
			<zone type="Antarctica/South_Pole">
				<exemplarCity draft="provisional">Pol sud</exemplarCity>
			</zone>
			<zone type="Antarctica/DumontDUrville">
				<exemplarCity draft="provisional">Dumont D'Urville</exemplarCity>
			</zone>
			<zone type="Europe/Vienna">
				<exemplarCity draft="provisional">Viena</exemplarCity>
			</zone>
			<zone type="Europe/Brussels">
				<exemplarCity draft="provisional">Brussel·les</exemplarCity>
			</zone>
			<zone type="America/Belize">
				<exemplarCity draft="provisional">Belise</exemplarCity>
			</zone>
			<zone type="Europe/Zurich">
				<exemplarCity draft="provisional">Zuric</exemplarCity>
			</zone>
			<zone type="Pacific/Easter">
				<exemplarCity draft="provisional">Illa de Pasqua</exemplarCity>
			</zone>
			<zone type="America/Bogota">
				<exemplarCity draft="provisional">Bogotà</exemplarCity>
			</zone>
			<zone type="Atlantic/Cape_Verde">
				<exemplarCity draft="provisional">Cap Verd</exemplarCity>
			</zone>
			<zone type="Indian/Christmas">
				<exemplarCity draft="provisional">Pasqua</exemplarCity>
			</zone>
			<zone type="Europe/Prague">
				<exemplarCity draft="provisional">Praga</exemplarCity>
			</zone>
			<zone type="Europe/Berlin">
				<exemplarCity draft="provisional">Berlín</exemplarCity>
			</zone>
			<zone type="Europe/Copenhagen">
				<exemplarCity draft="provisional">Copenhaguen</exemplarCity>
			</zone>
			<zone type="Africa/Algiers">
				<exemplarCity draft="provisional">Alger</exemplarCity>
			</zone>
			<zone type="Pacific/Galapagos">
				<exemplarCity>Galápagos</exemplarCity>
			</zone>
			<zone type="Africa/Cairo">
				<exemplarCity draft="provisional">El Caire</exemplarCity>
				<exemplarCity alt="proposed-x1001" draft="unconfirmed">Caire</exemplarCity>
			</zone>
			<zone type="Atlantic/Canary">
				<exemplarCity draft="provisional">Illes Canàries</exemplarCity>
			</zone>
			<zone type="Europe/Helsinki">
				<exemplarCity draft="provisional">Hèlsinki</exemplarCity>
			</zone>
			<zone type="Atlantic/Faeroe">
				<exemplarCity draft="provisional">Fèroe</exemplarCity>
			</zone>
			<zone type="Europe/Paris">
				<exemplarCity draft="provisional">París</exemplarCity>
			</zone>
			<zone type="Europe/London">
				<exemplarCity draft="provisional">Londres</exemplarCity>
			</zone>
			<zone type="America/Grenada">
				<exemplarCity draft="provisional">Granada</exemplarCity>
			</zone>
			<zone type="America/Guadeloupe">
				<exemplarCity draft="provisional">Guadalupe</exemplarCity>
			</zone>
			<zone type="Europe/Athens">
				<exemplarCity draft="provisional">Atenes</exemplarCity>
			</zone>
			<zone type="Atlantic/South_Georgia">
				<exemplarCity draft="provisional">Geòrgia del Sud</exemplarCity>
			</zone>
			<zone type="America/Port-au-Prince">
				<exemplarCity draft="provisional">Port Príncep</exemplarCity>
			</zone>
			<zone type="Asia/Jakarta">
				<exemplarCity draft="provisional">Djakarta</exemplarCity>
			</zone>
			<zone type="Europe/Dublin">
				<exemplarCity draft="provisional">Dublín</exemplarCity>
			</zone>
			<zone type="Asia/Baghdad">
				<exemplarCity draft="provisional">Bagdad</exemplarCity>
			</zone>
			<zone type="Asia/Tehran">
				<exemplarCity draft="provisional">Teheran</exemplarCity>
			</zone>
			<zone type="Europe/Rome">
				<exemplarCity draft="provisional">Roma</exemplarCity>
			</zone>
			<zone type="Asia/Tokyo">
				<exemplarCity draft="provisional">Tòquio</exemplarCity>
			</zone>
			<zone type="America/St_Kitts">
				<exemplarCity draft="provisional">St. Kitts</exemplarCity>
			</zone>
			<zone type="Asia/Seoul">
				<exemplarCity draft="provisional">Seül</exemplarCity>
			</zone>
			<zone type="America/Cayman">
				<exemplarCity draft="provisional">Caiman</exemplarCity>
			</zone>
			<zone type="America/St_Lucia">
				<exemplarCity draft="provisional">St. Lucia</exemplarCity>
			</zone>
			<zone type="Europe/Luxembourg">
				<exemplarCity draft="provisional">Luxemburg</exemplarCity>
			</zone>
			<zone type="Europe/Monaco">
				<exemplarCity draft="provisional">Mònaco</exemplarCity>
			</zone>
			<zone type="Asia/Ulaanbaatar">
				<exemplarCity draft="provisional">Ulan Bator</exemplarCity>
			</zone>
			<zone type="America/Martinique">
				<exemplarCity draft="provisional">Martinica</exemplarCity>
			</zone>
			<zone type="Indian/Mauritius">
				<exemplarCity draft="provisional">Maurici</exemplarCity>
			</zone>
			<zone type="Indian/Maldives">
				<exemplarCity draft="provisional">Les Maldives</exemplarCity>
			</zone>
			<zone type="Pacific/Noumea">
				<exemplarCity draft="provisional">Numea</exemplarCity>
			</zone>
			<zone type="Asia/Katmandu">
				<exemplarCity draft="provisional">Katmandú</exemplarCity>
			</zone>
			<zone type="America/Panama">
				<exemplarCity draft="provisional">Panamà</exemplarCity>
			</zone>
			<zone type="Pacific/Tahiti">
				<exemplarCity draft="provisional">Tahití</exemplarCity>
			</zone>
			<zone type="Europe/Warsaw">
				<exemplarCity draft="provisional">Varsòvia</exemplarCity>
			</zone>
			<zone type="Atlantic/Azores">
				<exemplarCity draft="provisional">Açores</exemplarCity>
			</zone>
			<zone type="Europe/Lisbon">
				<exemplarCity draft="provisional">Lisboa</exemplarCity>
			</zone>
			<zone type="America/Asuncion">
				<exemplarCity draft="provisional">Asunción</exemplarCity>
			</zone>
			<zone type="Indian/Reunion">
				<exemplarCity draft="provisional">Reunió</exemplarCity>
			</zone>
			<zone type="Europe/Bucharest">
				<exemplarCity draft="provisional">Bucarest</exemplarCity>
			</zone>
			<zone type="Europe/Stockholm">
				<exemplarCity draft="provisional">Estocolm</exemplarCity>
			</zone>
			<zone type="Asia/Singapore">
				<exemplarCity draft="provisional">Singapur</exemplarCity>
			</zone>
			<zone type="Africa/Sao_Tome">
				<exemplarCity draft="provisional">Sao Tomé</exemplarCity>
			</zone>
			<zone type="America/El_Salvador">
				<exemplarCity draft="provisional">Salvador</exemplarCity>
			</zone>
			<zone type="Asia/Damascus">
				<exemplarCity draft="provisional">Damasc</exemplarCity>
			</zone>
			<zone type="America/Grand_Turk">
				<exemplarCity draft="provisional">Illes Turks i Caicos</exemplarCity>
			</zone>
			<zone type="Africa/Tunis">
				<exemplarCity draft="provisional">Tunísia</exemplarCity>
			</zone>
			<zone type="America/Port_of_Spain">
				<exemplarCity draft="provisional">Port Espanya</exemplarCity>
			</zone>
			<zone type="Europe/Kiev">
				<exemplarCity draft="provisional">Kíev</exemplarCity>
			</zone>
			<zone type="America/Anchorage">
				<exemplarCity draft="provisional">Hora d'Alaska</exemplarCity>
			</zone>
			<zone type="America/St_Vincent">
				<exemplarCity draft="provisional">Sant Vicenç</exemplarCity>
			</zone>
			<zone type="America/St_Thomas">
				<exemplarCity draft="provisional">Sant Tomàs</exemplarCity>
			</zone>
		</timeZoneNames>
	</dates>
	<numbers>
		<symbols>
			<decimal>,</decimal>
			<group>.</group>
		</symbols>
		<currencyFormats>
			<currencyFormatLength>
				<currencyFormat>
					<pattern>#,##0.00 ¤</pattern>
				</currencyFormat>
			</currencyFormatLength>
		</currencyFormats>
		<currencies>
			<currency type="ADP">
				<displayName>Pesseta d'Andorra</displayName>
				<displayName alt="proposed-x1001" draft="unconfirmed">Peseta d'Andorra</displayName>
			</currency>
			<currency type="AED">
				<displayName draft="provisional">Dirhem dels Emirats Àrabs Units</displayName>
			</currency>
			<currency type="ARS">
				<displayName>Peso argentí</displayName>
				<displayName alt="proposed-x1001" draft="unconfirmed">Pes argentí</displayName>
			</currency>
			<currency type="AUD">
				<displayName draft="provisional">Dòlar australià</displayName>
				<displayName alt="proposed-x1001" draft="unconfirmed">Dòlar Australià</displayName>
			</currency>
			<currency type="BEF">
				<displayName references="RP2" draft="provisional">Franc belga</displayName>
			</currency>
			<currency type="BGN">
				<displayName draft="provisional">Lev búlgar</displayName>
			</currency>
			<currency type="BND">
				<displayName draft="provisional">Dòlar de Brunei</displayName>
			</currency>
			<currency type="BOB">
				<displayName draft="provisional">peso bolivià</displayName>
				<displayName alt="proposed-x1001" draft="unconfirmed">Pes bolivià</displayName>
			</currency>
			<currency type="BRL">
				<displayName>Real brasiler</displayName>
			</currency>
			<currency type="CAD">
				<displayName draft="provisional">Dòlar canadenc</displayName>
				<displayName alt="proposed-x1001" draft="unconfirmed">Dòlar Canadenc</displayName>
			</currency>
			<currency type="CHF">
				<displayName draft="provisional">Franc suís</displayName>
				<displayName alt="proposed-x1001" draft="unconfirmed">Franc Suís</displayName>
			</currency>
			<currency type="CLP">
				<displayName draft="provisional">Peso xilè</displayName>
				<displayName alt="proposed-x1001" draft="unconfirmed">Pes xilè</displayName>
			</currency>
			<currency type="CNY">
				<displayName>Iuan renmimbi xinès</displayName>
				<displayName alt="proposed-x1001" draft="unconfirmed">Iuan renmimbi</displayName>
			</currency>
			<currency type="COP">
				<displayName draft="provisional">Peso colombià</displayName>
				<displayName alt="proposed-x1001" draft="unconfirmed">Pes colombià</displayName>
			</currency>
			<currency type="CZK">
				<displayName draft="provisional">Corona txeca</displayName>
			</currency>
			<currency type="DEM">
				<displayName draft="provisional">Marc alemany</displayName>
				<displayName alt="proposed-x1001" draft="unconfirmed">Marc Alemany</displayName>
			</currency>
			<currency type="DKK">
				<displayName draft="provisional">Corona danesa</displayName>
			</currency>
			<currency type="DZD">
				<displayName draft="provisional">Dinar algerià</displayName>
			</currency>
			<currency type="EEK">
				<displayName draft="provisional">Corona estoniana</displayName>
			</currency>
			<currency type="EGP">
				<displayName draft="provisional">Lliura egípcia</displayName>
			</currency>
			<currency type="ESP">
				<pattern>¤ #,##0;-¤ #,##0</pattern>
				<symbol>₧</symbol>
				<decimal>,</decimal>
				<group>.</group>
			</currency>
			<currency type="EUR">
				<displayName>Euro</displayName>
			</currency>
			<currency type="FJD">
				<displayName draft="provisional">Dòlar fijià</displayName>
			</currency>
			<currency type="FRF">
				<displayName draft="provisional">Franc francès</displayName>
				<displayName alt="proposed-x1001" draft="unconfirmed">Franc Francès</displayName>
			</currency>
			<currency type="GBP">
				<displayName>Lliura esterlina britànica</displayName>
				<displayName alt="proposed-x1001" draft="unconfirmed">Lliura Esterlina</displayName>
			</currency>
			<currency type="HKD">
				<displayName draft="provisional">Dòlar De Hong Kong</displayName>
			</currency>
			<currency type="HRK">
				<displayName draft="provisional">Kuna croata</displayName>
			</currency>
			<currency type="HUF">
				<displayName draft="provisional">Forint hongarès</displayName>
			</currency>
			<currency type="IDR">
				<displayName draft="provisional">Rupia indonèsia</displayName>
			</currency>
			<currency type="ILS">
				<displayName draft="provisional">Xéquel</displayName>
			</currency>
			<currency type="INR">
				<displayName>Rupia índia</displayName>
				<displayName alt="proposed-x1001" draft="unconfirmed">Rúpia Índia</displayName>
			</currency>
			<currency type="ITL">
				<displayName draft="provisional">Lira italiana</displayName>
			</currency>
			<currency type="JPY">
				<displayName>Ien japonès</displayName>
			</currency>
			<currency type="KES">
				<displayName draft="provisional">Xíling kenyà</displayName>
			</currency>
			<currency type="KRW">
				<displayName draft="provisional">Won (Corea Del Sud)</displayName>
			</currency>
			<currency type="LTL">
				<displayName draft="provisional">Litas lituà</displayName>
			</currency>
			<currency type="MAD">
				<displayName draft="provisional">Dirhem marroquí</displayName>
			</currency>
			<currency type="MTL">
				<displayName draft="provisional">Lira maltesa</displayName>
			</currency>
			<currency type="MXN">
				<displayName draft="provisional">Peso mexicà</displayName>
				<displayName alt="proposed-x1001" draft="unconfirmed">Peso Mexicà</displayName>
			</currency>
			<currency type="MYR">
				<displayName draft="provisional">Ringgit de Malàisia</displayName>
			</currency>
			<currency type="NOK">
				<displayName draft="provisional">Corona noruega</displayName>
			</currency>
			<currency type="NZD">
				<displayName draft="provisional">Dòlar Neozelandès</displayName>
			</currency>
			<currency type="PEN">
				<displayName draft="provisional">Nou sol peruà</displayName>
			</currency>
			<currency type="PHP">
				<displayName draft="provisional">Pes filipí</displayName>
			</currency>
			<currency type="PKR">
				<displayName draft="provisional">Rupia paquistanesa</displayName>
			</currency>
			<currency type="PLN">
				<displayName draft="provisional">Nou zloty polonès</displayName>
			</currency>
			<currency type="RON">
				<displayName draft="provisional">Nou leu romanès</displayName>
			</currency>
			<currency type="RSD">
				<displayName draft="provisional">Dinar serbi</displayName>
			</currency>
			<currency type="RUB">
				<displayName>Ruble rus</displayName>
				<displayName alt="proposed-x1001" draft="unconfirmed">Ruble</displayName>
			</currency>
			<currency type="SAR">
				<displayName draft="provisional">Rial saudí</displayName>
			</currency>
			<currency type="SEK">
				<displayName draft="provisional">Corona sueca</displayName>
			</currency>
			<currency type="SGD">
				<displayName draft="provisional">Dòlar De Singapur</displayName>
			</currency>
			<currency type="SIT">
				<displayName draft="provisional">Tolar eslovè</displayName>
			</currency>
			<currency type="SKK">
				<displayName draft="provisional">Corona eslovaca</displayName>
			</currency>
			<currency type="THB">
				<displayName draft="provisional">Baht tailandès</displayName>
			</currency>
			<currency type="TRL">
				<displayName draft="provisional">Lira turca</displayName>
			</currency>
			<currency type="TRY">
				<displayName draft="provisional">Nova lira turca</displayName>
			</currency>
			<currency type="TWD">
				<displayName draft="provisional">Dòlar Taiwanès</displayName>
			</currency>
			<currency type="UAH">
				<displayName draft="provisional">Hrívnia d’Ucraïna</displayName>
			</currency>
			<currency type="USD">
				<displayName>Dòlar EUA</displayName>
			</currency>
			<currency type="VEB">
				<displayName draft="provisional">Bolívar veneçolà</displayName>
			</currency>
			<currency type="VND">
				<displayName draft="provisional">Dong de Vietnam</displayName>
			</currency>
			<currency type="XXX">
				<displayName draft="provisional">Moneda desconeguda o incorrecta</displayName>
			</currency>
			<currency type="ZAR">
				<displayName draft="provisional">Rand</displayName>
			</currency>
		</currencies>
	</numbers>
	<posix>
		<messages>
			<yesstr draft="provisional">sí:s</yesstr>
			<yesstr alt="proposed-x1001" draft="unconfirmed">sí:si:s</yesstr>
			<nostr draft="provisional">no:n</nostr>
		</messages>
	</posix>
	<references>
		<reference type="R012" uri="http://www.termcat.net">l'Institut d'Estudis Catalans</reference>
		<reference type="RP1" uri="http://www.termcat.net" draft="provisional">Termcat</reference>
		<reference type="RP2" uri="http://dlc.iec.cat/" draft="provisional">Diccionari de la Llengua Catalana de l'Institut d'Estudis Catalans</reference>
		<reference type="RP3" uri="http://www.grec.net/home/cel/dicc.htm" draft="provisional">Diccionari d'Enciclopèdia Catalana</reference>
	</references>
</ldml>

