<?xml version="1.0" encoding="UTF-8" ?>
<!DOCTYPE ldml SYSTEM "http://www.unicode.org/cldr/dtd/1.5/ldml.dtd">
<ldml>
	<identity>
		<version number="$Revision: 1.15 $"/>
		<generation date="$Date: 2007/07/19 22:31:38 $"/>
		<language type="cop"/>
		<script type="Arab"/>
	</identity>
	<dates>
		<calendars>
			<calendar type="coptic">
				<months>
					<monthContext type="format">
						<monthWidth type="wide">
							<month type="1" alt="proposed-x1001" draft="unconfirmed">تﻮﺗ</month>
							<month type="2" alt="proposed-x1001" draft="unconfirmed">ﻪﺑﺎﺑ</month>
							<month type="3" alt="proposed-x1001" draft="unconfirmed">رﻮﺗﺎﻫ</month>
							<month type="4" alt="proposed-x1001" draft="unconfirmed">طﻮﺒﻫ</month>
							<month type="6" alt="proposed-x1001" draft="unconfirmed">ﺮﻴﺸﻣأ</month>
							<month type="7" alt="proposed-x1001" draft="unconfirmed">تﺎﻬﻣﺮﺑ</month>
							<month type="8" alt="proposed-x1001" draft="unconfirmed">هدﻮﻣﺮﺑ</month>
							<month type="9" alt="proposed-x1001" draft="unconfirmed">ﺲﻨﺸﺑ</month>
							<month type="10" alt="proposed-x1001" draft="unconfirmed">ﻪﻧؤﻮﺑ</month>
							<month type="11" alt="proposed-x1001" draft="unconfirmed">ﺐﻴﺑأ</month>
							<month type="12" alt="proposed-x1001" draft="unconfirmed">ىﺮﺴﻣ</month>
							<month type="13" alt="proposed-x1001" draft="unconfirmed">ﺮﻴﻐﺼﻟا ﺮﻬﺸﻟا</month>
						</monthWidth>
					</monthContext>
				</months>
			</calendar>
		</calendars>
	</dates>
</ldml>

