<?xml version="1.0" encoding="UTF-8" ?>
<!DOCTYPE ldml SYSTEM "http://www.unicode.org/cldr/dtd/1.5/ldml.dtd">
<ldml>
	<identity>
		<version number="$Revision: 1.50 $"/>
		<generation date="$Date: 2007/07/19 22:31:38 $"/>
		<language type="de"/>
		<territory type="CH"/>
	</identity>
	<localeDisplayNames>
		<territories>
			<territory type="BD">Bangladesh</territory>
			<territory type="BN">Brunei</territory>
			<territory type="BW">Botswana</territory>
			<territory type="CV">Kapverden</territory>
			<territory type="DJ">Djibouti</territory>
			<territory type="GB">Grossbritannien</territory>
			<territory type="MH">Marshall-Inseln</territory>
			<territory type="RW">Rwanda</territory>
			<territory type="SB">Salomon-Inseln</territory>
			<territory type="ST">Sao Tomé und Principe</territory>
			<territory type="ZW">Zimbabwe</territory>
		</territories>
	</localeDisplayNames>
	<delimiters>
		<quotationStart draft="contributed">«</quotationStart>
		<quotationEnd draft="contributed">»</quotationEnd>
		<alternateQuotationStart draft="contributed">‹</alternateQuotationStart>
		<alternateQuotationEnd draft="contributed">›</alternateQuotationEnd>
	</delimiters>
	<dates>
		<calendars>
			<calendar type="gregorian">
				<dateTimeFormats>
					<availableFormats>
						<dateFormatItem id="MMdd" draft="unconfirmed">MM-dd</dateFormatItem>
					</availableFormats>
				</dateTimeFormats>
			</calendar>
		</calendars>
	</dates>
	<numbers>
		<symbols>
			<decimal>.</decimal>
			<decimal alt="proposed-x1001" draft="unconfirmed">,</decimal>
			<group>'</group>
		</symbols>
		<currencyFormats>
			<currencyFormatLength>
				<currencyFormat>
					<pattern>¤ #,##0.00;¤-#,##0.00</pattern>
					<pattern alt="proposed-x1001" draft="unconfirmed">#,##0.00 ¤</pattern>
				</currencyFormat>
			</currencyFormatLength>
		</currencyFormats>
	</numbers>
</ldml>
<!-- Old Comments. See root.xml for more info.
URL: http://oss.software.ibm.com/cvs/icu/icu/source/data/locales/de_CH.txt?only_with_tag=final-update-LDML

Country names in de, de_AT, and de_CH are short names from the
list of names maintained by the German
Federal Permanent Committee for Geographic Names,
Sta"ndiger Ausschuss fu"r Geographische Namen (StAGN),
as published at its web site at
http://www.ifag.de/kartographie/Stagn/Staatennamen.htm
Date there: 1999-apr-19
-->

