<?xml version="1.0" encoding="UTF-8" ?>
<!DOCTYPE ldml SYSTEM "http://www.unicode.org/cldr/dtd/1.5/ldml.dtd">
<ldml>
	<identity>
		<version number="$Revision: 1.54 $"/>
		<generation date="$Date: 2007/08/21 16:11:36 $"/>
		<language type="en"/>
		<territory type="CA"/>
	</identity>
	<dates>
		<calendars>
			<calendar type="gregorian">
				<dateFormats>
					<dateFormatLength type="medium">
						<dateFormat>
							<pattern>yyyy-MM-dd</pattern>
							<pattern alt="proposed-x1001" draft="unconfirmed">d-MMM-yy</pattern>
						</dateFormat>
					</dateFormatLength>
					<dateFormatLength type="short">
						<dateFormat>
							<pattern references="RP1">yy-MM-dd</pattern>
							<pattern alt="proposed-x1001" draft="unconfirmed">dd/MM/yy</pattern>
						</dateFormat>
					</dateFormatLength>
				</dateFormats>
				<dateTimeFormats>
					<availableFormats>
						<dateFormatItem id="MMdd" draft="unconfirmed">dd/MM</dateFormatItem>
						<dateFormatItem id="yyMMM" draft="unconfirmed">MMM-yy</dateFormatItem>
					</availableFormats>
				</dateTimeFormats>
			</calendar>
		</calendars>
		<timeZoneNames>
			<metazone type="Newfoundland">
				<commonlyUsed>true</commonlyUsed>
			</metazone>
		</timeZoneNames>
	</dates>
	<numbers>
		<currencies>
			<currency type="CAD">
				<symbol>$</symbol>
			</currency>
			<currency type="USD">
				<symbol>US$</symbol>
			</currency>
		</currencies>
	</numbers>
</ldml>
<!-- Old Comments. See root.xml for more info.
URL: http://oss.software.ibm.com/cvs/icu/icu/source/data/locales/en_CA.txt?only_with_tag=final-update-LDML
-->

