<?xml version="1.0" encoding="UTF-8" ?>
<!DOCTYPE ldml SYSTEM "http://www.unicode.org/cldr/dtd/1.5/ldml.dtd">
<ldml>
	<identity>
		<version number="$Revision: 1.50 $"/>
		<generation date="$Date: 2007/08/21 16:11:36 $"/>
		<language type="en"/>
		<territory type="ZA"/>
	</identity>
	<dates>
		<calendars>
			<calendar type="gregorian">
				<dateFormats>
					<dateFormatLength type="full">
						<dateFormat>
							<pattern>EEEE dd MMMM yyyy</pattern>
						</dateFormat>
					</dateFormatLength>
					<dateFormatLength type="long">
						<dateFormat>
							<pattern>dd MMMM yyyy</pattern>
						</dateFormat>
					</dateFormatLength>
					<dateFormatLength type="medium">
						<dateFormat>
							<pattern>dd MMM yyyy</pattern>
						</dateFormat>
					</dateFormatLength>
					<dateFormatLength type="short">
						<dateFormat>
							<pattern>yyyy/MM/dd</pattern>
						</dateFormat>
					</dateFormatLength>
				</dateFormats>
				<timeFormats>
					<timeFormatLength type="full">
						<timeFormat>
							<pattern alt="proposed-x1001" draft="unconfirmed">h:mm:ss a</pattern>
						</timeFormat>
					</timeFormatLength>
					<timeFormatLength type="long">
						<timeFormat>
							<pattern alt="proposed-x1001" draft="unconfirmed">h:mm:ss a</pattern>
						</timeFormat>
					</timeFormatLength>
				</timeFormats>
				<dateTimeFormats>
					<availableFormats>
						<dateFormatItem id="MMdd" draft="unconfirmed">MM/dd</dateFormatItem>
						<dateFormatItem id="yyyyMM" draft="unconfirmed">yyyy/MM</dateFormatItem>
						<dateFormatItem id="yyyyMMMM" draft="unconfirmed">MMMM yyyy</dateFormatItem>
					</availableFormats>
				</dateTimeFormats>
			</calendar>
		</calendars>
		<timeZoneNames>
			<metazone type="Africa_Central">
				<commonlyUsed>true</commonlyUsed>
			</metazone>
			<metazone type="Africa_Eastern">
				<commonlyUsed>true</commonlyUsed>
			</metazone>
			<metazone type="Africa_Southern">
				<commonlyUsed>true</commonlyUsed>
			</metazone>
			<metazone type="Africa_Western">
				<commonlyUsed>true</commonlyUsed>
			</metazone>
		</timeZoneNames>
	</dates>
	<numbers>
		<symbols>
			<decimal draft="provisional">,</decimal>
			<group draft="provisional"> </group>
		</symbols>
		<currencyFormats>
			<currencyFormatLength>
				<currencyFormat>
					<pattern>¤#,##0.00</pattern>
				</currencyFormat>
			</currencyFormatLength>
		</currencyFormats>
	</numbers>
</ldml>

