<?xml version="1.0" encoding="UTF-8" ?>
<!DOCTYPE ldml SYSTEM "http://www.unicode.org/cldr/dtd/1.5/ldml.dtd">
<ldml>
	<identity>
		<version number="$Revision: 1.50 $"/>
		<generation date="$Date: 2007/07/21 21:12:28 $"/>
		<language type="es"/>
		<territory type="ES"/>
	</identity>
	<localeDisplayNames>
		<languages>
			<language type="ast" references="R041" draft="provisional">bable</language>
			<language type="chg" draft="unconfirmed">chagatai</language>
			<language type="eu" references="R041" draft="provisional">euskera</language>
			<language type="fi" references="R041" draft="provisional">finlandés</language>
			<language type="rom" references="R041" draft="provisional">caló</language>
			<language type="rom" alt="proposed-x1001" draft="unconfirmed">caló</language>
		</languages>
		<scripts>
			<script type="Egyp" draft="provisional">jeroglíficos egipcios</script>
			<script type="Egyp" alt="proposed-x1001" draft="unconfirmed">gerogríficos egipcios</script>
			<script type="Ethi">etíope</script>
			<script type="Hung" draft="provisional">húngaro antiguo</script>
			<script type="Hung" alt="proposed-x1001" draft="unconfirmed">Húngaro antiguo</script>
			<script type="Ital" draft="unconfirmed">antigua itálica</script>
			<script type="Latg" alt="proposed-x1001" draft="unconfirmed">Latín (variante gaélico)</script>
			<script type="Lina" draft="unconfirmed">linear A</script>
			<script type="Maya" draft="provisional">jeroglíficos mayas</script>
			<script type="Maya" alt="proposed-x1001" draft="unconfirmed">gerogríficos mayas</script>
			<script type="Mong" draft="provisional">mongol</script>
			<script type="Phnx" draft="provisional">fenicio</script>
			<script type="Phnx" alt="proposed-x1001" draft="unconfirmed">Fenicio</script>
		</scripts>
		<territories>
			<territory type="KG" draft="provisional">Kirguistán</territory>
			<territory type="VA" draft="provisional">Vaticano</territory>
		</territories>
		<measurementSystemNames>
			<measurementSystemName type="metric" draft="provisional">métrico</measurementSystemName>
		</measurementSystemNames>
	</localeDisplayNames>
	<characters>
		<exemplarCharacters draft="provisional">[a á b-e é f-i í j-n ñ o ó p-u ú ü v-z]</exemplarCharacters>
	</characters>
	<dates>
		<calendars>
			<calendar type="gregorian">
				<timeFormats>
					<timeFormatLength type="full">
						<timeFormat>
							<pattern>HH'H'mm''ss&quot; v</pattern>
						</timeFormat>
					</timeFormatLength>
					<timeFormatLength type="medium">
						<timeFormat>
							<pattern>H:mm:ss</pattern>
						</timeFormat>
					</timeFormatLength>
					<timeFormatLength type="short">
						<timeFormat>
							<pattern>H:mm</pattern>
						</timeFormat>
					</timeFormatLength>
				</timeFormats>
				<dateTimeFormats>
					<availableFormats>
						<dateFormatItem id="MMdd" draft="unconfirmed">dd/MM</dateFormatItem>
					</availableFormats>
				</dateTimeFormats>
				<fields>
					<field type="day">
						<relative type="2" references="R041" draft="provisional">pasado mañana</relative>
						<relative type="3" draft="provisional">dentro de tres días</relative>
						<relative type="-2" references="R041" draft="provisional">anteayer</relative>
						<relative type="-3" draft="provisional">hace tres días</relative>
					</field>
				</fields>
			</calendar>
		</calendars>
		<timeZoneNames>
			<zone type="Atlantic/Canary">
				<exemplarCity draft="provisional">Canarias</exemplarCity>
			</zone>
		</timeZoneNames>
	</dates>
	<numbers>
		<currencyFormats>
			<currencyFormatLength>
				<currencyFormat>
					<pattern>#,##0.00 ¤</pattern>
				</currencyFormat>
			</currencyFormatLength>
		</currencyFormats>
		<currencies>
			<currency type="ARS">
				<displayName alt="proposed-x1001" draft="unconfirmed">peso argentino</displayName>
			</currency>
			<currency type="AUD">
				<displayName alt="proposed-x1001" draft="unconfirmed">dólar australiano</displayName>
			</currency>
			<currency type="BEF">
				<displayName alt="proposed-x1001" draft="unconfirmed">franco belga</displayName>
			</currency>
			<currency type="ESP">
				<pattern>#,##0 ¤;-#,##0 ¤</pattern>
				<decimal>,</decimal>
				<group>.</group>
			</currency>
			<currency type="NLG">
				<displayName draft="provisional">florín holandés</displayName>
				<displayName alt="proposed-x1001" draft="unconfirmed">florín neerlandés</displayName>
			</currency>
		</currencies>
	</numbers>
</ldml>

