<?xml version="1.0" encoding="UTF-8" ?>
<!DOCTYPE ldml SYSTEM "http://www.unicode.org/cldr/dtd/1.5/ldml.dtd">
<ldml>
	<identity>
		<version number="$Revision: 1.49 $"/>
		<generation date="$Date: 2007/11/19 23:42:54 $"/>
		<language type="es"/>
		<territory type="MX"/>
	</identity>
	<numbers>
		<symbols>
			<decimal>.</decimal>
			<group>,</group>
		</symbols>
		<currencies>
			<currency type="MXN">
				<symbol>$</symbol>
			</currency>
		</currencies>
	</numbers>
</ldml>

