<?xml version="1.0" encoding="UTF-8" ?>
<!DOCTYPE ldml SYSTEM "http://www.unicode.org/cldr/dtd/1.5/ldml.dtd">
<ldml>
	<identity>
		<version number="$Revision: 1.62 $"/>
		<generation date="$Date: 2007/07/19 22:31:39 $"/>
		<language type="eu"/>
	</identity>
	<localeDisplayNames>
		<languages>
			<language type="af" draft="unconfirmed">afrikaans</language>
			<language type="am" draft="unconfirmed">amharikera</language>
			<language type="ar" draft="unconfirmed">arabiera</language>
			<language type="as" draft="unconfirmed">assamera</language>
			<language type="az" draft="unconfirmed">azerbaijanera</language>
			<language type="be" draft="unconfirmed">bielorrusiera</language>
			<language type="bg" draft="unconfirmed">bulgariera</language>
			<language type="bh" draft="unconfirmed">biharrera</language>
			<language type="bn" draft="unconfirmed">bengalera</language>
			<language type="br" draft="unconfirmed">bretoiera</language>
			<language type="bs" draft="unconfirmed">bosniera</language>
			<language type="ca" draft="unconfirmed">katalana</language>
			<language type="cs" draft="unconfirmed">txekiera</language>
			<language type="cy" draft="unconfirmed">{0&gt;welsh&lt;}100{&gt;galesera &lt;0}</language>
			<language type="da" draft="unconfirmed">daniera</language>
			<language type="de">alemanera</language>
			<language type="de" alt="proposed-x1001" draft="unconfirmed">alemanieraz</language>
			<language type="el" draft="unconfirmed">greziera</language>
			<language type="en">ingelera</language>
			<language type="en" alt="proposed-x1001" draft="unconfirmed">ingelesez</language>
			<language type="en_AU" draft="unconfirmed">ingelesa (australia)</language>
			<language type="en_GB" draft="unconfirmed">ingelesa (erresuma batua)</language>
			<language type="en_US" draft="unconfirmed">ingelesa (aeb)</language>
			<language type="eo" draft="unconfirmed">esperantoa</language>
			<language type="es">espainiera</language>
			<language type="es" alt="proposed-x1001" draft="unconfirmed">gazteleraz</language>
			<language type="et" draft="unconfirmed">estoniera</language>
			<language type="eu">euskara</language>
			<language type="fa" draft="unconfirmed">pertsiera</language>
			<language type="fi" draft="unconfirmed">finlandiera</language>
			<language type="fil" draft="unconfirmed">tagalo</language>
			<language type="fo" draft="unconfirmed">faroera</language>
			<language type="fr">frantsesera</language>
			<language type="fr" alt="proposed-x1001" draft="unconfirmed">frantsesez</language>
			<language type="fy" draft="unconfirmed">frisiarra</language>
			<language type="ga" draft="unconfirmed">gaelikoa</language>
			<language type="gd" draft="unconfirmed">eskoziar gaelikoa</language>
			<language type="gl" draft="unconfirmed">galegoa</language>
			<language type="gn" draft="unconfirmed">guaraniera</language>
			<language type="gu" draft="unconfirmed">gujaratera</language>
			<language type="he" draft="unconfirmed">hebreera</language>
			<language type="hi" draft="unconfirmed">hindia</language>
			<language type="hr" draft="unconfirmed">kroaziera</language>
			<language type="hu" draft="unconfirmed">hungariera</language>
			<language type="hy" draft="unconfirmed">armeniera</language>
			<language type="ia" draft="unconfirmed">interlingua</language>
			<language type="id" draft="unconfirmed">indonesiera</language>
			<language type="ie" draft="unconfirmed">interlingue</language>
			<language type="is" draft="unconfirmed">islandiera</language>
			<language type="it">italiera</language>
			<language type="ja">japoniera</language>
			<language type="ja" alt="proposed-x1001" draft="unconfirmed">japonieraz</language>
			<language type="jv" draft="unconfirmed">javera</language>
			<language type="ka" draft="unconfirmed">georgiera</language>
			<language type="km" draft="unconfirmed">khemerera</language>
			<language type="kn" draft="unconfirmed">kannada</language>
			<language type="ko" draft="unconfirmed">koreera</language>
			<language type="ku" draft="unconfirmed">kurduera</language>
			<language type="ky" draft="unconfirmed">kirgizera</language>
			<language type="la" draft="unconfirmed">latina</language>
			<language type="ln" draft="unconfirmed">lingala</language>
			<language type="lo" draft="unconfirmed">laosera</language>
			<language type="lt" draft="unconfirmed">lituaniera</language>
			<language type="lv" draft="unconfirmed">letoniera</language>
			<language type="mk" draft="unconfirmed">mazedoniera</language>
			<language type="ml" draft="unconfirmed">malayalamera</language>
			<language type="mn" draft="unconfirmed">mongoliera</language>
			<language type="mr" draft="unconfirmed">marathera</language>
			<language type="ms" draft="unconfirmed">malaysiera</language>
			<language type="mt" draft="unconfirmed">maltera</language>
			<language type="ne" draft="unconfirmed">nepalera</language>
			<language type="nl" draft="unconfirmed">nederlandera</language>
			<language type="nn" draft="unconfirmed">norvegiera (nynorsk)</language>
			<language type="no" draft="unconfirmed">norvegiera</language>
			<language type="oc" draft="unconfirmed">okzitaniera</language>
			<language type="or" draft="unconfirmed">oriya</language>
			<language type="pa" draft="unconfirmed">punjabera</language>
			<language type="pl" draft="unconfirmed">poloniera</language>
			<language type="ps" draft="unconfirmed">paxtuera</language>
			<language type="pt">portugalera</language>
			<language type="pt_BR" draft="unconfirmed">portugesa (brasil)</language>
			<language type="pt_PT" draft="unconfirmed">portugesa (portugal)</language>
			<language type="ro" draft="unconfirmed">errumaniera</language>
			<language type="ru">errusiera</language>
			<language type="sa" draft="unconfirmed">sanskritoa</language>
			<language type="sd" draft="unconfirmed">sindhia</language>
			<language type="sh" draft="unconfirmed">serbokroaziera</language>
			<language type="si" draft="unconfirmed">sinhala</language>
			<language type="sk" draft="unconfirmed">eslovakiera</language>
			<language type="sl" draft="unconfirmed">esloveniera</language>
			<language type="so" draft="unconfirmed">somaliera</language>
			<language type="sq" draft="unconfirmed">albaniera</language>
			<language type="sr" draft="unconfirmed">serbiera</language>
			<language type="st" draft="unconfirmed">sesothoera</language>
			<language type="su" draft="unconfirmed">sundanera</language>
			<language type="sv" draft="unconfirmed">suediera</language>
			<language type="sw" draft="unconfirmed">swahili</language>
			<language type="ta" draft="unconfirmed">tamilera</language>
			<language type="te" draft="unconfirmed">telugua</language>
			<language type="th" draft="unconfirmed">thailandiera</language>
			<language type="ti" draft="unconfirmed">tigrinya</language>
			<language type="tk" draft="unconfirmed">turkmeniera</language>
			<language type="tl" draft="unconfirmed">tagalog</language>
			<language type="tlh" draft="unconfirmed">klingonera</language>
			<language type="tr" draft="unconfirmed">turkiera</language>
			<language type="tw" draft="unconfirmed">twia</language>
			<language type="ug" draft="unconfirmed">uigurrera</language>
			<language type="uk" draft="unconfirmed">ukrainera</language>
			<language type="ur" draft="unconfirmed">urdu</language>
			<language type="uz" draft="unconfirmed">uzbekera</language>
			<language type="vi" draft="unconfirmed">vietnamera</language>
			<language type="xh" draft="unconfirmed">xhosa</language>
			<language type="yi" draft="unconfirmed">yiddishera</language>
			<language type="zh">txinera</language>
			<language type="zh_Hans" draft="unconfirmed">txinera (soildua)</language>
			<language type="zh_Hant" draft="unconfirmed">txinera (tradizionala)</language>
			<language type="zu" draft="unconfirmed">zuluera</language>
		</languages>
		<territories>
			<territory type="AE">Arabiar Emirrerri Batuak</territory>
			<territory type="AE" alt="proposed-x1001" draft="unconfirmed">Arabiar Emirerri Batuak</territory>
			<territory type="AF">Afganistan</territory>
			<territory type="AG">Antigua eta Barbuda</territory>
			<territory type="AL" draft="unconfirmed">Albania</territory>
			<territory type="AM" draft="unconfirmed">Armenia</territory>
			<territory type="AN" draft="unconfirmed">Nederlandar Antillak</territory>
			<territory type="AO" draft="unconfirmed">Angola</territory>
			<territory type="AQ">Antartika</territory>
			<territory type="AR" draft="unconfirmed">Argentina</territory>
			<territory type="AS" draft="unconfirmed">Samoa Estatubatuarra</territory>
			<territory type="AT" draft="unconfirmed">Austria</territory>
			<territory type="AU" draft="unconfirmed">Australia</territory>
			<territory type="AX" draft="unconfirmed">Aland Uharteak</territory>
			<territory type="AZ" draft="unconfirmed">Azerbaijan</territory>
			<territory type="BA">Bosnia-Herzegovina</territory>
			<territory type="BD" draft="unconfirmed">Bangladesh</territory>
			<territory type="BE">Belgika</territory>
			<territory type="BF" draft="unconfirmed">Burkina Faso</territory>
			<territory type="BG" draft="unconfirmed">Bulgaria</territory>
			<territory type="BI" draft="unconfirmed">Burundi</territory>
			<territory type="BJ" draft="unconfirmed">Benin</territory>
			<territory type="BO">Bolibia</territory>
			<territory type="BO" alt="proposed-x1001" draft="unconfirmed">Bolivia</territory>
			<territory type="BR">Brasil</territory>
			<territory type="BS">Bahamak</territory>
			<territory type="BT" draft="unconfirmed">Bh2utan</territory>
			<territory type="BV" draft="unconfirmed">Bouvet Uhartea</territory>
			<territory type="BW" draft="unconfirmed">Botswana</territory>
			<territory type="BY">Bielorrusia</territory>
			<territory type="CA">Kanada</territory>
			<territory type="CC" draft="unconfirmed">Cocos uharteak</territory>
			<territory type="CD" draft="unconfirmed">Kongoko Errepublika Demokratikoa</territory>
			<territory type="CF">Afrika Erdiko Errepublika</territory>
			<territory type="CG">Kongo</territory>
			<territory type="CH">Suitza</territory>
			<territory type="CI">Boli Kosta</territory>
			<territory type="CK" draft="unconfirmed">Cook uharteak</territory>
			<territory type="CL">Txile</territory>
			<territory type="CM">Kamerun</territory>
			<territory type="CN">Txina</territory>
			<territory type="CO">Kolonbia</territory>
			<territory type="CS">Serbia eta Montenegro</territory>
			<territory type="CU">Kuba</territory>
			<territory type="CV">Cabo Verde</territory>
			<territory type="CX" draft="unconfirmed">Christmas uhartea</territory>
			<territory type="CY">Zipre</territory>
			<territory type="CZ">Txekiar errepublika</territory>
			<territory type="DE">Alemania</territory>
			<territory type="DJ">Djibuti</territory>
			<territory type="DK">Danimarka</territory>
			<territory type="DM">Dominika</territory>
			<territory type="DO">Dominikar Errepublika</territory>
			<territory type="DZ">Aljeria</territory>
			<territory type="EC">Ekuador</territory>
			<territory type="EE" draft="unconfirmed">Estonia</territory>
			<territory type="EG">Egipto</territory>
			<territory type="EH">Mendebaldeko Sahara</territory>
			<territory type="ER" draft="unconfirmed">Eritrea</territory>
			<territory type="ES">Espainia</territory>
			<territory type="ET">Etiopia</territory>
			<territory type="FI">Finlandia</territory>
			<territory type="FK" draft="unconfirmed">Malvinak</territory>
			<territory type="FM">Mikronesia</territory>
			<territory type="FO" draft="unconfirmed">Faroe Uharteak</territory>
			<territory type="FR">Frantzia</territory>
			<territory type="GA" draft="unconfirmed">Gabon</territory>
			<territory type="GB" draft="unconfirmed">Erresuma Batua</territory>
			<territory type="GE" draft="unconfirmed">Georgia</territory>
			<territory type="GF" draft="unconfirmed">Guyana Frantsesa</territory>
			<territory type="GG" draft="unconfirmed">Guernsey</territory>
			<territory type="GH" draft="unconfirmed">Ghana</territory>
			<territory type="GL" draft="unconfirmed">Groenlandia</territory>
			<territory type="GM" draft="unconfirmed">Gambia</territory>
			<territory type="GN">Ginea</territory>
			<territory type="GQ">Ekuatore Ginea</territory>
			<territory type="GR">Grezia</territory>
			<territory type="GS" draft="unconfirmed">Hegoaldeko Georgia eta Hegoaldeko Sandwich uharteak</territory>
			<territory type="GW">Ginea-Bissau</territory>
			<territory type="GW" alt="proposed-x1001" draft="unconfirmed">Ginea Bissau</territory>
			<territory type="HM" draft="unconfirmed">Heard eta McDonald Uharteak</territory>
			<territory type="HN" draft="unconfirmed">Honduras</territory>
			<territory type="HR">Kroazia</territory>
			<territory type="HT" draft="unconfirmed">Haiti</territory>
			<territory type="HU">Hungaria</territory>
			<territory type="ID" draft="unconfirmed">Indonesia</territory>
			<territory type="IE">Irlanda</territory>
			<territory type="IL" draft="unconfirmed">Israel</territory>
			<territory type="IM" draft="unconfirmed">Man uhartea</territory>
			<territory type="IN">India</territory>
			<territory type="IO" draft="unconfirmed">Indiako Ozeanoko Britainiar Lurraldea</territory>
			<territory type="IQ">Irak</territory>
			<territory type="IR" draft="unconfirmed">Iran</territory>
			<territory type="IS">Islandia</territory>
			<territory type="IT">Italia</territory>
			<territory type="JE" draft="unconfirmed">Jersey</territory>
			<territory type="JM">Jamaika</territory>
			<territory type="JO">Jordania</territory>
			<territory type="JP">Japonia</territory>
			<territory type="KE">Kenia</territory>
			<territory type="KE" alt="proposed-x1001" draft="unconfirmed">Kenya</territory>
			<territory type="KG">Kirgizistan</territory>
			<territory type="KH">Kanbodia</territory>
			<territory type="KI" draft="unconfirmed">Kiribati</territory>
			<territory type="KM">Komoreak</territory>
			<territory type="KN">Saint Kitts eta Nevis</territory>
			<territory type="KP">Ipar Korea</territory>
			<territory type="KR">Hego Korea</territory>
			<territory type="KY" draft="unconfirmed">Kaiman Uharteak</territory>
			<territory type="KZ" draft="unconfirmed">Kazakhstan</territory>
			<territory type="LA" draft="unconfirmed">Laos</territory>
			<territory type="LB">Libano</territory>
			<territory type="LC">Santa Luzia</territory>
			<territory type="LI" draft="unconfirmed">Liechtenstein</territory>
			<territory type="LK" draft="unconfirmed">Sri Lanka</territory>
			<territory type="LR" draft="unconfirmed">Liberia</territory>
			<territory type="LS" draft="unconfirmed">Lesotho</territory>
			<territory type="LT">Lituania</territory>
			<territory type="LU">Luxenburgo</territory>
			<territory type="LV">Letonia</territory>
			<territory type="LY">Libia</territory>
			<territory type="MA">Maroko</territory>
			<territory type="MC">Monako</territory>
			<territory type="MD">Moldavia</territory>
			<territory type="ME" draft="unconfirmed">Montenegro</territory>
			<territory type="MG">Madagaskar</territory>
			<territory type="MH">Marshall uharteak</territory>
			<territory type="MK">Mazedonia</territory>
			<territory type="ML" draft="unconfirmed">Mali</territory>
			<territory type="MM" draft="unconfirmed">Birmania</territory>
			<territory type="MN" draft="unconfirmed">Mongolia</territory>
			<territory type="MO" draft="unconfirmed">Macau</territory>
			<territory type="MP" draft="unconfirmed">Iparraldeko Mariana uharteak</territory>
			<territory type="MR" draft="unconfirmed">Mauritania</territory>
			<territory type="MU">Maurizio</territory>
			<territory type="MV">Maldivak</territory>
			<territory type="MW" draft="unconfirmed">Malawi</territory>
			<territory type="MX">Mexiko</territory>
			<territory type="MY">Malasia</territory>
			<territory type="MY" alt="proposed-x1001" draft="unconfirmed">Malaysia</territory>
			<territory type="MZ">Mozambike</territory>
			<territory type="NA" draft="unconfirmed">Namibia</territory>
			<territory type="NC" draft="unconfirmed">Kaledonia Berria</territory>
			<territory type="NE" draft="unconfirmed">Niger</territory>
			<territory type="NF" draft="unconfirmed">Norfolk uhartea</territory>
			<territory type="NG" draft="unconfirmed">Nigeria</territory>
			<territory type="NI">Nikaragua</territory>
			<territory type="NL">Herbehereak</territory>
			<territory type="NO">Norvegia</territory>
			<territory type="NP" draft="unconfirmed">Nepal</territory>
			<territory type="NZ">Zeelanda Berria</territory>
			<territory type="OM" draft="unconfirmed">Oman</territory>
			<territory type="PE" draft="unconfirmed">Peru</territory>
			<territory type="PF" draft="unconfirmed">Polinesia Frantsesa</territory>
			<territory type="PG">Papua Ginea Berria</territory>
			<territory type="PH">Filipinak</territory>
			<territory type="PK" draft="unconfirmed">Pakistan</territory>
			<territory type="PL">Polonia</territory>
			<territory type="PM" draft="unconfirmed">Saint-Pierre eta Mikelune</territory>
			<territory type="PS" draft="unconfirmed">Palestina</territory>
			<territory type="PT" draft="unconfirmed">Portugal</territory>
			<territory type="PY">Paraguai</territory>
			<territory type="PY" alt="proposed-x1001" draft="unconfirmed">Paraguay</territory>
			<territory type="QA">Katar</territory>
			<territory type="RO">Errumania</territory>
			<territory type="RS" draft="unconfirmed">Serbia</territory>
			<territory type="RU">Errusia</territory>
			<territory type="RW">Ruanda</territory>
			<territory type="SA" draft="unconfirmed">Saudi Arabia</territory>
			<territory type="SB">Salomon uharteak</territory>
			<territory type="SC">Seychelleak</territory>
			<territory type="SD" draft="unconfirmed">Sudan</territory>
			<territory type="SE">Suedia</territory>
			<territory type="SG">Singapur</territory>
			<territory type="SH" draft="unconfirmed">Saint Helena</territory>
			<territory type="SI">Eslovenia</territory>
			<territory type="SJ" draft="unconfirmed">Svalbard eta Jan Mayen uharteak</territory>
			<territory type="SK">Eslovakia</territory>
			<territory type="SL">Sierra Leona</territory>
			<territory type="SM" draft="unconfirmed">San Marino</territory>
			<territory type="SN" draft="unconfirmed">Senegal</territory>
			<territory type="SO" draft="unconfirmed">Somalia</territory>
			<territory type="SR">Surinam</territory>
			<territory type="ST">Sao Tomé eta Principe</territory>
			<territory type="ST" alt="proposed-x1001" draft="unconfirmed">Sao Tome eta Principe</territory>
			<territory type="SY">Siria</territory>
			<territory type="SZ">Swazilandia</territory>
			<territory type="TC" draft="unconfirmed">Turk eta Caico uharteak</territory>
			<territory type="TD">Txad</territory>
			<territory type="TF" draft="unconfirmed">Frantziaren Lurralde Australak</territory>
			<territory type="TG" draft="unconfirmed">Togo</territory>
			<territory type="TH">Tailandia</territory>
			<territory type="TH" alt="proposed-x1001" draft="unconfirmed">Thailandia</territory>
			<territory type="TJ">Tadjikistan</territory>
			<territory type="TK" draft="unconfirmed">Tokelau</territory>
			<territory type="TL" draft="unconfirmed">Ekialdeko Timor</territory>
			<territory type="TM" draft="unconfirmed">Turkmenistan</territory>
			<territory type="TN" draft="unconfirmed">Tunisia</territory>
			<territory type="TO" draft="unconfirmed">Tonga</territory>
			<territory type="TR">Turkia</territory>
			<territory type="TT">Trinidad eta Tobago</territory>
			<territory type="TV" draft="unconfirmed">Tuvalu</territory>
			<territory type="TW" draft="unconfirmed">Taiwan</territory>
			<territory type="TZ" draft="unconfirmed">Tanzania</territory>
			<territory type="UA">Ukraina</territory>
			<territory type="UG" draft="unconfirmed">Uganda</territory>
			<territory type="UM" draft="unconfirmed">Estatu Batuetatik urruti dauden uharte txikiak</territory>
			<territory type="US">Ameriketako Estatu Batuak</territory>
			<territory type="US" alt="proposed-x1001" draft="unconfirmed">Estatu Batuak</territory>
			<territory type="UY">Uruguai</territory>
			<territory type="UZ" draft="unconfirmed">Uzbekistan</territory>
			<territory type="VA">Vatikano</territory>
			<territory type="VA" alt="proposed-x1001" draft="unconfirmed">Vatikano Hiria</territory>
			<territory type="VC">Saint Vincent eta Grenadinak</territory>
			<territory type="VE" draft="unconfirmed">Venezuela</territory>
			<territory type="VG" draft="unconfirmed">Virginia uharteak (Erresuma Batua)</territory>
			<territory type="VI" draft="unconfirmed">Virginia uharteak (Ameriketako Estatu Batuak)</territory>
			<territory type="VN" draft="unconfirmed">Vietnam</territory>
			<territory type="VU" draft="unconfirmed">Vanuatu</territory>
			<territory type="WF" draft="unconfirmed">Wallis eta Futuna</territory>
			<territory type="WS" draft="unconfirmed">Samoa</territory>
			<territory type="YE" draft="unconfirmed">Yemen</territory>
			<territory type="ZA">Hegoafrika</territory>
			<territory type="ZA" alt="proposed-x1001" draft="unconfirmed">Hego Afrika</territory>
			<territory type="ZM" draft="unconfirmed">Zambia</territory>
			<territory type="ZW" draft="unconfirmed">Zimbabwe</territory>
		</territories>
	</localeDisplayNames>
	<characters>
		<exemplarCharacters>[a-c ç d-n ñ o-z]</exemplarCharacters>
	</characters>
	<delimiters>
		<quotationStart draft="unconfirmed">‘</quotationStart>
		<quotationEnd draft="unconfirmed">’</quotationEnd>
		<alternateQuotationStart draft="unconfirmed">“</alternateQuotationStart>
		<alternateQuotationEnd draft="unconfirmed">”</alternateQuotationEnd>
	</delimiters>
	<dates>
		<calendars>
			<calendar type="gregorian">
				<months>
					<monthContext type="format">
						<monthWidth type="abbreviated">
							<month type="1">urt</month>
							<month type="2">ots</month>
							<month type="3">mar</month>
							<month type="4">api</month>
							<month type="5">mai</month>
							<month type="6">eka</month>
							<month type="7">uzt</month>
							<month type="8">abu</month>
							<month type="9">ira</month>
							<month type="10">urr</month>
							<month type="11">aza</month>
							<month type="12">abe</month>
						</monthWidth>
						<monthWidth type="wide">
							<month type="1">urtarrila</month>
							<month type="2">otsaila</month>
							<month type="3">martxoa</month>
							<month type="4">apirila</month>
							<month type="5">maiatza</month>
							<month type="6">ekaina</month>
							<month type="7">uztaila</month>
							<month type="8">abuztua</month>
							<month type="9">iraila</month>
							<month type="10">urria</month>
							<month type="11">azaroa</month>
							<month type="12">abendua</month>
						</monthWidth>
					</monthContext>
					<monthContext type="stand-alone">
						<monthWidth type="narrow">
							<month type="1" draft="unconfirmed">1</month>
							<month type="2" draft="unconfirmed">2</month>
							<month type="3" draft="unconfirmed">3</month>
							<month type="4" draft="unconfirmed">4</month>
							<month type="5" draft="unconfirmed">5</month>
							<month type="6" draft="unconfirmed">6</month>
							<month type="7" draft="unconfirmed">7</month>
							<month type="8" draft="unconfirmed">8</month>
							<month type="9" draft="unconfirmed">9</month>
							<month type="10" draft="unconfirmed">10</month>
							<month type="11" draft="unconfirmed">11</month>
							<month type="12" draft="unconfirmed">12</month>
						</monthWidth>
					</monthContext>
				</months>
				<days>
					<dayContext type="format">
						<dayWidth type="abbreviated">
							<day type="sun">ig</day>
							<day type="sun" alt="proposed-x1001" draft="unconfirmed">igandea</day>
							<day type="mon">al</day>
							<day type="mon" alt="proposed-x1001" draft="unconfirmed">astelehena</day>
							<day type="tue">as</day>
							<day type="tue" alt="proposed-x1001" draft="unconfirmed">asteartea</day>
							<day type="wed">az</day>
							<day type="wed" alt="proposed-x1001" draft="unconfirmed">asteazkena</day>
							<day type="thu">og</day>
							<day type="thu" alt="proposed-x1001" draft="unconfirmed">osteguna</day>
							<day type="fri">or</day>
							<day type="fri" alt="proposed-x1001" draft="unconfirmed">ostirala</day>
							<day type="sat">lr</day>
							<day type="sat" alt="proposed-x1001" draft="unconfirmed">satelitea</day>
						</dayWidth>
						<dayWidth type="wide">
							<day type="sun">igandea</day>
							<day type="mon">astelehena</day>
							<day type="tue">asteartea</day>
							<day type="wed">asteazkena</day>
							<day type="thu">osteguna</day>
							<day type="fri">ostirala</day>
							<day type="sat">larunbata</day>
						</dayWidth>
					</dayContext>
					<dayContext type="stand-alone">
						<dayWidth type="narrow">
							<day type="sun" draft="unconfirmed">1</day>
							<day type="mon" draft="unconfirmed">2</day>
							<day type="tue" draft="unconfirmed">3</day>
							<day type="wed" draft="unconfirmed">4</day>
							<day type="thu" draft="unconfirmed">5</day>
							<day type="fri" draft="unconfirmed">6</day>
							<day type="sat" draft="unconfirmed">7</day>
						</dayWidth>
					</dayContext>
				</days>
				<quarters>
					<quarterContext type="format">
						<quarterWidth type="abbreviated">
							<quarter type="1" draft="unconfirmed">Hh1</quarter>
							<quarter type="2" draft="unconfirmed">Hh2</quarter>
							<quarter type="3" draft="unconfirmed">Hh3</quarter>
							<quarter type="4" draft="unconfirmed">Hh4</quarter>
						</quarterWidth>
						<quarterWidth type="wide">
							<quarter type="1" draft="unconfirmed">1. hiruhilekoa</quarter>
							<quarter type="2" draft="unconfirmed">2. hiruhilekoa</quarter>
							<quarter type="3" draft="unconfirmed">3. hiruhilekoa</quarter>
							<quarter type="4" draft="unconfirmed">4. hiruhilekoa</quarter>
						</quarterWidth>
					</quarterContext>
				</quarters>
				<am draft="unconfirmed">AM</am>
				<pm draft="unconfirmed">PM</pm>
				<eras>
					<eraAbbr>
						<era type="0" draft="unconfirmed">BCE</era>
						<era type="1" draft="unconfirmed">CE</era>
					</eraAbbr>
				</eras>
				<dateFormats>
					<dateFormatLength type="full">
						<dateFormat>
							<pattern draft="unconfirmed">EEEE, yyyy'eko' MMMM'ren' dd'a'</pattern>
							<pattern alt="proposed-x1001" draft="unconfirmed">EEEE, yyyy MMMM dd</pattern>
						</dateFormat>
					</dateFormatLength>
					<dateFormatLength type="long">
						<dateFormat>
							<pattern draft="unconfirmed">yyyy'eko' MMM'ren' dd'a'</pattern>
							<pattern alt="proposed-x1001" draft="unconfirmed">yyyy MMMM d</pattern>
						</dateFormat>
					</dateFormatLength>
					<dateFormatLength type="medium">
						<dateFormat>
							<pattern draft="unconfirmed">yyyy-MMM-dd</pattern>
							<pattern alt="proposed-x1001" draft="unconfirmed">yyyy MMM d</pattern>
						</dateFormat>
					</dateFormatLength>
					<dateFormatLength type="short">
						<dateFormat>
							<pattern draft="unconfirmed">yy-MM-dd</pattern>
							<pattern alt="proposed-x1001" draft="unconfirmed">yy/MM/dd</pattern>
						</dateFormat>
					</dateFormatLength>
				</dateFormats>
				<timeFormats>
					<timeFormatLength type="full">
						<timeFormat>
							<pattern draft="unconfirmed">HH:mm:ss v</pattern>
						</timeFormat>
					</timeFormatLength>
					<timeFormatLength type="long">
						<timeFormat>
							<pattern draft="unconfirmed">HH:mm:ss z</pattern>
						</timeFormat>
					</timeFormatLength>
					<timeFormatLength type="medium">
						<timeFormat>
							<pattern draft="unconfirmed">HH:mm:ss</pattern>
						</timeFormat>
					</timeFormatLength>
					<timeFormatLength type="short">
						<timeFormat>
							<pattern draft="unconfirmed">HH:mm</pattern>
						</timeFormat>
					</timeFormatLength>
				</timeFormats>
				<dateTimeFormats>
					<dateTimeFormatLength>
						<dateTimeFormat>
							<pattern draft="unconfirmed">{1} {0}</pattern>
						</dateTimeFormat>
					</dateTimeFormatLength>
					<availableFormats>
						<dateFormatItem id="yyQ" draft="unconfirmed">Q yy</dateFormatItem>
					</availableFormats>
				</dateTimeFormats>
			</calendar>
		</calendars>
		<timeZoneNames>
			<hourFormat draft="unconfirmed">+HH:mm;-HH:mm</hourFormat>
			<gmtFormat draft="unconfirmed">GMT{0}</gmtFormat>
			<regionFormat draft="unconfirmed">{0}</regionFormat>
			<zone type="Asia/Bahrain">
				<exemplarCity draft="unconfirmed">Bahrein</exemplarCity>
			</zone>
			<zone type="Atlantic/Bermuda">
				<exemplarCity draft="unconfirmed">Bermudak</exemplarCity>
			</zone>
			<zone type="Atlantic/Cape_Verde">
				<exemplarCity draft="unconfirmed">Cabo Verde</exemplarCity>
			</zone>
			<zone type="Africa/Djibouti">
				<exemplarCity draft="unconfirmed">Djibuti</exemplarCity>
			</zone>
			<zone type="America/Dominica">
				<exemplarCity draft="unconfirmed">Dominika</exemplarCity>
			</zone>
			<zone type="Europe/Madrid">
				<exemplarCity draft="unconfirmed">Madril</exemplarCity>
			</zone>
			<zone type="America/Guadeloupe">
				<exemplarCity draft="unconfirmed">Guadalupe</exemplarCity>
			</zone>
			<zone type="America/Jamaica">
				<exemplarCity draft="unconfirmed">Jamaika</exemplarCity>
			</zone>
			<zone type="Europe/Luxembourg">
				<exemplarCity draft="unconfirmed">Luxenburgo</exemplarCity>
			</zone>
			<zone type="Europe/Monaco">
				<exemplarCity draft="unconfirmed">Monako</exemplarCity>
			</zone>
			<zone type="America/Martinique">
				<exemplarCity draft="unconfirmed">Martinika</exemplarCity>
			</zone>
			<zone type="Indian/Mauritius">
				<exemplarCity draft="unconfirmed">Maurizio</exemplarCity>
			</zone>
			<zone type="Indian/Maldives">
				<exemplarCity draft="unconfirmed">Maldivak</exemplarCity>
			</zone>
			<zone type="Asia/Singapore">
				<exemplarCity draft="unconfirmed">Singapur</exemplarCity>
			</zone>
		</timeZoneNames>
	</dates>
	<numbers>
		<symbols>
			<decimal>,</decimal>
			<group>.</group>
		</symbols>
		<currencyFormats>
			<currencyFormatLength>
				<currencyFormat>
					<pattern>#,##0.00 ¤</pattern>
				</currencyFormat>
			</currencyFormatLength>
		</currencyFormats>
		<currencies>
			<currency type="ESP">
				<pattern>¤ #,##0;-¤ #,##0</pattern>
				<symbol>₧</symbol>
				<decimal>,</decimal>
				<group>.</group>
			</currency>
		</currencies>
	</numbers>
</ldml>
<!-- Old Comments. See root.xml for more info.
URL: http://oss.software.ibm.com/cvs/icu/icu/source/data/locales/eu.txt?only_with_tag=final-update-LDML

Fallback{ "en" }
CD { "Democratic Errepublika del Congo" }
CS { "Serbia eta Montenegro" } // TODO: if we allow this, then SP must go away
        "Latn",  // ISO 15924 Name
-->

