<?xml version="1.0" encoding="UTF-8" ?>
<!DOCTYPE ldml SYSTEM "http://www.unicode.org/cldr/dtd/1.5/ldml.dtd">
<ldml>
	<identity>
		<version number="$Revision: 1.8 $"/>
		<generation date="$Date: 2007/11/20 02:39:11 $"/>
		<language type="fil"/>
	</identity>
	<localeDisplayNames>
		<languages>
			<language type="af" draft="provisional">Afrikaans</language>
			<language type="am" draft="provisional">Amharic</language>
			<language type="ar" draft="provisional">Arabo</language>
			<language type="as" draft="provisional">Asamis</language>
			<language type="az" draft="provisional">Azerbaijani</language>
			<language type="be" draft="provisional">Belarusyan</language>
			<language type="bg" draft="provisional">Bulgarian</language>
			<language type="bh" draft="provisional">Bihari</language>
			<language type="bn" draft="provisional">Bengali; Bangla</language>
			<language type="br" draft="provisional">Breton</language>
			<language type="bs" draft="provisional">Bosnian</language>
			<language type="ca" draft="provisional">Catalan</language>
			<language type="cs" draft="provisional">Czech</language>
			<language type="cy" draft="provisional">Welsh</language>
			<language type="da" draft="provisional">Danish</language>
			<language type="de" draft="provisional">Aleman</language>
			<language type="el" draft="provisional">Griyego</language>
			<language type="en" draft="provisional">Ingles</language>
			<language type="en_AU" draft="provisional">Ingles (Australia)</language>
			<language type="en_GB" draft="provisional">Ingles (UK)</language>
			<language type="en_US" draft="provisional">Ingles (US)</language>
			<language type="eo" draft="provisional">Esperanto</language>
			<language type="es" draft="provisional">Espanyol</language>
			<language type="et" draft="provisional">Estonian</language>
			<language type="eu" draft="provisional">Basque</language>
			<language type="fa" draft="provisional">Persiyano</language>
			<language type="fi" draft="provisional">Finnish</language>
			<language type="fil" draft="provisional">Filipino</language>
			<language type="fo" draft="provisional">Faroeso</language>
			<language type="fr" draft="provisional">Pranses</language>
			<language type="fy" draft="provisional">Prisian</language>
			<language type="ga" draft="provisional">Irish</language>
			<language type="gd" draft="provisional">Scots Gaelic</language>
			<language type="gl" draft="provisional">Galician</language>
			<language type="gn" draft="provisional">Guarani</language>
			<language type="gu" draft="provisional">Mga Gujarat</language>
			<language type="he" draft="provisional">Hebreo</language>
			<language type="hi" draft="provisional">Hindu</language>
			<language type="hr" draft="provisional">Croatian</language>
			<language type="hu" draft="provisional">Hungarian</language>
			<language type="hy" draft="provisional">Taga-Armenya</language>
			<language type="ia" draft="provisional">Interlingua</language>
			<language type="id" draft="provisional">Indones</language>
			<language type="ie" draft="provisional">Kawikaan</language>
			<language type="is" draft="provisional">Icelandic</language>
			<language type="it" draft="provisional">Italyano</language>
			<language type="ja" draft="provisional">Hapon</language>
			<language type="jv" draft="provisional">Javanese</language>
			<language type="ka" draft="provisional">Georgian</language>
			<language type="km" draft="provisional">Kambodyan</language>
			<language type="kn" draft="provisional">Kannada</language>
			<language type="ko" draft="provisional">Koreano</language>
			<language type="ku" draft="provisional">Kurdish</language>
			<language type="ky" draft="provisional">Kergis</language>
			<language type="la" draft="provisional">Latino</language>
			<language type="ln" draft="provisional">Lingala</language>
			<language type="lo" draft="provisional">Laothian</language>
			<language type="lt" draft="provisional">Lithuanian</language>
			<language type="lv" draft="provisional">Latvian</language>
			<language type="mk" draft="provisional">Macedonian</language>
			<language type="ml" draft="provisional">Malayalam</language>
			<language type="mn" draft="provisional">Mongolian</language>
			<language type="mr" draft="provisional">Marathi</language>
			<language type="ms" draft="provisional">Malay</language>
			<language type="mt" draft="provisional">Maltese</language>
			<language type="ne" draft="provisional">Nepali</language>
			<language type="nl" draft="provisional">Dutch</language>
			<language type="nn" alt="proposed-x1001" draft="unconfirmed">Norwegian</language>
			<language type="no" draft="provisional">Norwegian</language>
			<language type="oc" draft="provisional">Occitan</language>
			<language type="or" draft="provisional">Oriya</language>
			<language type="pa" draft="provisional">Punjabi</language>
			<language type="pl" draft="provisional">Polish</language>
			<language type="ps" draft="provisional">Pashto</language>
			<language type="pt" draft="provisional">Portuges</language>
			<language type="pt_BR" draft="provisional">Portuges (Brasil)</language>
			<language type="rm" draft="provisional">Rhaeto-Romance</language>
			<language type="ro" draft="provisional">Romanian</language>
			<language type="ru" draft="provisional">Ruso</language>
			<language type="sa" draft="provisional">Sanskrit</language>
			<language type="sd" draft="provisional">Sindhi</language>
			<language type="sh" draft="provisional">Serbo-Kroasyan</language>
			<language type="si" draft="provisional">Sinhalese</language>
			<language type="sk" draft="provisional">Eslobak</language>
			<language type="sl" draft="provisional">Eslobenyan</language>
			<language type="so" draft="provisional">Somali</language>
			<language type="sq" draft="provisional">Albano</language>
			<language type="sr" draft="provisional">Serbiran</language>
			<language type="st" draft="provisional">Sesoto</language>
			<language type="su" draft="provisional">Taga Sundan</language>
			<language type="sv" draft="provisional">Suwiso</language>
			<language type="sw" draft="provisional">Swahili</language>
			<language type="ta" draft="provisional">Tamil</language>
			<language type="te" draft="provisional">Telugu</language>
			<language type="th" draft="provisional">Thai</language>
			<language type="ti" draft="provisional">Tigrinya</language>
			<language type="tk" draft="provisional">Turkmen</language>
			<language type="tl" draft="provisional">Tagalog</language>
			<language type="tlh" draft="provisional">Klingon</language>
			<language type="tr" draft="provisional">Turko</language>
			<language type="tw" draft="provisional">Twi</language>
			<language type="ug" draft="provisional">Uighur</language>
			<language type="uk" draft="provisional">Ukranian</language>
			<language type="ur" draft="provisional">Urdu</language>
			<language type="uz" draft="provisional">Uzbeko</language>
			<language type="vi" draft="provisional">Vietnamese</language>
			<language type="wo" draft="provisional">Wolof</language>
			<language type="xh" draft="provisional">Xhosa</language>
			<language type="yi" draft="provisional">Yiddish</language>
			<language type="zh_Hans" draft="provisional">Intsik (Pinadali)</language>
			<language type="zh_Hant" draft="provisional">Intsik (Tradisyunal)</language>
			<language type="zu" draft="provisional">Zulu</language>
		</languages>
		<territories>
			<territory type="AD" draft="unconfirmed">Andorra</territory>
			<territory type="AD" alt="proposed-x1001" draft="unconfirmed">Andorra</territory>
			<territory type="AE" draft="provisional">United Arab Emirates</territory>
			<territory type="AF" draft="provisional">Afghanistan</territory>
			<territory type="AG" draft="unconfirmed">Antigua at Barbuda</territory>
			<territory type="AG" alt="proposed-x1001" draft="unconfirmed">Antigua and Barbuda</territory>
			<territory type="AI" draft="unconfirmed">Anguilla</territory>
			<territory type="AL" draft="unconfirmed">Albanya</territory>
			<territory type="AM" draft="unconfirmed">Armenya</territory>
			<territory type="AN" draft="provisional">Netherlands Antilles</territory>
			<territory type="AO" draft="unconfirmed">Angola</territory>
			<territory type="AQ" draft="unconfirmed">Antartika</territory>
			<territory type="AR" draft="unconfirmed">Arhentina</territory>
			<territory type="AR" alt="proposed-x1001" draft="unconfirmed">Argentina</territory>
			<territory type="AS" draft="unconfirmed">American Samoa</territory>
			<territory type="AT" draft="unconfirmed">Austriya</territory>
			<territory type="AU" draft="unconfirmed">Australiya</territory>
			<territory type="AW" draft="unconfirmed">Aruba</territory>
			<territory type="AX" draft="unconfirmed">Aland Islands</territory>
			<territory type="AZ" draft="unconfirmed">Azerbaijan</territory>
			<territory type="BA" draft="unconfirmed">Bosnia and Herzegovina</territory>
			<territory type="BB" draft="unconfirmed">Barbados</territory>
			<territory type="BD" draft="unconfirmed">Bangladesh</territory>
			<territory type="BE" draft="unconfirmed">Belgium</territory>
			<territory type="BF" draft="unconfirmed">Burkina Faso</territory>
			<territory type="BG" draft="unconfirmed">Bulgaria</territory>
			<territory type="BH" draft="unconfirmed">Bahrain</territory>
			<territory type="BI" draft="unconfirmed">Burundi</territory>
			<territory type="BJ" draft="unconfirmed">Benin</territory>
			<territory type="BM" draft="unconfirmed">Bermuda</territory>
			<territory type="BN" draft="unconfirmed">Brunei</territory>
			<territory type="BO" draft="unconfirmed">Bolivia</territory>
			<territory type="BR" draft="unconfirmed">Brazil</territory>
			<territory type="BS" draft="unconfirmed">Bahamas</territory>
			<territory type="BT" draft="unconfirmed">Bhutan</territory>
			<territory type="BV" draft="unconfirmed">Bouvet Island</territory>
			<territory type="BW" draft="unconfirmed">Botswana</territory>
			<territory type="BY" draft="unconfirmed">Belarus</territory>
			<territory type="BZ" draft="unconfirmed">Belize</territory>
			<territory type="CA" draft="unconfirmed">Canada</territory>
			<territory type="CC" draft="unconfirmed">Cocos Islands</territory>
			<territory type="CD" draft="provisional">Congo, Democratic Republic of the</territory>
			<territory type="CF" draft="unconfirmed">Central African Republic</territory>
			<territory type="CG" draft="provisional">Congo</territory>
			<territory type="CH" draft="provisional">Switzerland</territory>
			<territory type="CI" draft="provisional">Côte d'Ivoire</territory>
			<territory type="CK" draft="unconfirmed">Cook Islands</territory>
			<territory type="CL" draft="unconfirmed">Chile</territory>
			<territory type="CM" draft="unconfirmed">Cameroon</territory>
			<territory type="CN" draft="unconfirmed">Tsina</territory>
			<territory type="CO" draft="unconfirmed">Colombia</territory>
			<territory type="CR" draft="unconfirmed">Costa Rica</territory>
			<territory type="CS" draft="provisional">Serbia at Montenegro</territory>
			<territory type="CU" draft="unconfirmed">Cuba</territory>
			<territory type="CV" draft="unconfirmed">Cape Verde</territory>
			<territory type="CX" draft="unconfirmed">Christmas Island</territory>
			<territory type="CY" draft="unconfirmed">Cyprus</territory>
			<territory type="CZ" draft="unconfirmed">Czech Republic</territory>
			<territory type="DE" draft="unconfirmed">Alemaya</territory>
			<territory type="DJ" draft="unconfirmed">Djibouti</territory>
			<territory type="DK" draft="unconfirmed">Denmark</territory>
			<territory type="DM" draft="unconfirmed">Dominica</territory>
			<territory type="DO" draft="unconfirmed">Dominican Republic</territory>
			<territory type="DZ" draft="unconfirmed">Algerya</territory>
			<territory type="EC" draft="unconfirmed">Ecuador</territory>
			<territory type="EE" draft="unconfirmed">Estonia</territory>
			<territory type="EG" draft="unconfirmed">Ehipto</territory>
			<territory type="EH" draft="provisional">Western Sahara</territory>
			<territory type="ER" draft="unconfirmed">Eritrea</territory>
			<territory type="ES" draft="provisional">Espanya</territory>
			<territory type="ET" draft="unconfirmed">Ethiopia</territory>
			<territory type="FI" draft="unconfirmed">Finland</territory>
			<territory type="FJ" draft="unconfirmed">Fiji</territory>
			<territory type="FK" draft="unconfirmed">Falkland Islands</territory>
			<territory type="FM" draft="provisional">Micronesia</territory>
			<territory type="FO" draft="unconfirmed">Faroe Islands</territory>
			<territory type="FR" draft="unconfirmed">Pranses</territory>
			<territory type="GA" draft="unconfirmed">Gabon</territory>
			<territory type="GB" draft="provisional">United Kingdom</territory>
			<territory type="GE" draft="unconfirmed">Georgia</territory>
			<territory type="GF" draft="unconfirmed">French Guiana</territory>
			<territory type="GG" draft="provisional">Guernsey</territory>
			<territory type="GH" draft="provisional">Ghana</territory>
			<territory type="GL" draft="provisional">Greenland</territory>
			<territory type="GM" draft="unconfirmed">Gambia</territory>
			<territory type="GN" draft="provisional">Guinea</territory>
			<territory type="GQ" draft="unconfirmed">Equatorial Guinea</territory>
			<territory type="GR" draft="unconfirmed">Griyego</territory>
			<territory type="GS" draft="provisional">South Georgia and the South Sandwich Islands</territory>
			<territory type="GW" draft="provisional">Guinea-Bissau</territory>
			<territory type="HM" draft="provisional">Heard Island and McDonald Islands</territory>
			<territory type="HN" draft="provisional">Honduras</territory>
			<territory type="HR" draft="unconfirmed">Croatia</territory>
			<territory type="HT" draft="provisional">Haiti</territory>
			<territory type="HU" draft="unconfirmed">Hungary</territory>
			<territory type="ID" draft="provisional">Indonesia</territory>
			<territory type="IE" draft="unconfirmed">Ireland</territory>
			<territory type="IL" draft="provisional">Israel</territory>
			<territory type="IM" draft="provisional">Isle of Man</territory>
			<territory type="IN" draft="provisional">India</territory>
			<territory type="IO" draft="unconfirmed">British Indian Ocean Territory</territory>
			<territory type="IQ" draft="provisional">Iraq</territory>
			<territory type="IR" draft="provisional">Iran</territory>
			<territory type="IS" draft="provisional">Iceland</territory>
			<territory type="IT" draft="unconfirmed">Italya</territory>
			<territory type="JE" draft="provisional">Jersey</territory>
			<territory type="JO" draft="provisional">Jordan</territory>
			<territory type="JP" draft="provisional">Japan</territory>
			<territory type="KE" draft="provisional">Kenya</territory>
			<territory type="KG" draft="provisional">Kyrgyzstan</territory>
			<territory type="KH" draft="unconfirmed">Cambodia</territory>
			<territory type="KI" draft="provisional">Kiribati</territory>
			<territory type="KM" draft="unconfirmed">Comoros</territory>
			<territory type="KN" draft="provisional">Saint Kitts and Nevis</territory>
			<territory type="KP" draft="provisional">Hilagang Korea</territory>
			<territory type="KR" draft="provisional">Timog Korea</territory>
			<territory type="KY" draft="unconfirmed">Cayman Islands</territory>
			<territory type="KZ" draft="provisional">Kazakhstan</territory>
			<territory type="LA" draft="provisional">Laos</territory>
			<territory type="LB" draft="provisional">Lebanon</territory>
			<territory type="LC" draft="provisional">Saint Lucia</territory>
			<territory type="LI" draft="provisional">Liechtenstein</territory>
			<territory type="LK" draft="provisional">Sri Lanka</territory>
			<territory type="LR" draft="provisional">Liberia</territory>
			<territory type="LS" draft="provisional">Lesotho</territory>
			<territory type="LT" draft="provisional">Lithuania</territory>
			<territory type="LV" draft="provisional">Latvia</territory>
			<territory type="LY" draft="provisional">Libya</territory>
			<territory type="MA" draft="provisional">Morocco</territory>
			<territory type="MD" draft="provisional">Moldova</territory>
			<territory type="ME" draft="provisional">Montenegro</territory>
			<territory type="MG" draft="provisional">Madagascar</territory>
			<territory type="MH" draft="provisional">Marshall Islands</territory>
			<territory type="MK" draft="provisional">Macedonia</territory>
			<territory type="ML" draft="provisional">Mali</territory>
			<territory type="MM" draft="provisional">Myanmar</territory>
			<territory type="MN" draft="provisional">Mongolia</territory>
			<territory type="MO" draft="provisional">Macao</territory>
			<territory type="MP" draft="provisional">Northern Mariana Islands</territory>
			<territory type="MR" draft="provisional">Mauritania</territory>
			<territory type="MW" draft="provisional">Malawi</territory>
			<territory type="MX" draft="provisional">Mehiko</territory>
			<territory type="MY" draft="provisional">Malaysia</territory>
			<territory type="MZ" draft="provisional">Mozambique</territory>
			<territory type="NA" draft="provisional">Namibia</territory>
			<territory type="NC" draft="provisional">New Caledonia</territory>
			<territory type="NE" draft="provisional">Niger</territory>
			<territory type="NF" draft="provisional">Norfolk Island</territory>
			<territory type="NG" draft="provisional">Nigeria</territory>
			<territory type="NI" draft="provisional">Nicaragua</territory>
			<territory type="NL" draft="provisional">Netherlands</territory>
			<territory type="NO" draft="provisional">Norway</territory>
			<territory type="NP" draft="provisional">Nepal</territory>
			<territory type="NZ" draft="provisional">New Zealand</territory>
			<territory type="OM" draft="provisional">Oman</territory>
			<territory type="PE" draft="provisional">Peru</territory>
			<territory type="PF" draft="unconfirmed">French Polynesia</territory>
			<territory type="PG" draft="provisional">Papua New Guinea</territory>
			<territory type="PH" draft="provisional">Pilipinas</territory>
			<territory type="PK" draft="provisional">Pakistan</territory>
			<territory type="PL" draft="provisional">Poland</territory>
			<territory type="PM" draft="provisional">Saint Pierre at Miquelon</territory>
			<territory type="PS" draft="provisional">Palestine</territory>
			<territory type="PT" draft="provisional">Portugal</territory>
			<territory type="PY" draft="provisional">Paraguay</territory>
			<territory type="RO" draft="provisional">Romania</territory>
			<territory type="RS" draft="provisional">Serbia</territory>
			<territory type="RU" draft="provisional">Russia</territory>
			<territory type="RW" draft="provisional">Rwanda</territory>
			<territory type="SA" draft="provisional">Saudi Arabya</territory>
			<territory type="SB" draft="provisional">Solomon Islands</territory>
			<territory type="SC" draft="provisional">Seychelles</territory>
			<territory type="SD" draft="provisional">Sudan</territory>
			<territory type="SE" draft="provisional">Sweden</territory>
			<territory type="SH" draft="provisional">Saint Helena</territory>
			<territory type="SI" draft="provisional">Slovenia</territory>
			<territory type="SJ" draft="provisional">Svalbard and Jan Mayen</territory>
			<territory type="SK" draft="provisional">Slovakia</territory>
			<territory type="SL" draft="provisional">Sierra Leone</territory>
			<territory type="SM" draft="provisional">San Marino</territory>
			<territory type="SN" draft="provisional">Senegal</territory>
			<territory type="SO" draft="provisional">Somalia</territory>
			<territory type="SR" draft="provisional">Suriname</territory>
			<territory type="ST" draft="provisional">São Tomé and Príncipe</territory>
			<territory type="SV" draft="unconfirmed">El Salvador</territory>
			<territory type="SY" draft="provisional">Syria</territory>
			<territory type="SZ" draft="provisional">Swaziland</territory>
			<territory type="TC" draft="provisional">Turks and Caicos Islands</territory>
			<territory type="TD" draft="unconfirmed">Chad</territory>
			<territory type="TF" draft="unconfirmed">French Southern Territories</territory>
			<territory type="TG" draft="provisional">Togo</territory>
			<territory type="TH" draft="provisional">Thailand</territory>
			<territory type="TJ" draft="provisional">Tajikistan</territory>
			<territory type="TK" draft="provisional">Tokelau</territory>
			<territory type="TL" draft="unconfirmed">East Timor</territory>
			<territory type="TM" draft="provisional">Turkmenistan</territory>
			<territory type="TN" draft="provisional">Tunisia</territory>
			<territory type="TO" draft="provisional">Tonga</territory>
			<territory type="TR" draft="provisional">Turkey</territory>
			<territory type="TT" draft="provisional">Trinidad and Tobago</territory>
			<territory type="TV" draft="provisional">Tuvalu</territory>
			<territory type="TW" draft="provisional">Taiwan</territory>
			<territory type="TZ" draft="provisional">Tanzania</territory>
			<territory type="UA" draft="provisional">Ukraine</territory>
			<territory type="UG" draft="provisional">Uganda</territory>
			<territory type="UM" draft="provisional">United States minor outlying islands</territory>
			<territory type="US" draft="provisional">United States</territory>
			<territory type="UY" draft="provisional">Uruguay</territory>
			<territory type="UZ" draft="provisional">Uzbekistan</territory>
			<territory type="VA" draft="provisional">Vatican City</territory>
			<territory type="VC" draft="provisional">Saint Vincent and the Grenadines</territory>
			<territory type="VE" draft="provisional">Venezuela</territory>
			<territory type="VG" draft="unconfirmed">British Virgin Islands</territory>
			<territory type="VG" alt="proposed-x1001" draft="unconfirmed">Virgin Islands, British</territory>
			<territory type="VI" draft="provisional">Virgin Islands, U.S.</territory>
			<territory type="VN" draft="provisional">Vietnam</territory>
			<territory type="VU" draft="provisional">Vanuatu</territory>
			<territory type="WF" draft="provisional">Wallis and Futuna</territory>
			<territory type="WS" draft="provisional">Samoa</territory>
			<territory type="YE" draft="provisional">Yemen</territory>
			<territory type="ZA" draft="provisional">Timog Afrika</territory>
			<territory type="ZM" draft="provisional">Zambia</territory>
			<territory type="ZW" draft="provisional">Zimbabwe</territory>
		</territories>
	</localeDisplayNames>
	<characters>
		<exemplarCharacters>[a-z {ng} ñ]</exemplarCharacters>
		<exemplarCharacters type="auxiliary">[áéíóúàèìòùâêîôû]</exemplarCharacters>
	</characters>
	<dates>
		<calendars>
			<calendar type="gregorian">
				<months>
					<monthContext type="format">
						<monthWidth type="abbreviated">
							<month type="1">Ene</month>
							<month type="2">Peb</month>
							<month type="3">Mar</month>
							<month type="4">Abr</month>
							<month type="4" alt="proposed-x1001" draft="unconfirmed">Apr</month>
							<month type="5">May</month>
							<month type="6">Hun</month>
							<month type="7">Hul</month>
							<month type="8">Ago</month>
							<month type="9">Set</month>
							<month type="10">Okt</month>
							<month type="11">Nob</month>
							<month type="12">Dis</month>
						</monthWidth>
						<monthWidth type="wide">
							<month type="1">Enero</month>
							<month type="2">Pebrero</month>
							<month type="3">Marso</month>
							<month type="4">Abril</month>
							<month type="5">Mayo</month>
							<month type="6">Hunyo</month>
							<month type="7">Hulyo</month>
							<month type="8">Agosto</month>
							<month type="9">Setyembre</month>
							<month type="9" alt="proposed-x1001" draft="unconfirmed">Septiyembre</month>
							<month type="10">Oktubre</month>
							<month type="11" draft="unconfirmed">Nobyembre</month>
							<month type="12">Disyembre</month>
						</monthWidth>
					</monthContext>
					<monthContext type="stand-alone">
						<monthWidth type="narrow">
							<month type="1">E</month>
							<month type="2">P</month>
							<month type="3">M</month>
							<month type="4">A</month>
							<month type="5">M</month>
							<month type="6">H</month>
							<month type="7">H</month>
							<month type="8">A</month>
							<month type="9">S</month>
							<month type="10">O</month>
							<month type="11">N</month>
							<month type="12">D</month>
						</monthWidth>
						<monthWidth type="wide">
							<month type="1" draft="unconfirmed">Enero</month>
							<month type="2" draft="unconfirmed">Pebrero</month>
							<month type="3" draft="unconfirmed">Marso</month>
							<month type="4" draft="unconfirmed">Abril</month>
							<month type="5" draft="unconfirmed">Mayo</month>
							<month type="6" draft="unconfirmed">Hunyo</month>
							<month type="7" draft="unconfirmed">Hulyo</month>
							<month type="8" draft="unconfirmed">Agosto</month>
							<month type="9" draft="unconfirmed">Setyembre</month>
							<month type="10" draft="unconfirmed">Oktubre</month>
							<month type="11" draft="unconfirmed">Nobyembre</month>
							<month type="12" draft="unconfirmed">Disyembre</month>
						</monthWidth>
					</monthContext>
				</months>
				<days>
					<dayContext type="format">
						<dayWidth type="abbreviated">
							<day type="sun">Lin</day>
							<day type="sun" alt="proposed-x1001" draft="unconfirmed">LI</day>
							<day type="mon">Lun</day>
							<day type="mon" alt="proposed-x1001" draft="unconfirmed">LU</day>
							<day type="tue">Mar</day>
							<day type="tue" alt="proposed-x1001" draft="unconfirmed">MA</day>
							<day type="wed">Mye</day>
							<day type="wed" alt="proposed-x1001" draft="unconfirmed">MI</day>
							<day type="thu">Huw</day>
							<day type="thu" alt="proposed-x1001" draft="unconfirmed">HU</day>
							<day type="fri">Bye</day>
							<day type="fri" alt="proposed-x1001" draft="unconfirmed">BI</day>
							<day type="sat">Sab</day>
							<day type="sat" alt="proposed-x1001" draft="unconfirmed">SA</day>
						</dayWidth>
						<dayWidth type="wide">
							<day type="sun">Linggo</day>
							<day type="mon">Lunes</day>
							<day type="tue">Martes</day>
							<day type="wed">Miyerkules</day>
							<day type="thu">Huwebes</day>
							<day type="fri">Biyernes</day>
							<day type="sat">Sabado</day>
						</dayWidth>
					</dayContext>
					<dayContext type="stand-alone">
						<dayWidth type="abbreviated">
							<day type="sun" alt="proposed-x1001" draft="unconfirmed">L</day>
							<day type="tue" alt="proposed-x1001" draft="unconfirmed">M</day>
						</dayWidth>
						<dayWidth type="narrow">
							<day type="sun">L</day>
							<day type="mon">L</day>
							<day type="tue">M</day>
							<day type="wed">M</day>
							<day type="thu">H</day>
							<day type="fri">B</day>
							<day type="sat">S</day>
						</dayWidth>
						<dayWidth type="wide">
							<day type="sun" draft="unconfirmed">Linggo</day>
							<day type="mon" alt="proposed-x1002" draft="unconfirmed">Lunes</day>
							<day type="tue" draft="unconfirmed">Martes</day>
							<day type="wed" draft="unconfirmed">Miyerkules</day>
							<day type="thu" draft="unconfirmed">Huwebes</day>
							<day type="fri" draft="unconfirmed">Biyernes</day>
							<day type="sat" draft="unconfirmed">Sabado</day>
						</dayWidth>
					</dayContext>
				</days>
				<dateFormats>
					<dateFormatLength type="full">
						<dateFormat>
							<pattern>EEEE, MMMM dd yyyy</pattern>
						</dateFormat>
					</dateFormatLength>
					<dateFormatLength type="long">
						<dateFormat>
							<pattern>MMMM d, yyyy</pattern>
						</dateFormat>
					</dateFormatLength>
					<dateFormatLength type="medium">
						<dateFormat>
							<pattern>MMM d, yyyy</pattern>
						</dateFormat>
					</dateFormatLength>
					<dateFormatLength type="short">
						<dateFormat>
							<pattern>M/d/yy</pattern>
						</dateFormat>
					</dateFormatLength>
				</dateFormats>
				<dateTimeFormats>
					<availableFormats>
						<dateFormatItem id="yyMM">yy-MM</dateFormatItem>
						<dateFormatItem id="yyMM" alt="proposed-x1001" draft="unconfirmed">MM-yy</dateFormatItem>
						<dateFormatItem id="yyMMM">MMM yy</dateFormatItem>
					</availableFormats>
				</dateTimeFormats>
			</calendar>
		</calendars>
		<timeZoneNames>
			<zone type="Antarctica/DumontDUrville">
				<exemplarCity draft="provisional">Dumont D'Urville</exemplarCity>
			</zone>
			<zone type="Africa/Porto-Novo">
				<exemplarCity draft="provisional">Porto - Novo</exemplarCity>
			</zone>
			<zone type="Africa/Kinshasa">
				<exemplarCity draft="provisional">Kinsashasa</exemplarCity>
			</zone>
			<zone type="Pacific/Easter">
				<exemplarCity draft="provisional">Easter Island</exemplarCity>
			</zone>
			<zone type="Indian/Christmas">
				<exemplarCity draft="provisional">Pasko.</exemplarCity>
			</zone>
			<zone type="Atlantic/Canary">
				<exemplarCity draft="provisional">Canary Islands</exemplarCity>
			</zone>
			<zone type="Asia/Tbilisi">
				<exemplarCity draft="provisional">Tbilisi.</exemplarCity>
			</zone>
			<zone type="Africa/Conakry">
				<exemplarCity draft="provisional">Conarky</exemplarCity>
			</zone>
			<zone type="America/St_Kitts">
				<exemplarCity draft="provisional">St. Kitts</exemplarCity>
			</zone>
			<zone type="America/St_Lucia">
				<exemplarCity draft="provisional">St. Lucia</exemplarCity>
			</zone>
			<zone type="Africa/Maseru">
				<exemplarCity draft="provisional">Maseru.</exemplarCity>
			</zone>
			<zone type="Asia/Hovd">
				<exemplarCity draft="provisional">Hovd.</exemplarCity>
			</zone>
			<zone type="Asia/Dushanbe">
				<exemplarCity draft="provisional">Dushanbe.</exemplarCity>
			</zone>
			<zone type="America/Port_of_Spain">
				<exemplarCity draft="provisional">Port nang Espanya</exemplarCity>
			</zone>
			<zone type="America/Anchorage">
				<exemplarCity draft="provisional">Alaska Time</exemplarCity>
			</zone>
			<zone type="America/St_Vincent">
				<exemplarCity draft="provisional">St. Vincent</exemplarCity>
			</zone>
			<zone type="America/St_Thomas">
				<exemplarCity draft="provisional">St. Thomas</exemplarCity>
			</zone>
			<zone type="Africa/Harare">
				<exemplarCity draft="provisional">Harare.</exemplarCity>
			</zone>
		</timeZoneNames>
	</dates>
	<numbers>
		<currencies>
			<currency type="AED">
				<displayName draft="provisional">United Arab Emirates Dirham</displayName>
			</currency>
			<currency type="ARS">
				<displayName draft="provisional">Argentine Peso</displayName>
			</currency>
			<currency type="AUD">
				<displayName draft="provisional">Dolyares ng Australia</displayName>
			</currency>
			<currency type="BGN">
				<displayName draft="provisional">Bulgarian Lev</displayName>
			</currency>
			<currency type="BOB">
				<displayName draft="provisional">Bolivian Boliviano</displayName>
			</currency>
			<currency type="BRL">
				<displayName draft="provisional">Brazilian Real</displayName>
			</currency>
			<currency type="CAD">
				<displayName draft="provisional">Dolyares ng Canada</displayName>
			</currency>
			<currency type="CHF">
				<displayName draft="provisional">Swiss Francs</displayName>
			</currency>
			<currency type="CLP">
				<displayName draft="provisional">Chilean Peso</displayName>
			</currency>
			<currency type="CNY">
				<displayName draft="provisional">Yuan Renminbi</displayName>
			</currency>
			<currency type="COP">
				<displayName draft="provisional">Colombian Peso</displayName>
			</currency>
			<currency type="CZK">
				<displayName draft="provisional">Czech Koruna</displayName>
			</currency>
			<currency type="DEM">
				<displayName draft="provisional">Deutsche Marks</displayName>
			</currency>
			<currency type="DKK">
				<displayName draft="provisional">Denmark Kroner</displayName>
			</currency>
			<currency type="EEK">
				<displayName draft="provisional">Estonian Kroon</displayName>
			</currency>
			<currency type="EGP">
				<displayName draft="provisional">Egyptian Pound</displayName>
			</currency>
			<currency type="EUR">
				<displayName draft="provisional">Euros</displayName>
			</currency>
			<currency type="FRF">
				<displayName draft="provisional">French Franks</displayName>
			</currency>
			<currency type="GBP">
				<displayName draft="provisional">British Pounds Sterling</displayName>
			</currency>
			<currency type="HKD">
				<displayName draft="provisional">Hong Kong Dollars</displayName>
			</currency>
			<currency type="HRK">
				<displayName draft="provisional">Croatian Kuna</displayName>
			</currency>
			<currency type="HUF">
				<displayName draft="provisional">Hungarian Forint</displayName>
			</currency>
			<currency type="IDR">
				<displayName draft="provisional">Indonesian Rupiah</displayName>
			</currency>
			<currency type="ILS">
				<displayName draft="provisional">Israeli Shekel</displayName>
			</currency>
			<currency type="INR">
				<displayName draft="provisional">Indian Rupee</displayName>
			</currency>
			<currency type="JPY">
				<displayName draft="provisional">Yen ng Hapon</displayName>
			</currency>
			<currency type="KRW">
				<displayName draft="provisional">South Korean Won</displayName>
			</currency>
			<currency type="LTL">
				<displayName draft="provisional">Lithuanian Litas</displayName>
			</currency>
			<currency type="MAD">
				<displayName draft="provisional">Moroccan Dirham</displayName>
			</currency>
			<currency type="MXN">
				<displayName draft="provisional">Mexico Peso</displayName>
			</currency>
			<currency type="MYR">
				<displayName draft="provisional">Ringgit ng Malaysia</displayName>
			</currency>
			<currency type="NOK">
				<displayName draft="provisional">Norwegian Kroner</displayName>
			</currency>
			<currency type="NZD">
				<displayName draft="provisional">New Zealand Dollars</displayName>
			</currency>
			<currency type="PEN">
				<displayName draft="provisional">Peruvian Nuevo Sol</displayName>
			</currency>
			<currency type="PHP">
				<displayName draft="provisional">Philippine Peso</displayName>
				<symbol>PhP</symbol>
			</currency>
			<currency type="PKR">
				<displayName draft="provisional">Pakistan Rupee</displayName>
			</currency>
			<currency type="PLN">
				<displayName draft="provisional">Polish NewZloty</displayName>
			</currency>
			<currency type="RON">
				<displayName draft="provisional">Romanian Leu</displayName>
			</currency>
			<currency type="RSD">
				<displayName draft="provisional">Serbian Dinar</displayName>
			</currency>
			<currency type="RUB">
				<displayName draft="provisional">Russian Rouble</displayName>
			</currency>
			<currency type="SAR">
				<displayName draft="provisional">Saudi Riyal</displayName>
			</currency>
			<currency type="SEK">
				<displayName draft="provisional">Sweden Kronor</displayName>
			</currency>
			<currency type="SGD">
				<displayName draft="provisional">Singapore Dollars</displayName>
			</currency>
			<currency type="SIT">
				<displayName draft="provisional">Slovenian Tolar</displayName>
			</currency>
			<currency type="SKK">
				<displayName draft="provisional">Slovak Koruna</displayName>
			</currency>
			<currency type="THB">
				<displayName draft="provisional">Thai Baht</displayName>
			</currency>
			<currency type="TRL">
				<displayName draft="provisional">Turkish Lira</displayName>
			</currency>
			<currency type="TRY">
				<displayName draft="provisional">Bagong Turkish Lira</displayName>
			</currency>
			<currency type="TWD">
				<displayName draft="provisional">New Taiwan Dollar</displayName>
			</currency>
			<currency type="USD">
				<displayName draft="provisional">Dolyares ng US</displayName>
			</currency>
			<currency type="VEB">
				<displayName draft="provisional">Venezuela Bolivar</displayName>
			</currency>
			<currency type="ZAR">
				<displayName draft="provisional">South African Rand</displayName>
			</currency>
		</currencies>
	</numbers>
	<references>
		<reference type="RP1" uri="http://en.wikipedia.org/wiki/Tagalog_language#Latin_alphabet" draft="unconfirmed">Tagalog_language / Latin_alphabet</reference>
		<reference type="RP2" uri="http://tl.wikipedia.org/wiki/Kalendaryo" draft="unconfirmed">Tagalog Calendar in wikipedia</reference>
		<reference type="RP3" uri="http://www.seasite.niu.edu/Tagalog/Tagalog_Homepage99/useful_tagalog_phrases3.htm" draft="unconfirmed">Useful Tagalog Phrases</reference>
		<reference type="RP4" uri="http://www.omniglot.com/writing/tagalog.htm">Latin alphabet for Tagalog</reference>
	</references>
</ldml>

