<?xml version="1.0" encoding="UTF-8" ?>
<!DOCTYPE ldml SYSTEM "http://www.unicode.org/cldr/dtd/1.5/ldml.dtd">
<ldml>
	<identity>
		<version number="$Revision: 1.54 $"/>
		<generation date="$Date: 2007/07/19 22:31:39 $"/>
		<language type="fo"/>
	</identity>
	<localeDisplayNames>
		<languages>
			<language type="af" draft="unconfirmed">Afríska</language>
			<language type="am" draft="unconfirmed">Amhariskt</language>
			<language type="ar" draft="unconfirmed">Arabiskt</language>
			<language type="as" draft="unconfirmed">assamesiskt</language>
			<language type="az" draft="unconfirmed">Azerbaijani</language>
			<language type="be" draft="unconfirmed">Belarussiskt</language>
			<language type="bg" draft="unconfirmed">bulgarskum</language>
			<language type="bh" draft="unconfirmed">Bihari</language>
			<language type="bn" draft="unconfirmed">Bengali</language>
			<language type="br" draft="unconfirmed">Breton</language>
			<language type="bs" draft="unconfirmed">Bosniskt</language>
			<language type="ca" draft="unconfirmed">Katalandskt</language>
			<language type="cs" draft="unconfirmed">Kekkiskt</language>
			<language type="cy" draft="unconfirmed">Valisiskt</language>
			<language type="da" draft="unconfirmed">Danskt</language>
			<language type="de" draft="unconfirmed">Týskt</language>
			<language type="el" draft="unconfirmed">Grikskt</language>
			<language type="en" draft="unconfirmed">Enskt</language>
			<language type="eo" draft="unconfirmed">Esperanto</language>
			<language type="es" draft="unconfirmed">Spanskt</language>
			<language type="et" draft="unconfirmed">Estlendskt</language>
			<language type="eu" draft="unconfirmed">Baskiskt</language>
			<language type="fa" draft="unconfirmed">Persiskt</language>
			<language type="fi" draft="unconfirmed">Finskt</language>
			<language type="fil" draft="unconfirmed">Tagalog</language>
			<language type="fo">føroyskt</language>
			<language type="fr" draft="unconfirmed">Franskt</language>
			<language type="fy" draft="unconfirmed">Frisiskt</language>
			<language type="ga" draft="unconfirmed">Írskt</language>
			<language type="gd" draft="unconfirmed">Skotskt gæliskt</language>
			<language type="gl" draft="unconfirmed">Galliskt</language>
			<language type="gn" draft="unconfirmed">Guarani</language>
			<language type="gu" draft="unconfirmed">Gujariti</language>
			<language type="he" draft="unconfirmed">Hebraiskt</language>
			<language type="hi" draft="unconfirmed">Hindi</language>
			<language type="hr" draft="unconfirmed">kroatiskum</language>
			<language type="hu" draft="unconfirmed">Ungarskt</language>
			<language type="hy" draft="unconfirmed">armenskum</language>
			<language type="ia" draft="unconfirmed">Interlingua</language>
			<language type="id" draft="unconfirmed">indonesiskum</language>
			<language type="ie" draft="unconfirmed">interlingue</language>
			<language type="is" draft="unconfirmed">Íslendskt</language>
			<language type="it" draft="unconfirmed">Italskt</language>
			<language type="ja" draft="unconfirmed">Japanskt</language>
			<language type="jv" draft="unconfirmed">Javanesiskt</language>
			<language type="ka" draft="unconfirmed">Georgiskt</language>
			<language type="km" draft="unconfirmed">Kambodjanskt</language>
			<language type="kn" draft="unconfirmed">Kannada</language>
			<language type="ko" draft="unconfirmed">Koreanskt</language>
			<language type="ku" draft="unconfirmed">Kurdiskt</language>
			<language type="ky" draft="unconfirmed">Kyrgyz</language>
			<language type="la" draft="unconfirmed">Latín</language>
			<language type="ln" draft="unconfirmed">Lingala</language>
			<language type="lo" draft="unconfirmed">Laothian</language>
			<language type="lt" draft="unconfirmed">Litavskt</language>
			<language type="lv" draft="unconfirmed">Latviskt</language>
			<language type="mk" draft="unconfirmed">Makedonskt</language>
			<language type="ml" draft="unconfirmed">Malayalam</language>
			<language type="mn" draft="unconfirmed">Mongolian</language>
			<language type="mr" draft="unconfirmed">Marathi</language>
			<language type="ms" draft="unconfirmed">Malay</language>
			<language type="mt" draft="unconfirmed">Maltesiskt</language>
			<language type="ne" draft="unconfirmed">Nepalskt</language>
			<language type="nl" draft="unconfirmed">Hollendskt</language>
			<language type="nn" draft="unconfirmed">Norskt (nýnorskt)</language>
			<language type="no" draft="unconfirmed">Norskt</language>
			<language type="oc" draft="unconfirmed">Occitan</language>
			<language type="or" draft="unconfirmed">Oriya</language>
			<language type="pa" draft="unconfirmed">Punjabi</language>
			<language type="pl" draft="unconfirmed">Polskt</language>
			<language type="ps" draft="unconfirmed">Pashto</language>
			<language type="pt" draft="unconfirmed">Portugisiskt</language>
			<language type="pt_BR" draft="unconfirmed">portugisiskum</language>
			<language type="ro" draft="unconfirmed">Romanskt</language>
			<language type="ru" draft="unconfirmed">Russiskt</language>
			<language type="sa" draft="unconfirmed">Sanskrit</language>
			<language type="sd" draft="unconfirmed">Sindhi</language>
			<language type="sh" draft="unconfirmed">Serbokroatiskt</language>
			<language type="si" draft="unconfirmed">Sinhalesiskt</language>
			<language type="sk" draft="unconfirmed">slovakiskum</language>
			<language type="sl" draft="unconfirmed">slovenskum</language>
			<language type="so" draft="unconfirmed">Somali</language>
			<language type="sq" draft="unconfirmed">Albanskt</language>
			<language type="sr" draft="unconfirmed">serbiskum</language>
			<language type="st" draft="unconfirmed">Sesotho</language>
			<language type="su" draft="unconfirmed">Sundanesiskt</language>
			<language type="sv" draft="unconfirmed">Svenskt</language>
			<language type="sw" draft="unconfirmed">Swahili</language>
			<language type="ta" draft="unconfirmed">Tamil</language>
			<language type="te" draft="unconfirmed">Telugu</language>
			<language type="th" draft="unconfirmed">Thailendskt</language>
			<language type="ti" draft="unconfirmed">Tigrinya</language>
			<language type="tk" draft="unconfirmed">Turkmen</language>
			<language type="tlh" draft="unconfirmed">Klingon</language>
			<language type="tr" draft="unconfirmed">Turkiskt</language>
			<language type="tw" draft="unconfirmed">Twi</language>
			<language type="ug" draft="unconfirmed">Uighur</language>
			<language type="uk" draft="unconfirmed">Ukrainskt</language>
			<language type="ur" draft="unconfirmed">Urdu</language>
			<language type="uz" draft="unconfirmed">Uzbekiskt</language>
			<language type="vi" draft="unconfirmed">Vietnamesiskt</language>
			<language type="xh" draft="unconfirmed">Xhosa</language>
			<language type="yi" draft="unconfirmed">Jiddiskt</language>
			<language type="zu" draft="unconfirmed">Sulu</language>
		</languages>
		<territories>
			<territory type="AE">Sameindu Emirríkini</territory>
			<territory type="AF">Afganistan</territory>
			<territory type="AG">Antigua og Barbuda</territory>
			<territory type="AQ">Antarktis</territory>
			<territory type="AT">Eysturríki</territory>
			<territory type="AU">Avstralia</territory>
			<territory type="AZ">Aserbajdsjan</territory>
			<territory type="BA">Bosnia-Hersegovina</territory>
			<territory type="BD">Bangladesj</territory>
			<territory type="BE">Belgia</territory>
			<territory type="BR">Brasilia</territory>
			<territory type="BT">Butan</territory>
			<territory type="BW">Botsvana</territory>
			<territory type="BY">Hvítarussland</territory>
			<territory type="BZ">Belis</territory>
			<territory type="CA">Kanada</territory>
			<territory type="CF">Miðafrikalýðveldið</territory>
			<territory type="CG">Kongo</territory>
			<territory type="CH">Sveis</territory>
			<territory type="CI">Fílabeinsstrondin</territory>
			<territory type="CL">Kili</territory>
			<territory type="CM">Kamerun</territory>
			<territory type="CN">Kina</territory>
			<territory type="CO">Kolombia</territory>
			<territory type="CR">Kosta Rika</territory>
			<territory type="CU">Kuba</territory>
			<territory type="CV">Grønhøvdaoyggjarnar</territory>
			<territory type="CY">Kýpros</territory>
			<territory type="CZ">Kekkia</territory>
			<territory type="DE">Týskland</territory>
			<territory type="DK">Danmørk</territory>
			<territory type="DM">Dominika</territory>
			<territory type="DO">Domingo lýðveldið</territory>
			<territory type="EC">Ekvador</territory>
			<territory type="EE">Estland</territory>
			<territory type="EG">Egyptaland</territory>
			<territory type="ES">Spania</territory>
			<territory type="ET">Etiopia</territory>
			<territory type="FI">Finnland</territory>
			<territory type="FM">Mikronesia</territory>
			<territory type="FO">Føroyar</territory>
			<territory type="FR">Frakland</territory>
			<territory type="GQ">Ekvator Guinea</territory>
			<territory type="GR">Grikkaland</territory>
			<territory type="GW">Guinea Bissau</territory>
			<territory type="GY">Gujana</territory>
			<territory type="HR">Kroatia</territory>
			<territory type="HU">Ungarn</territory>
			<territory type="IE">Írland</territory>
			<territory type="IL">Ísrael</territory>
			<territory type="IN">India</territory>
			<territory type="IQ">Irak</territory>
			<territory type="IS">Ísland</territory>
			<territory type="IT">Italia</territory>
			<territory type="JM">Jameika</territory>
			<territory type="JP">Japan</territory>
			<territory type="KE">Kenja</territory>
			<territory type="KG">Kirgisia</territory>
			<territory type="KH">Kambodja</territory>
			<territory type="KM">Komorooyggjarnar</territory>
			<territory type="KN">Saint Kitts og Nevis</territory>
			<territory type="KP">Norður-Korea</territory>
			<territory type="KR">Suður-Korea</territory>
			<territory type="KW">Kuvait</territory>
			<territory type="KZ">Kasakstan</territory>
			<territory type="LB">Libanon</territory>
			<territory type="LC">Saint Lusia</territory>
			<territory type="LI">Liktenstein</territory>
			<territory type="LS">Lesoto</territory>
			<territory type="LT">Litava</territory>
			<territory type="LU">Luksemborg</territory>
			<territory type="LV">Lettland</territory>
			<territory type="MA">Marokko</territory>
			<territory type="MC">Monako</territory>
			<territory type="MG">Madagaskar</territory>
			<territory type="MH">Marshalloyggjarnar</territory>
			<territory type="MK">Makedónia</territory>
			<territory type="MR">Móritania</territory>
			<territory type="MU">Móritius</territory>
			<territory type="MV">Maldivuoyggjarnar</territory>
			<territory type="MW">Malavi</territory>
			<territory type="MX">Meksiko</territory>
			<territory type="MY">Maleisia</territory>
			<territory type="MZ">Mosambik</territory>
			<territory type="NI">Nikaragua</territory>
			<territory type="NL">Niðurlond</territory>
			<territory type="NO">Noreg</territory>
			<territory type="NZ">Ný Sæland</territory>
			<territory type="PE">Perú</territory>
			<territory type="PG">Papua Nýguinea</territory>
			<territory type="PH">Filipsoyggjar</territory>
			<territory type="PL">Pólland</territory>
			<territory type="PY">Paraguei</territory>
			<territory type="QA">Katar</territory>
			<territory type="RO">Rumenia</territory>
			<territory type="RU">Russland</territory>
			<territory type="RW">Ruanda</territory>
			<territory type="SA">Saudi-Arábia</territory>
			<territory type="SB">Sálomonoyggjarnar</territory>
			<territory type="SC">Seyskelloyggjarnar</territory>
			<territory type="SE">Svøríki</territory>
			<territory type="SG">Singapor</territory>
			<territory type="SR">Surinam</territory>
			<territory type="ST">Sao Tome og Prinsipi</territory>
			<territory type="SZ">Svasiland</territory>
			<territory type="TD">Kjad</territory>
			<territory type="TJ">Tadsjikistan</territory>
			<territory type="TN">Tunesia</territory>
			<territory type="TO" draft="unconfirmed">Tonga</territory>
			<territory type="TR">Turkaland</territory>
			<territory type="TT">Trinidad og Tobago</territory>
			<territory type="TW">Teivan</territory>
			<territory type="TZ">Tansania</territory>
			<territory type="UA">Ukreina</territory>
			<territory type="US">Sambandsríki Amerika</territory>
			<territory type="UY">Uruguei</territory>
			<territory type="UZ">Usbekistan</territory>
			<territory type="VA">Vatikan</territory>
			<territory type="VC">Saint Vinsent og Grenadinoyggjar</territory>
			<territory type="VE">Venesuela</territory>
			<territory type="WS">Sámoa</territory>
			<territory type="YE">Jemen</territory>
			<territory type="ZA">Suðurafrika</territory>
			<territory type="ZM">Sambia</territory>
			<territory type="ZW">Simbabvi</territory>
		</territories>
	</localeDisplayNames>
	<characters>
		<exemplarCharacters>[a á b d ð e-i í j-o ó p r-u ú v x y ý æ ø]</exemplarCharacters>
		<exemplarCharacters type="auxiliary">[c q w z]</exemplarCharacters>
	</characters>
	<delimiters>
		<quotationStart draft="unconfirmed">’</quotationStart>
		<quotationEnd draft="unconfirmed">”</quotationEnd>
		<quotationEnd alt="proposed-x1001" draft="unconfirmed">’</quotationEnd>
		<alternateQuotationStart draft="unconfirmed">”</alternateQuotationStart>
		<alternateQuotationEnd draft="unconfirmed">’</alternateQuotationEnd>
		<alternateQuotationEnd alt="proposed-x1001" draft="unconfirmed">”</alternateQuotationEnd>
	</delimiters>
	<dates>
		<calendars>
			<calendar type="gregorian">
				<months>
					<monthContext type="format">
						<monthWidth type="abbreviated">
							<month type="1">jan</month>
							<month type="2">feb</month>
							<month type="3">mar</month>
							<month type="4">apr</month>
							<month type="5">mai</month>
							<month type="6">jun</month>
							<month type="7">jul</month>
							<month type="8">aug</month>
							<month type="9">sep</month>
							<month type="10">okt</month>
							<month type="11">nov</month>
							<month type="12">des</month>
						</monthWidth>
						<monthWidth type="wide">
							<month type="1">januar</month>
							<month type="2">februar</month>
							<month type="3">mars</month>
							<month type="4">apríl</month>
							<month type="5">mai</month>
							<month type="6">juni</month>
							<month type="7">juli</month>
							<month type="8">august</month>
							<month type="9">september</month>
							<month type="10">oktober</month>
							<month type="11">november</month>
							<month type="12">desember</month>
						</monthWidth>
					</monthContext>
					<monthContext type="stand-alone">
						<monthWidth type="narrow">
							<month type="1" draft="unconfirmed">1</month>
							<month type="2" draft="unconfirmed">2</month>
							<month type="3" draft="unconfirmed">3</month>
							<month type="4" draft="unconfirmed">4</month>
							<month type="5" draft="unconfirmed">5</month>
							<month type="6" draft="unconfirmed">6</month>
							<month type="7" draft="unconfirmed">7</month>
							<month type="8" draft="unconfirmed">8</month>
							<month type="9" draft="unconfirmed">9</month>
							<month type="10" draft="unconfirmed">10</month>
							<month type="11" draft="unconfirmed">11</month>
							<month type="12" draft="unconfirmed">12</month>
						</monthWidth>
					</monthContext>
				</months>
				<days>
					<dayContext type="format">
						<dayWidth type="abbreviated">
							<day type="sun">sun</day>
							<day type="mon">mán</day>
							<day type="tue">týs</day>
							<day type="wed">mik</day>
							<day type="thu">hós</day>
							<day type="fri">frí</day>
							<day type="sat">ley</day>
						</dayWidth>
						<dayWidth type="wide">
							<day type="sun">sunnudagur</day>
							<day type="mon">mánadagur</day>
							<day type="tue">týsdagur</day>
							<day type="wed">mikudagur</day>
							<day type="thu">hósdagur</day>
							<day type="fri">fríggjadagur</day>
							<day type="sat">leygardagur</day>
						</dayWidth>
					</dayContext>
					<dayContext type="stand-alone">
						<dayWidth type="narrow">
							<day type="sun" draft="unconfirmed">1</day>
							<day type="mon" draft="unconfirmed">2</day>
							<day type="tue" draft="unconfirmed">3</day>
							<day type="wed" draft="unconfirmed">4</day>
							<day type="thu" draft="unconfirmed">5</day>
							<day type="fri" draft="unconfirmed">6</day>
							<day type="sat" draft="unconfirmed">7</day>
						</dayWidth>
					</dayContext>
				</days>
				<quarters>
					<quarterContext type="format">
						<quarterWidth type="abbreviated">
							<quarter type="1">K1</quarter>
							<quarter type="2">K2</quarter>
							<quarter type="3">K3</quarter>
							<quarter type="4">K4</quarter>
						</quarterWidth>
						<quarterWidth type="wide">
							<quarter type="1">1. kvartal</quarter>
							<quarter type="2">2. kvartal</quarter>
							<quarter type="3">3. kvartal</quarter>
							<quarter type="4">4. kvartal</quarter>
						</quarterWidth>
					</quarterContext>
				</quarters>
				<am draft="unconfirmed">AM</am>
				<pm draft="unconfirmed">PM</pm>
				<eras>
					<eraAbbr>
						<era type="0" draft="unconfirmed">BCE</era>
						<era type="1" draft="unconfirmed">CE</era>
					</eraAbbr>
				</eras>
				<dateFormats>
					<dateFormatLength type="full">
						<dateFormat>
							<pattern>EEEE dd MMMM yyyy</pattern>
						</dateFormat>
					</dateFormatLength>
					<dateFormatLength type="long">
						<dateFormat>
							<pattern>d. MMM yyyy</pattern>
						</dateFormat>
					</dateFormatLength>
					<dateFormatLength type="medium">
						<dateFormat>
							<pattern>dd-MM-yyyy</pattern>
						</dateFormat>
					</dateFormatLength>
					<dateFormatLength type="short">
						<dateFormat>
							<pattern>dd-MM-yy</pattern>
						</dateFormat>
					</dateFormatLength>
				</dateFormats>
				<timeFormats>
					<timeFormatLength type="full">
						<timeFormat>
							<pattern draft="unconfirmed">HH:mm:ss v</pattern>
						</timeFormat>
					</timeFormatLength>
					<timeFormatLength type="long">
						<timeFormat>
							<pattern draft="unconfirmed">HH:mm:ss z</pattern>
						</timeFormat>
					</timeFormatLength>
					<timeFormatLength type="medium">
						<timeFormat>
							<pattern draft="unconfirmed">HH:mm:ss</pattern>
						</timeFormat>
					</timeFormatLength>
					<timeFormatLength type="short">
						<timeFormat>
							<pattern draft="unconfirmed">HH:mm</pattern>
						</timeFormat>
					</timeFormatLength>
				</timeFormats>
				<dateTimeFormats>
					<dateTimeFormatLength>
						<dateTimeFormat>
							<pattern draft="unconfirmed">{1} {0}</pattern>
						</dateTimeFormat>
					</dateTimeFormatLength>
					<availableFormats>
						<dateFormatItem id="HHmm" draft="unconfirmed">HH:mm</dateFormatItem>
						<dateFormatItem id="HHmmss" draft="unconfirmed">HH:mm:ss</dateFormatItem>
						<dateFormatItem id="MMMd" draft="unconfirmed">d. MMM</dateFormatItem>
						<dateFormatItem id="MMdd" draft="unconfirmed">dd-MM</dateFormatItem>
						<dateFormatItem id="yyQ" draft="unconfirmed">Q yy</dateFormatItem>
						<dateFormatItem id="yyyyMM" draft="unconfirmed">MM-yyyy</dateFormatItem>
						<dateFormatItem id="yyyyMMM" draft="unconfirmed">MMM yyyy</dateFormatItem>
					</availableFormats>
				</dateTimeFormats>
			</calendar>
		</calendars>
		<timeZoneNames>
			<hourFormat draft="unconfirmed">+HH:mm;−HH:mm</hourFormat>
			<hourFormat alt="proposed-x1001" draft="unconfirmed">+HH:mm;-HH:mm</hourFormat>
			<gmtFormat draft="unconfirmed">GMT{0}</gmtFormat>
			<regionFormat draft="unconfirmed">{0}</regionFormat>
		</timeZoneNames>
	</dates>
	<numbers>
		<symbols>
			<decimal>,</decimal>
			<group>.</group>
			<minusSign draft="unconfirmed">−</minusSign>
			<exponential draft="unconfirmed">×10^</exponential>
		</symbols>
		<currencyFormats>
			<currencyFormatLength>
				<currencyFormat>
					<pattern>¤#,##0.00;¤ -#,##0.00</pattern>
					<pattern alt="proposed-x1001" draft="unconfirmed">¤ #,##0.00</pattern>
				</currencyFormat>
			</currencyFormatLength>
		</currencyFormats>
		<currencies>
			<currency type="DKK">
				<symbol>kr</symbol>
			</currency>
		</currencies>
	</numbers>
</ldml>
<!-- Old Comments. See root.xml for more info.
URL: http://oss.software.ibm.com/cvs/icu/icu/source/data/locales/fo.txt?only_with_tag=final-update-LDML

Fallback{ "en" }
CS { "Serbia og Montenegro" } // TODO: if we allow this, then SP must go away
GB { "St\u00f3ra Bretland" }
-->

