<?xml version="1.0" encoding="UTF-8" ?>
<!DOCTYPE ldml SYSTEM "http://www.unicode.org/cldr/dtd/1.5/ldml.dtd">
<ldml>
	<identity>
		<version number="$Revision: 1.47 $"/>
		<generation date="$Date: 2007/07/19 22:31:39 $"/>
		<language type="fr"/>
		<territory type="BE"/>
	</identity>
	<dates>
		<calendars>
			<calendar type="gregorian">
				<dateFormats>
					<dateFormatLength type="medium">
						<dateFormat>
							<pattern alt="proposed-x1001" draft="unconfirmed">dd-MMM-yy</pattern>
						</dateFormat>
					</dateFormatLength>
					<dateFormatLength type="short">
						<dateFormat>
							<pattern>d/MM/yy</pattern>
						</dateFormat>
					</dateFormatLength>
				</dateFormats>
				<timeFormats>
					<timeFormatLength type="full">
						<timeFormat>
							<pattern>H 'h' mm 'min' ss 's' v</pattern>
						</timeFormat>
					</timeFormatLength>
				</timeFormats>
				<dateTimeFormats>
					<availableFormats>
						<dateFormatItem id="MMMdd" alt="proposed-x1001" draft="unconfirmed">dd-MMM</dateFormatItem>
						<dateFormatItem id="yyMMM" alt="proposed-x1001" draft="unconfirmed">MMM-yy</dateFormatItem>
					</availableFormats>
				</dateTimeFormats>
			</calendar>
		</calendars>
	</dates>
	<numbers>
		<symbols>
			<group>.</group>
		</symbols>
	</numbers>
</ldml>

