<?xml version="1.0" encoding="UTF-8" ?>
<!DOCTYPE ldml SYSTEM "http://www.unicode.org/cldr/dtd/1.5/ldml.dtd">
<ldml>
	<identity>
		<version number="$Revision: 1.52 $"/>
		<generation date="$Date: 2007/07/19 23:30:28 $"/>
		<language type="gl"/>
	</identity>
	<localeDisplayNames>
		<languages>
			<language type="af" draft="unconfirmed">Afrikaans</language>
			<language type="am" draft="unconfirmed">Amárico</language>
			<language type="ar" draft="unconfirmed">Árabe</language>
			<language type="as" draft="unconfirmed">Assamés</language>
			<language type="az" draft="unconfirmed">Azerbaiano</language>
			<language type="be" draft="unconfirmed">Bielorruso</language>
			<language type="bg" draft="unconfirmed">Búlgaro</language>
			<language type="bh" draft="unconfirmed">Bihariano</language>
			<language type="bn" draft="unconfirmed">Bengalí</language>
			<language type="br" draft="unconfirmed">Bretón</language>
			<language type="bs" draft="unconfirmed">Bosnio</language>
			<language type="ca" draft="unconfirmed">Catalán</language>
			<language type="cs" draft="unconfirmed">Checo</language>
			<language type="cy" draft="unconfirmed">Galés</language>
			<language type="da" draft="unconfirmed">Dinamarqués</language>
			<language type="de" draft="unconfirmed">Alemán</language>
			<language type="el" draft="unconfirmed">Grego</language>
			<language type="en" draft="unconfirmed">Inglés</language>
			<language type="en_US" draft="unconfirmed">Inglés (EUA)</language>
			<language type="eo" draft="unconfirmed">Esperanto</language>
			<language type="es" draft="unconfirmed">Español</language>
			<language type="et" draft="unconfirmed">Estoniano</language>
			<language type="eu" draft="unconfirmed">Éuscaro</language>
			<language type="fa" draft="unconfirmed">Persa</language>
			<language type="fi" draft="unconfirmed">Finés</language>
			<language type="fo" draft="unconfirmed">Faroés</language>
			<language type="fr" draft="unconfirmed">Francés</language>
			<language type="fy" draft="unconfirmed">Frisón</language>
			<language type="ga" draft="unconfirmed">Irlandés</language>
			<language type="gd" draft="unconfirmed">Gaélico escocés</language>
			<language type="gl">galego</language>
			<language type="gn" draft="unconfirmed">Guaraní</language>
			<language type="gu" draft="unconfirmed">Guxaratiano</language>
			<language type="he" draft="unconfirmed">Hebreo</language>
			<language type="hi" draft="unconfirmed">Hindi</language>
			<language type="hr" draft="unconfirmed">Croata</language>
			<language type="hu" draft="unconfirmed">Húngaro</language>
			<language type="hy" draft="unconfirmed">Armenio</language>
			<language type="ia" draft="unconfirmed">Interlingua</language>
			<language type="id" draft="unconfirmed">Indonesio</language>
			<language type="is" draft="unconfirmed">Islandés</language>
			<language type="it" draft="unconfirmed">Italiano</language>
			<language type="ja" draft="unconfirmed">Xaponés</language>
			<language type="jv" draft="unconfirmed">Xavanés</language>
			<language type="ka" draft="unconfirmed">Xeorxiano</language>
			<language type="km" draft="unconfirmed">Cambodiano</language>
			<language type="kn" draft="unconfirmed">Kannada</language>
			<language type="ko" draft="unconfirmed">Coreano</language>
			<language type="ku" draft="unconfirmed">Kurdo</language>
			<language type="ky" draft="unconfirmed">Kyrgiz</language>
			<language type="la" draft="unconfirmed">Latín</language>
			<language type="ln" draft="unconfirmed">Lingala</language>
			<language type="lo" draft="unconfirmed">Laotiano</language>
			<language type="lt" draft="unconfirmed">Lituano</language>
			<language type="lv" draft="unconfirmed">Letón</language>
			<language type="mk" draft="unconfirmed">Macedonio</language>
			<language type="ml" draft="unconfirmed">Malaialam</language>
			<language type="mn" draft="unconfirmed">Mongol</language>
			<language type="mr" draft="unconfirmed">Marathi</language>
			<language type="ms" draft="unconfirmed">Malaio</language>
			<language type="mt" draft="unconfirmed">Maltés</language>
			<language type="ne" draft="unconfirmed">Nepalí</language>
			<language type="nl" draft="unconfirmed">Holandés</language>
			<language type="nn" draft="unconfirmed">Noruegués (Nynorsk)</language>
			<language type="no" draft="unconfirmed">Noruegués</language>
			<language type="oc" draft="unconfirmed">Occitano</language>
			<language type="or" draft="unconfirmed">Orissa</language>
			<language type="pa" draft="unconfirmed">Punjabi</language>
			<language type="pl" draft="unconfirmed">Polaco</language>
			<language type="ps" draft="unconfirmed">Pashto</language>
			<language type="pt" draft="unconfirmed">Portugués</language>
			<language type="ro" draft="unconfirmed">Romanés</language>
			<language type="ru" draft="unconfirmed">Ruso</language>
			<language type="sa" draft="unconfirmed">Sánscrito</language>
			<language type="sd" draft="unconfirmed">Sindhi</language>
			<language type="sh" draft="unconfirmed">Serbocroata</language>
			<language type="si" draft="unconfirmed">Sinhalés</language>
			<language type="sk" draft="unconfirmed">Eslovaco</language>
			<language type="sl" draft="unconfirmed">Esloveno</language>
			<language type="so" draft="unconfirmed">Somalí</language>
			<language type="sq" draft="unconfirmed">Albanés</language>
			<language type="sr" draft="unconfirmed">Serbio</language>
			<language type="st" draft="unconfirmed">Sesotho</language>
			<language type="su" draft="unconfirmed">Sondanés</language>
			<language type="sv" draft="unconfirmed">Sueco</language>
			<language type="sw" draft="unconfirmed">Suaxili</language>
			<language type="ta" draft="unconfirmed">Tamil</language>
			<language type="te" draft="unconfirmed">Telugu</language>
			<language type="th" draft="unconfirmed">Tailandés</language>
			<language type="ti" draft="unconfirmed">Tigriña</language>
			<language type="tl" draft="unconfirmed">Tagalo</language>
			<language type="tlh" draft="unconfirmed">Clingon</language>
			<language type="tr" draft="unconfirmed">Turco</language>
			<language type="tw" draft="unconfirmed">Twi</language>
			<language type="ug" draft="unconfirmed">Uighur</language>
			<language type="uk" draft="unconfirmed">Ucraíno</language>
			<language type="ur" draft="unconfirmed">Urdú</language>
			<language type="uz" draft="unconfirmed">Uzbeco</language>
			<language type="vi" draft="unconfirmed">Vietnamita</language>
			<language type="xh" draft="unconfirmed">Xhosa</language>
			<language type="yi" draft="unconfirmed">Yiddish</language>
			<language type="zh_Hans" draft="unconfirmed">Chinés (simplificado)</language>
			<language type="zh_Hant" draft="unconfirmed">Chinés (tradicional)</language>
			<language type="zu" draft="unconfirmed">Zulú</language>
		</languages>
		<territories>
			<territory type="AE" draft="unconfirmed">Emiratos Árabes Unidos</territory>
			<territory type="AF" draft="unconfirmed">Afganistán</territory>
			<territory type="AG" draft="unconfirmed">Antiga e Barbuda</territory>
			<territory type="AL" draft="unconfirmed">Albania</territory>
			<territory type="AM" draft="unconfirmed">Armenia</territory>
			<territory type="AN" draft="unconfirmed">Antillas Holandesas</territory>
			<territory type="AO" draft="unconfirmed">Angola</territory>
			<territory type="AQ" draft="unconfirmed">Antártida</territory>
			<territory type="AR" draft="unconfirmed">Arxentina</territory>
			<territory type="AS" draft="unconfirmed">Samoa Americana</territory>
			<territory type="AT" draft="unconfirmed">Austria</territory>
			<territory type="AU" draft="unconfirmed">Australia</territory>
			<territory type="AX" draft="unconfirmed">Illas Aland</territory>
			<territory type="AZ" draft="unconfirmed">Acerbaixán</territory>
			<territory type="BA" draft="unconfirmed">Bosnia e Hercegovina</territory>
			<territory type="BD" draft="unconfirmed">Bangladesh</territory>
			<territory type="BE" draft="unconfirmed">Bélxica</territory>
			<territory type="BF" draft="unconfirmed">Burkina Faso</territory>
			<territory type="BG" draft="unconfirmed">Bulgaria</territory>
			<territory type="BI" draft="unconfirmed">Burundi</territory>
			<territory type="BJ" draft="unconfirmed">Benin</territory>
			<territory type="BO" draft="unconfirmed">Bolivia</territory>
			<territory type="BR" draft="unconfirmed">Brasil</territory>
			<territory type="BS" draft="unconfirmed">Bahamas</territory>
			<territory type="BT" draft="unconfirmed">Bután</territory>
			<territory type="BV" draft="unconfirmed">Illa Bouvet</territory>
			<territory type="BW" draft="unconfirmed">Botswana</territory>
			<territory type="BY" draft="unconfirmed">Bielorrusia</territory>
			<territory type="CA" draft="unconfirmed">Canadá</territory>
			<territory type="CC" draft="unconfirmed">Illas Cocos</territory>
			<territory type="CD" draft="unconfirmed">Congo, República Democrática do</territory>
			<territory type="CF" draft="unconfirmed">República Africana Central</territory>
			<territory type="CG" draft="unconfirmed">Congo</territory>
			<territory type="CH" draft="unconfirmed">Suíza</territory>
			<territory type="CI" draft="unconfirmed">Costa de Marfil</territory>
			<territory type="CK" draft="unconfirmed">Illas Cook</territory>
			<territory type="CL" draft="unconfirmed">Chile</territory>
			<territory type="CM" draft="unconfirmed">Camerún</territory>
			<territory type="CN" draft="unconfirmed">China</territory>
			<territory type="CO" draft="unconfirmed">Colombia</territory>
			<territory type="CS" draft="unconfirmed">Serbia e Montenegro</territory>
			<territory type="CU" draft="unconfirmed">Cuba</territory>
			<territory type="CX" draft="unconfirmed">Illa Christmas</territory>
			<territory type="CY" draft="unconfirmed">Chipre</territory>
			<territory type="CZ" draft="unconfirmed">República Checa</territory>
			<territory type="DE" draft="unconfirmed">Alemaña</territory>
			<territory type="DK" draft="unconfirmed">Dinamarca</territory>
			<territory type="DO" draft="unconfirmed">República Dominica</territory>
			<territory type="DZ" draft="unconfirmed">Arxelia</territory>
			<territory type="EC" draft="unconfirmed">Ecuador</territory>
			<territory type="EE" draft="unconfirmed">Estonia</territory>
			<territory type="EG" draft="unconfirmed">Exipto</territory>
			<territory type="EH" draft="unconfirmed">Sahara Occidental</territory>
			<territory type="ER" draft="unconfirmed">Eritrea</territory>
			<territory type="ES">España</territory>
			<territory type="ET" draft="unconfirmed">Etiopía</territory>
			<territory type="FI" draft="unconfirmed">Finlandia</territory>
			<territory type="FK" draft="unconfirmed">Illas Malvinas</territory>
			<territory type="FM" draft="unconfirmed">Micronesia</territory>
			<territory type="FO" draft="unconfirmed">Illas Faroe</territory>
			<territory type="FR" draft="unconfirmed">Francia</territory>
			<territory type="GA" draft="unconfirmed">Gabón</territory>
			<territory type="GB" draft="unconfirmed">Reino Unido</territory>
			<territory type="GE" draft="unconfirmed">Xeorxia</territory>
			<territory type="GF" draft="unconfirmed">Güiana Francesa</territory>
			<territory type="GG" draft="unconfirmed">Guernsey</territory>
			<territory type="GH" draft="unconfirmed">Gana</territory>
			<territory type="GL" draft="unconfirmed">Grenlandia</territory>
			<territory type="GM" draft="unconfirmed">Gambia</territory>
			<territory type="GN" draft="unconfirmed">Guinea</territory>
			<territory type="GQ" draft="unconfirmed">Guinea Ecuatorial</territory>
			<territory type="GR" draft="unconfirmed">Grecia</territory>
			<territory type="GS" draft="unconfirmed">Xeorxia do Sur e Illas Sandwich</territory>
			<territory type="GW" draft="unconfirmed">Guinea-Bissau</territory>
			<territory type="HM" draft="unconfirmed">Illa Heard e Illas McDonald</territory>
			<territory type="HN" draft="unconfirmed">Honduras</territory>
			<territory type="HR" draft="unconfirmed">Croacia</territory>
			<territory type="HT" draft="unconfirmed">Haití</territory>
			<territory type="HU" draft="unconfirmed">Hungría</territory>
			<territory type="ID" draft="unconfirmed">Indonesia</territory>
			<territory type="IE" draft="unconfirmed">Irlanda</territory>
			<territory type="IL" draft="unconfirmed">Israel</territory>
			<territory type="IM" draft="unconfirmed">Illa de Man</territory>
			<territory type="IN" draft="unconfirmed">India</territory>
			<territory type="IO" draft="unconfirmed">Territorio Británico do Océano Índico</territory>
			<territory type="IQ" draft="unconfirmed">Iraq</territory>
			<territory type="IR" draft="unconfirmed">Irán</territory>
			<territory type="IS" draft="unconfirmed">Islandia</territory>
			<territory type="IT" draft="unconfirmed">Italia</territory>
			<territory type="JE" draft="unconfirmed">Jersey</territory>
			<territory type="JO" draft="unconfirmed">Xordania</territory>
			<territory type="JP" draft="unconfirmed">Xapón</territory>
			<territory type="KE" draft="unconfirmed">Quenia</territory>
			<territory type="KG" draft="unconfirmed">Quirguicistán</territory>
			<territory type="KH" draft="unconfirmed">Cambodia</territory>
			<territory type="KI" draft="unconfirmed">Kiribati</territory>
			<territory type="KM" draft="unconfirmed">Comoros</territory>
			<territory type="KN" draft="unconfirmed">San Cristovo e Nevis</territory>
			<territory type="KP" draft="unconfirmed">Corea do Norte</territory>
			<territory type="KR" draft="unconfirmed">Corea do Sur</territory>
			<territory type="KY" draft="unconfirmed">Illas Caimán</territory>
			<territory type="KZ" draft="unconfirmed">Kazakhstan</territory>
			<territory type="LA" draft="unconfirmed">Laos</territory>
			<territory type="LB" draft="unconfirmed">Líbano</territory>
			<territory type="LC" draft="unconfirmed">Santa Lucía</territory>
			<territory type="LI" draft="unconfirmed">Liechtenstein</territory>
			<territory type="LK" draft="unconfirmed">Sri Lanka</territory>
			<territory type="LR" draft="unconfirmed">Liberia</territory>
			<territory type="LS" draft="unconfirmed">Lesotho</territory>
			<territory type="LT" draft="unconfirmed">Lituania</territory>
			<territory type="LV" draft="unconfirmed">Letonia</territory>
			<territory type="LY" draft="unconfirmed">Libia</territory>
			<territory type="MA" draft="unconfirmed">Marrocos</territory>
			<territory type="MD" draft="unconfirmed">Moldova</territory>
			<territory type="ME" draft="unconfirmed">Montenegro</territory>
			<territory type="MG" draft="unconfirmed">Madagascar</territory>
			<territory type="MH" draft="unconfirmed">Illas Marshall</territory>
			<territory type="MK" draft="unconfirmed">Macedonia</territory>
			<territory type="ML" draft="unconfirmed">Mali</territory>
			<territory type="MM" draft="unconfirmed">Myanmar</territory>
			<territory type="MN" draft="unconfirmed">Mongolia</territory>
			<territory type="MO" draft="unconfirmed">Macao</territory>
			<territory type="MP" draft="unconfirmed">Illas Marianas do norte</territory>
			<territory type="MR" draft="unconfirmed">Mauritania</territory>
			<territory type="MW" draft="unconfirmed">Malaui</territory>
			<territory type="MX" draft="unconfirmed">México</territory>
			<territory type="MY" draft="unconfirmed">Malaisia</territory>
			<territory type="MZ" draft="unconfirmed">Mozambique</territory>
			<territory type="NA" draft="unconfirmed">Namibia</territory>
			<territory type="NC" draft="unconfirmed">Nova Caledonia</territory>
			<territory type="NE" draft="unconfirmed">Níxer</territory>
			<territory type="NF" draft="unconfirmed">Illa Norfolk</territory>
			<territory type="NG" draft="unconfirmed">Nixeria</territory>
			<territory type="NI" draft="unconfirmed">Nicaragua</territory>
			<territory type="NL" draft="unconfirmed">Países Baixos</territory>
			<territory type="NO" draft="unconfirmed">Noruega</territory>
			<territory type="NP" draft="unconfirmed">Nepal</territory>
			<territory type="NZ" draft="unconfirmed">Nova Celandia</territory>
			<territory type="OM" draft="unconfirmed">Omán</territory>
			<territory type="PE" draft="unconfirmed">Perú</territory>
			<territory type="PF" draft="unconfirmed">Polinesia francesa</territory>
			<territory type="PG" draft="unconfirmed">Papúa Nova Guinea</territory>
			<territory type="PH" draft="unconfirmed">Filipinas</territory>
			<territory type="PK" draft="unconfirmed">Paquistán</territory>
			<territory type="PL" draft="unconfirmed">Polonia</territory>
			<territory type="PM" draft="unconfirmed">San Pedro e Miguelón</territory>
			<territory type="PS" draft="unconfirmed">Palestina</territory>
			<territory type="PT" draft="unconfirmed">Portugal</territory>
			<territory type="PY" draft="unconfirmed">Paraguai</territory>
			<territory type="RO" draft="unconfirmed">Romanía</territory>
			<territory type="RS" draft="unconfirmed">Serbia</territory>
			<territory type="RU" draft="unconfirmed">Rusia</territory>
			<territory type="RW" draft="unconfirmed">Ruanda</territory>
			<territory type="SA" draft="unconfirmed">Arabia Saudita</territory>
			<territory type="SB" draft="unconfirmed">Illas Salomón</territory>
			<territory type="SC" draft="unconfirmed">Seixeles</territory>
			<territory type="SD" draft="unconfirmed">Sudán</territory>
			<territory type="SE" draft="unconfirmed">Suecia</territory>
			<territory type="SH" draft="unconfirmed">Santa Helena</territory>
			<territory type="SI" draft="unconfirmed">Eslovenia</territory>
			<territory type="SJ" draft="unconfirmed">Svalbard e Jan Mayen</territory>
			<territory type="SK" draft="unconfirmed">Eslovaquia</territory>
			<territory type="SL" draft="unconfirmed">Serra Leoa</territory>
			<territory type="SM" draft="unconfirmed">San Marino</territory>
			<territory type="SN" draft="unconfirmed">Senegal</territory>
			<territory type="SO" draft="unconfirmed">Somalia</territory>
			<territory type="SR" draft="unconfirmed">Surinam</territory>
			<territory type="ST" draft="unconfirmed">Santo Tomé e Príncipe</territory>
			<territory type="SY" draft="unconfirmed">Siria</territory>
			<territory type="SZ" draft="unconfirmed">Suacilandia</territory>
			<territory type="TC" draft="unconfirmed">Illas Turks e Caicos</territory>
			<territory type="TD" draft="unconfirmed">Xad</territory>
			<territory type="TF" draft="unconfirmed">Territorios franceses do sur</territory>
			<territory type="TG" draft="unconfirmed">Togo</territory>
			<territory type="TH" draft="unconfirmed">Tailandia</territory>
			<territory type="TJ" draft="unconfirmed">Taxiquistán</territory>
			<territory type="TK" draft="unconfirmed">Tokelau</territory>
			<territory type="TL" draft="unconfirmed">Timor Oriental</territory>
			<territory type="TM" draft="unconfirmed">Turkmenistán</territory>
			<territory type="TN" draft="unconfirmed">Tunisia</territory>
			<territory type="TO" draft="unconfirmed">Tonga</territory>
			<territory type="TR" draft="unconfirmed">Turco</territory>
			<territory type="TT" draft="unconfirmed">Trindade e Tobago</territory>
			<territory type="TV" draft="unconfirmed">Tuvalu</territory>
			<territory type="TW" draft="unconfirmed">Taiwán</territory>
			<territory type="TZ" draft="unconfirmed">Tanzania</territory>
			<territory type="UA" draft="unconfirmed">Ucraína</territory>
			<territory type="UG" draft="unconfirmed">Uganda</territory>
			<territory type="UM" draft="unconfirmed">Illas Menores Distantes dos EUA.</territory>
			<territory type="US" draft="unconfirmed">Estados Unidos de América</territory>
			<territory type="UY" draft="unconfirmed">Uruguai</territory>
			<territory type="UZ" draft="unconfirmed">Uzbekistán</territory>
			<territory type="VA" draft="unconfirmed">Cidade do Vaticano</territory>
			<territory type="VC" draft="unconfirmed">San Vicente e Granadinas</territory>
			<territory type="VE" draft="unconfirmed">Venezuela</territory>
			<territory type="VG" draft="unconfirmed">Illas Virxes Británicas</territory>
			<territory type="VI" draft="unconfirmed">Illas Virxes Estadounidenses</territory>
			<territory type="VN" draft="unconfirmed">Vietnam</territory>
			<territory type="VU" draft="unconfirmed">Vanuatu</territory>
			<territory type="WF" draft="unconfirmed">Wallis e Futuna</territory>
			<territory type="WS" draft="unconfirmed">Samoa</territory>
			<territory type="YE" draft="unconfirmed">Iemen</territory>
			<territory type="ZA" draft="unconfirmed">Sudáfrica</territory>
			<territory type="ZM" draft="unconfirmed">Zambia</territory>
			<territory type="ZW" draft="unconfirmed">Cimbabue</territory>
		</territories>
	</localeDisplayNames>
	<characters>
		<exemplarCharacters>[a á b-e é f-i í j-n ñ o ó p-u ú ü v-z]</exemplarCharacters>
	</characters>
	<delimiters>
		<quotationStart draft="unconfirmed">‘</quotationStart>
		<quotationEnd draft="unconfirmed">’</quotationEnd>
		<alternateQuotationStart draft="unconfirmed">“</alternateQuotationStart>
		<alternateQuotationEnd draft="unconfirmed">”</alternateQuotationEnd>
	</delimiters>
	<dates>
		<calendars>
			<calendar type="gregorian">
				<months>
					<monthContext type="format">
						<monthWidth type="abbreviated">
							<month type="1">Xan</month>
							<month type="2">Feb</month>
							<month type="3">Mar</month>
							<month type="4">Abr</month>
							<month type="5">Mai</month>
							<month type="6">Xuñ</month>
							<month type="7">Xul</month>
							<month type="8">Ago</month>
							<month type="9">Set</month>
							<month type="10">Out</month>
							<month type="11">Nov</month>
							<month type="12">Dec</month>
						</monthWidth>
						<monthWidth type="wide">
							<month type="1">Xaneiro</month>
							<month type="2">Febreiro</month>
							<month type="3">Marzo</month>
							<month type="4">Abril</month>
							<month type="5">Maio</month>
							<month type="6">Xuño</month>
							<month type="7">Xullo</month>
							<month type="8">Agosto</month>
							<month type="9">Setembro</month>
							<month type="10">Outubro</month>
							<month type="11">Novembro</month>
							<month type="12">Decembro</month>
						</monthWidth>
					</monthContext>
					<monthContext type="stand-alone">
						<monthWidth type="narrow">
							<month type="1" draft="unconfirmed">1</month>
							<month type="2" draft="unconfirmed">2</month>
							<month type="3" draft="unconfirmed">3</month>
							<month type="4" draft="unconfirmed">4</month>
							<month type="5" draft="unconfirmed">5</month>
							<month type="6" draft="unconfirmed">6</month>
							<month type="7" draft="unconfirmed">7</month>
							<month type="8" draft="unconfirmed">8</month>
							<month type="9" draft="unconfirmed">9</month>
							<month type="10" draft="unconfirmed">10</month>
							<month type="11" draft="unconfirmed">11</month>
							<month type="12" draft="unconfirmed">12</month>
						</monthWidth>
					</monthContext>
				</months>
				<days>
					<dayContext type="format">
						<dayWidth type="abbreviated">
							<day type="sun">Dom</day>
							<day type="mon">Lun</day>
							<day type="tue">Mar</day>
							<day type="wed">Mér</day>
							<day type="thu">Xov</day>
							<day type="fri">Ven</day>
							<day type="sat">Sáb</day>
						</dayWidth>
						<dayWidth type="wide">
							<day type="sun">Domingo</day>
							<day type="mon">Luns</day>
							<day type="tue">Martes</day>
							<day type="wed">Mércores</day>
							<day type="thu">Xoves</day>
							<day type="fri">Venres</day>
							<day type="sat">Sábado</day>
						</dayWidth>
					</dayContext>
					<dayContext type="stand-alone">
						<dayWidth type="narrow">
							<day type="sun" draft="unconfirmed">1</day>
							<day type="mon" draft="unconfirmed">2</day>
							<day type="tue" draft="unconfirmed">3</day>
							<day type="wed" draft="unconfirmed">4</day>
							<day type="thu" draft="unconfirmed">5</day>
							<day type="fri" draft="unconfirmed">6</day>
							<day type="sat" draft="unconfirmed">7</day>
						</dayWidth>
					</dayContext>
				</days>
				<quarters>
					<quarterContext type="format">
						<quarterWidth type="abbreviated">
							<quarter type="1" draft="unconfirmed">T1</quarter>
							<quarter type="2" draft="unconfirmed">T2</quarter>
							<quarter type="3" draft="unconfirmed">T3</quarter>
							<quarter type="4" draft="unconfirmed">T4</quarter>
						</quarterWidth>
						<quarterWidth type="wide">
							<quarter type="1" draft="unconfirmed">1er trimestre</quarter>
							<quarter type="2" draft="unconfirmed">2on trimestre</quarter>
							<quarter type="3" draft="unconfirmed">3er trimestre</quarter>
							<quarter type="4" draft="unconfirmed">4rt trimestre</quarter>
						</quarterWidth>
					</quarterContext>
				</quarters>
				<am draft="unconfirmed">AM</am>
				<pm draft="unconfirmed">PM</pm>
				<eras>
					<eraAbbr>
						<era type="0" draft="unconfirmed">BCE</era>
						<era type="1" draft="unconfirmed">CE</era>
					</eraAbbr>
				</eras>
				<dateFormats>
					<dateFormatLength type="full">
						<dateFormat>
							<pattern draft="unconfirmed">EEEE dd MMMM yyyy</pattern>
							<pattern alt="proposed-x1001" draft="unconfirmed">EEEE, yyyy MMMM dd</pattern>
						</dateFormat>
					</dateFormatLength>
					<dateFormatLength type="long">
						<dateFormat>
							<pattern draft="unconfirmed">dd MMMM yyyy</pattern>
							<pattern alt="proposed-x1001" draft="unconfirmed">yyyy MMMM d</pattern>
						</dateFormat>
					</dateFormatLength>
					<dateFormatLength type="medium">
						<dateFormat>
							<pattern draft="unconfirmed">MMM dd, yyyy</pattern>
							<pattern alt="proposed-x1001" draft="unconfirmed">yyyy MMM d</pattern>
						</dateFormat>
					</dateFormatLength>
					<dateFormatLength type="short">
						<dateFormat>
							<pattern draft="unconfirmed">dd/MM/yy</pattern>
							<pattern alt="proposed-x1001" draft="unconfirmed">yy/MM/dd</pattern>
						</dateFormat>
					</dateFormatLength>
				</dateFormats>
				<timeFormats>
					<timeFormatLength type="full">
						<timeFormat>
							<pattern draft="unconfirmed">HH:mm:ss v</pattern>
						</timeFormat>
					</timeFormatLength>
					<timeFormatLength type="long">
						<timeFormat>
							<pattern draft="unconfirmed">HH:mm:ss z</pattern>
						</timeFormat>
					</timeFormatLength>
					<timeFormatLength type="medium">
						<timeFormat>
							<pattern draft="unconfirmed">HH:mm:ss</pattern>
						</timeFormat>
					</timeFormatLength>
					<timeFormatLength type="short">
						<timeFormat>
							<pattern draft="unconfirmed">HH:mm</pattern>
						</timeFormat>
					</timeFormatLength>
				</timeFormats>
				<dateTimeFormats>
					<dateTimeFormatLength>
						<dateTimeFormat>
							<pattern draft="unconfirmed">{1} {0}</pattern>
						</dateTimeFormat>
					</dateTimeFormatLength>
					<availableFormats>
						<dateFormatItem id="MMMMdd" draft="unconfirmed">dd MMMM</dateFormatItem>
						<dateFormatItem id="MMdd" draft="unconfirmed">dd/MM</dateFormatItem>
						<dateFormatItem id="yyMM" draft="unconfirmed">MM/yy</dateFormatItem>
						<dateFormatItem id="yyQ" draft="unconfirmed">Q yy</dateFormatItem>
						<dateFormatItem id="yyyyMMMM" draft="unconfirmed">MMMM yyyy</dateFormatItem>
					</availableFormats>
				</dateTimeFormats>
			</calendar>
		</calendars>
		<timeZoneNames>
			<hourFormat draft="unconfirmed">+HH:mm;-HH:mm</hourFormat>
			<gmtFormat draft="unconfirmed">GMT{0}</gmtFormat>
			<regionFormat draft="unconfirmed">{0}</regionFormat>
			<zone type="America/Anguilla">
				<exemplarCity draft="unconfirmed">Anguila</exemplarCity>
			</zone>
			<zone type="Atlantic/Bermuda">
				<exemplarCity draft="unconfirmed">Bermudas</exemplarCity>
			</zone>
			<zone type="America/Belize">
				<exemplarCity draft="unconfirmed">Belice</exemplarCity>
			</zone>
			<zone type="Atlantic/Cape_Verde">
				<exemplarCity draft="unconfirmed">Cabo Verde</exemplarCity>
			</zone>
			<zone type="Africa/Djibouti">
				<exemplarCity draft="unconfirmed">Xubuti</exemplarCity>
			</zone>
			<zone type="Pacific/Fiji">
				<exemplarCity draft="unconfirmed">Fidxi</exemplarCity>
			</zone>
			<zone type="Europe/Paris">
				<exemplarCity draft="unconfirmed">París</exemplarCity>
			</zone>
			<zone type="America/Grenada">
				<exemplarCity draft="unconfirmed">Granada</exemplarCity>
			</zone>
			<zone type="Europe/Gibraltar">
				<exemplarCity draft="unconfirmed">Xibraltar</exemplarCity>
			</zone>
			<zone type="America/Guadeloupe">
				<exemplarCity draft="unconfirmed">Guadalupe</exemplarCity>
			</zone>
			<zone type="America/Guyana">
				<exemplarCity draft="unconfirmed">Güiana</exemplarCity>
			</zone>
			<zone type="America/Jamaica">
				<exemplarCity draft="unconfirmed">Xamaica</exemplarCity>
			</zone>
			<zone type="Europe/Luxembourg">
				<exemplarCity draft="unconfirmed">Luxemburgo</exemplarCity>
			</zone>
			<zone type="Europe/Monaco">
				<exemplarCity draft="unconfirmed">Mónaco</exemplarCity>
			</zone>
			<zone type="America/Martinique">
				<exemplarCity draft="unconfirmed">Martinica</exemplarCity>
			</zone>
			<zone type="Indian/Mauritius">
				<exemplarCity draft="unconfirmed">Mauricio</exemplarCity>
			</zone>
			<zone type="Indian/Maldives">
				<exemplarCity draft="unconfirmed">Maldivas</exemplarCity>
			</zone>
			<zone type="America/Panama">
				<exemplarCity draft="unconfirmed">Panamá</exemplarCity>
			</zone>
			<zone type="America/Puerto_Rico">
				<exemplarCity draft="unconfirmed">Porto Rico</exemplarCity>
			</zone>
			<zone type="Indian/Reunion">
				<exemplarCity draft="unconfirmed">Reunión</exemplarCity>
			</zone>
			<zone type="Asia/Singapore">
				<exemplarCity draft="unconfirmed">Singapur</exemplarCity>
			</zone>
			<zone type="America/El_Salvador">
				<exemplarCity draft="unconfirmed">O Salvador</exemplarCity>
			</zone>
		</timeZoneNames>
	</dates>
	<numbers>
		<symbols>
			<decimal>,</decimal>
			<group>.</group>
		</symbols>
		<currencyFormats>
			<currencyFormatLength>
				<currencyFormat>
					<pattern>#,##0.00 ¤</pattern>
				</currencyFormat>
			</currencyFormatLength>
		</currencyFormats>
		<currencies>
			<currency type="ESP">
				<pattern>¤ #,##0;-¤ #,##0</pattern>
				<symbol>₧</symbol>
				<decimal>,</decimal>
				<group>.</group>
			</currency>
		</currencies>
	</numbers>
</ldml>

