<?xml version="1.0" encoding="UTF-8" ?>
<!DOCTYPE ldml SYSTEM "http://www.unicode.org/cldr/dtd/1.5/ldml.dtd">
<ldml>
	<identity>
		<version number="$Revision: 1.35 $"/>
		<generation date="$Date: 2007/07/19 22:31:39 $"/>
		<language type="haw"/>
	</identity>
	<localeDisplayNames>
		<languages>
			<language type="haw">ʻōlelo Hawaiʻi</language>
		</languages>
		<territories>
			<territory type="AU">Nūhōlani</territory>
			<territory type="CA">Kanakā</territory>
			<territory type="CN">Kina</territory>
			<territory type="DE">Kelemānia</territory>
			<territory type="DK">Kenemaka</territory>
			<territory type="ES">Kepania</territory>
			<territory type="FR">Palani</territory>
			<territory type="GB">Aupuni Mōʻī Hui Pū ʻIa</territory>
			<territory type="GR">Helene</territory>
			<territory type="IE">ʻIlelani</territory>
			<territory type="IL">ʻIseraʻela</territory>
			<territory type="IN">ʻĪnia</territory>
			<territory type="IT">ʻĪkālia</territory>
			<territory type="JP">Iāpana</territory>
			<territory type="MX">Mekiko</territory>
			<territory type="NL">Hōlani</territory>
			<territory type="NZ">Aotearoa</territory>
			<territory type="PH">ʻĀina Pilipino</territory>
			<territory type="RU">Lūkia</territory>
			<territory type="US">ʻAmelika Hui Pū ʻIa</territory>
		</territories>
	</localeDisplayNames>
	<characters>
		<exemplarCharacters>[a ā e ē i ī o ō u ū h k-n p w ʻ]</exemplarCharacters>
		<exemplarCharacters type="auxiliary">[b-d f g j q-t v x-z]</exemplarCharacters>
	</characters>
	<dates>
		<calendars>
			<calendar type="gregorian">
				<months>
					<monthContext type="format">
						<monthWidth type="abbreviated">
							<month type="1">Ian.</month>
							<month type="2">Pep.</month>
							<month type="3">Mal.</month>
							<month type="4">ʻAp.</month>
							<month type="5">Mei</month>
							<month type="6">Iun.</month>
							<month type="7">Iul.</month>
							<month type="8">ʻAu.</month>
							<month type="9">Kep.</month>
							<month type="10">ʻOk.</month>
							<month type="11">Now.</month>
							<month type="12">Kek.</month>
						</monthWidth>
						<monthWidth type="wide">
							<month type="1">Ianuali</month>
							<month type="2">Pepeluali</month>
							<month type="3">Malaki</month>
							<month type="4">ʻApelila</month>
							<month type="5">Mei</month>
							<month type="6">Iune</month>
							<month type="7">Iulai</month>
							<month type="8">ʻAukake</month>
							<month type="9">Kepakemapa</month>
							<month type="10">ʻOkakopa</month>
							<month type="11">Nowemapa</month>
							<month type="12">Kekemapa</month>
						</monthWidth>
					</monthContext>
					<monthContext type="stand-alone">
						<monthWidth type="narrow">
							<month type="1" draft="unconfirmed">1</month>
							<month type="2" draft="unconfirmed">2</month>
							<month type="3" draft="unconfirmed">3</month>
							<month type="4" draft="unconfirmed">4</month>
							<month type="5" draft="unconfirmed">5</month>
							<month type="6" draft="unconfirmed">6</month>
							<month type="7" draft="unconfirmed">7</month>
							<month type="8" draft="unconfirmed">8</month>
							<month type="9" draft="unconfirmed">9</month>
							<month type="10" draft="unconfirmed">10</month>
							<month type="11" draft="unconfirmed">11</month>
							<month type="12" draft="unconfirmed">12</month>
						</monthWidth>
					</monthContext>
				</months>
				<days>
					<dayContext type="format">
						<dayWidth type="abbreviated">
							<day type="sun">LP</day>
							<day type="mon">P1</day>
							<day type="tue">P2</day>
							<day type="wed">P3</day>
							<day type="thu">P4</day>
							<day type="fri">P5</day>
							<day type="sat">P6</day>
						</dayWidth>
						<dayWidth type="wide">
							<day type="sun">Lāpule</day>
							<day type="mon">Poʻakahi</day>
							<day type="tue">Poʻalua</day>
							<day type="wed">Poʻakolu</day>
							<day type="thu">Poʻahā</day>
							<day type="fri">Poʻalima</day>
							<day type="sat">Poʻaono</day>
						</dayWidth>
					</dayContext>
					<dayContext type="stand-alone">
						<dayWidth type="narrow">
							<day type="sun" draft="unconfirmed">1</day>
							<day type="mon" draft="unconfirmed">2</day>
							<day type="tue" draft="unconfirmed">3</day>
							<day type="wed" draft="unconfirmed">4</day>
							<day type="thu" draft="unconfirmed">5</day>
							<day type="fri" draft="unconfirmed">6</day>
							<day type="sat" draft="unconfirmed">7</day>
						</dayWidth>
					</dayContext>
				</days>
				<quarters>
					<quarterContext type="format">
						<quarterWidth type="abbreviated">
							<quarter type="1" draft="unconfirmed">Q1</quarter>
							<quarter type="2" draft="unconfirmed">Q2</quarter>
							<quarter type="3" draft="unconfirmed">Q3</quarter>
							<quarter type="4" draft="unconfirmed">Q4</quarter>
						</quarterWidth>
						<quarterWidth type="wide">
							<quarter type="1" draft="unconfirmed">Q1</quarter>
							<quarter type="2" draft="unconfirmed">Q2</quarter>
							<quarter type="3" draft="unconfirmed">Q3</quarter>
							<quarter type="4" draft="unconfirmed">Q4</quarter>
						</quarterWidth>
					</quarterContext>
				</quarters>
				<am draft="unconfirmed">AM</am>
				<pm draft="unconfirmed">PM</pm>
				<eras>
					<eraAbbr>
						<era type="0" draft="unconfirmed">BCE</era>
						<era type="1" draft="unconfirmed">CE</era>
					</eraAbbr>
				</eras>
				<dateFormats>
					<dateFormatLength type="full">
						<dateFormat>
							<pattern draft="unconfirmed">EEEE, d MMMM yyyy</pattern>
							<pattern alt="proposed-x1001" draft="unconfirmed">EEEE, yyyy MMMM dd</pattern>
						</dateFormat>
					</dateFormatLength>
					<dateFormatLength type="long">
						<dateFormat>
							<pattern draft="unconfirmed">d MMMM yyyy</pattern>
							<pattern alt="proposed-x1001" draft="unconfirmed">yyyy MMMM d</pattern>
						</dateFormat>
					</dateFormatLength>
					<dateFormatLength type="medium">
						<dateFormat>
							<pattern draft="unconfirmed">d MMM yyyy</pattern>
							<pattern alt="proposed-x1001" draft="unconfirmed">yyyy MMM d</pattern>
						</dateFormat>
					</dateFormatLength>
					<dateFormatLength type="short">
						<dateFormat>
							<pattern draft="unconfirmed">d/M/yy</pattern>
							<pattern alt="proposed-x1001" draft="unconfirmed">yy/MM/dd</pattern>
						</dateFormat>
					</dateFormatLength>
				</dateFormats>
				<timeFormats>
					<timeFormatLength type="full">
						<timeFormat>
							<pattern draft="unconfirmed">h:mm:ss a v</pattern>
							<pattern alt="proposed-x1001" draft="unconfirmed">HH:mm:ss v</pattern>
						</timeFormat>
					</timeFormatLength>
					<timeFormatLength type="long">
						<timeFormat>
							<pattern draft="unconfirmed">h:mm:ss a z</pattern>
							<pattern alt="proposed-x1001" draft="unconfirmed">HH:mm:ss z</pattern>
						</timeFormat>
					</timeFormatLength>
					<timeFormatLength type="medium">
						<timeFormat>
							<pattern draft="unconfirmed">h:mm:ss a</pattern>
							<pattern alt="proposed-x1001" draft="unconfirmed">HH:mm:ss</pattern>
						</timeFormat>
					</timeFormatLength>
					<timeFormatLength type="short">
						<timeFormat>
							<pattern draft="unconfirmed">h:mm a</pattern>
							<pattern alt="proposed-x1001" draft="unconfirmed">HH:mm</pattern>
						</timeFormat>
					</timeFormatLength>
				</timeFormats>
				<dateTimeFormats>
					<dateTimeFormatLength>
						<dateTimeFormat>
							<pattern draft="unconfirmed">{1} {0}</pattern>
						</dateTimeFormat>
					</dateTimeFormatLength>
					<availableFormats>
						<dateFormatItem id="MMMMd" draft="unconfirmed">d MMMM</dateFormatItem>
						<dateFormatItem id="Md" draft="unconfirmed">d/M</dateFormatItem>
						<dateFormatItem id="yyM" draft="unconfirmed">M/yy</dateFormatItem>
						<dateFormatItem id="yyQ" draft="unconfirmed">Q yy</dateFormatItem>
						<dateFormatItem id="yyyyMMMM" draft="unconfirmed">MMMM yyyy</dateFormatItem>
					</availableFormats>
				</dateTimeFormats>
			</calendar>
		</calendars>
		<timeZoneNames>
			<hourFormat draft="unconfirmed">+HH:mm;-HH:mm</hourFormat>
			<gmtFormat draft="unconfirmed">GMT{0}</gmtFormat>
			<regionFormat draft="unconfirmed">{0}</regionFormat>
		</timeZoneNames>
	</dates>
	<numbers>
		<currencyFormats>
			<currencyFormatLength>
				<currencyFormat>
					<pattern>¤#,##0.00;(¤#,##0.00)</pattern>
				</currencyFormat>
			</currencyFormatLength>
		</currencyFormats>
	</numbers>
</ldml>

