<?xml version="1.0" encoding="UTF-8" ?>
<!DOCTYPE ldml SYSTEM "http://www.unicode.org/cldr/dtd/1.5/ldml.dtd">
<ldml>
	<identity>
		<version number="$Revision: 1.79 $"/>
		<generation date="$Date: 2007/07/19 23:30:28 $"/>
		<language type="hr"/>
	</identity>
	<localeDisplayNames>
		<languages>
			<language type="af" draft="provisional">afrikaans</language>
			<language type="afa" draft="provisional">ostali afričko-azijski</language>
			<language type="am" draft="provisional">amharik</language>
			<language type="ang">engleski, stari (ca.450-1100)</language>
			<language type="apa">apaški</language>
			<language type="ar">arapski</language>
			<language type="art">umjetni (ostali)</language>
			<language type="as" draft="provisional">asamskom (Britanska Indija)</language>
			<language type="av">avarski</language>
			<language type="az" draft="provisional">azerbajdžanski</language>
			<language type="az" alt="proposed-x1001" draft="unconfirmed">azarbejđanski</language>
			<language type="az" alt="proposed-x1002" draft="unconfirmed">azerbajdžanski</language>
			<language type="bat">baltički (ostali)</language>
			<language type="be">bjeloruski</language>
			<language type="be" alt="proposed-x1001" draft="unconfirmed">bjeloruskom</language>
			<language type="ber" draft="provisional">berberski</language>
			<language type="bg">bugarski</language>
			<language type="bh" draft="provisional">bihari</language>
			<language type="bn" draft="provisional">bengalski</language>
			<language type="bn" alt="proposed-x1001" draft="unconfirmed">bengalskom</language>
			<language type="bnt" draft="provisional">bantu</language>
			<language type="bo" draft="provisional">tibetanski</language>
			<language type="br" draft="provisional">bretonski</language>
			<language type="bs" draft="provisional">bosanski</language>
			<language type="ca" draft="provisional">katalonski</language>
			<language type="cel">keltski (ostali)</language>
			<language type="chr" draft="provisional">chr</language>
			<language type="co" draft="provisional">korzički</language>
			<language type="cs">češki</language>
			<language type="cu">crkvenoslavenski</language>
			<language type="cy">velški</language>
			<language type="da">danski</language>
			<language type="de">njemački</language>
			<language type="de_CH" draft="provisional">gornjonjemački (Švicarska)</language>
			<language type="dsb" draft="provisional">donjolužičkosrpski</language>
			<language type="dum">nizozemski, srednji (ca. 1050-1350)</language>
			<language type="egy">egipatski (antički)</language>
			<language type="el">grčki</language>
			<language type="en">engleski</language>
			<language type="en_AU" alt="proposed-x1001" draft="unconfirmed">engleski (australija)</language>
			<language type="en_GB" draft="provisional">engleski (Velika Britanija)</language>
			<language type="en_GB" alt="proposed-x1001" draft="unconfirmed">engleski (britanski)</language>
			<language type="en_US" alt="proposed-x1001" draft="unconfirmed">engleski (američki)</language>
			<language type="enm">engleski, srednji (1100-1500)</language>
			<language type="eo">esperanto</language>
			<language type="es">španjolski</language>
			<language type="es_419" draft="provisional">španjolski (Latinska Amerika)</language>
			<language type="et">estonijski</language>
			<language type="et" alt="proposed-x1001" draft="unconfirmed">estonski</language>
			<language type="eu" draft="provisional">baskijski</language>
			<language type="fa">perzijski</language>
			<language type="fi">finski</language>
			<language type="fil">filipino</language>
			<language type="fil" alt="proposed-x1001" draft="unconfirmed">tagalog</language>
			<language type="fiu" draft="provisional">ostali ugarsko-finski</language>
			<language type="fj" draft="provisional">fidžijski</language>
			<language type="fo" draft="provisional">faroanski</language>
			<language type="fr">francuski</language>
			<language type="fr" alt="proposed-x1001" draft="unconfirmed">francuskom</language>
			<language type="frm">francuski, srednji (ca.1400-1600)</language>
			<language type="fro">francuski, stari (842-ca.1400)</language>
			<language type="frr" draft="provisional">sjevernofrizijski</language>
			<language type="frs" draft="provisional">istočnofrizijski</language>
			<language type="fy">frizijski</language>
			<language type="fy" alt="proposed-x1001" draft="unconfirmed">frizijskom</language>
			<language type="fy" alt="proposed-x1002" draft="unconfirmed">zapadnofrizijski</language>
			<language type="ga">irski</language>
			<language type="gd" draft="provisional">škotskom galskom</language>
			<language type="gem">germanski (ostali)</language>
			<language type="gl" draft="provisional">galicijski</language>
			<language type="gl" alt="proposed-x1001" draft="unconfirmed">galski</language>
			<language type="gmh">njemački, srednji visoki (ca.1050-1500)</language>
			<language type="gn" draft="provisional">guarani</language>
			<language type="goh">njemački, stari visoki (ca.750-1050)</language>
			<language type="grc">grčki, antički (do 1453)</language>
			<language type="gsw" draft="provisional">njemački (Švicarska)</language>
			<language type="gu" draft="provisional">gujarati</language>
			<language type="haw">havajski</language>
			<language type="he">hebrejski</language>
			<language type="hi" draft="provisional">hindu</language>
			<language type="hr">hrvatski</language>
			<language type="ht" draft="provisional">kreolski</language>
			<language type="hu">mađarski</language>
			<language type="hy">armenski</language>
			<language type="hy" alt="proposed-x1001" draft="unconfirmed">aramenskom</language>
			<language type="ia" draft="provisional">interlingua</language>
			<language type="id" draft="provisional">indonezijski</language>
			<language type="ie" draft="provisional">interlingua (jezik zamišljen za internacionalnu komunikaciju među znanstvenicima)</language>
			<language type="inc">indijski (drugi)</language>
			<language type="inc" alt="proposed-x1001" draft="unconfirmed">inc</language>
			<language type="ine">indoevropski (drugi)</language>
			<language type="ine" alt="proposed-x1001" draft="unconfirmed">indoeuropski (ostali)</language>
			<language type="ira">iranski</language>
			<language type="ira" alt="proposed-x1001" draft="unconfirmed">ostali iranski</language>
			<language type="is">islandski</language>
			<language type="it">talijanski</language>
			<language type="ja">japanski</language>
			<language type="ja" alt="proposed-x1001" draft="unconfirmed">japanskom</language>
			<language type="jv" draft="provisional">javanski</language>
			<language type="jv" alt="proposed-x1001" draft="unconfirmed">javanskom</language>
			<language type="ka" draft="provisional">gruzijski</language>
			<language type="kg" draft="provisional">kongo</language>
			<language type="kk" draft="provisional">kazaški</language>
			<language type="km">kmerski</language>
			<language type="km" alt="proposed-x1001" draft="unconfirmed">kambođanskom</language>
			<language type="kn" draft="provisional">kannada</language>
			<language type="ko">korejski</language>
			<language type="ku" draft="provisional">kurdski</language>
			<language type="kw" draft="provisional">kornski</language>
			<language type="ky" draft="provisional">kirgiški</language>
			<language type="ky" alt="proposed-x1001" draft="unconfirmed">kirgistanski</language>
			<language type="la">latinski</language>
			<language type="lb" draft="provisional">luksemburški</language>
			<language type="ln" draft="provisional">lingala</language>
			<language type="lo" draft="provisional">laoski</language>
			<language type="lo" alt="proposed-x1001" draft="unconfirmed">laotski</language>
			<language type="lt">litvanski</language>
			<language type="lt" alt="proposed-x1001" draft="unconfirmed">litavski</language>
			<language type="lv">latvijski</language>
			<language type="lv" alt="proposed-x1001" draft="unconfirmed">litvanski</language>
			<language type="lv" alt="proposed-x1002" draft="unconfirmed">letonski</language>
			<language type="mga">irski, srednji (900-1200)</language>
			<language type="mis" draft="provisional">ostali jezici</language>
			<language type="mk">makedonski</language>
			<language type="ml" draft="provisional">malayalam</language>
			<language type="mn">mongolski</language>
			<language type="mo" draft="provisional">moldavski</language>
			<language type="mr" draft="provisional">marathi</language>
			<language type="ms" draft="provisional">malajski</language>
			<language type="mt">malteški</language>
			<language type="my" draft="provisional">burmanski</language>
			<language type="nb" draft="provisional">književni norveški</language>
			<language type="nds" draft="provisional">donjonjemački</language>
			<language type="ne">nepalski</language>
			<language type="ne" alt="proposed-x1001" draft="unconfirmed">nepalskom</language>
			<language type="nl">nizozemski</language>
			<language type="nl_BE" draft="provisional">flamanski</language>
			<language type="nn" draft="provisional">novonorveški</language>
			<language type="nn" alt="proposed-x1001" draft="unconfirmed">norveškom</language>
			<language type="no">norveški</language>
			<language type="oc" draft="provisional">okcitanski</language>
			<language type="oc" alt="proposed-x1001" draft="unconfirmed">oksitanskom</language>
			<language type="or" draft="provisional">orijskom</language>
			<language type="ota" draft="provisional">turski - otomanski</language>
			<language type="pa" draft="provisional">punjabi</language>
			<language type="peo" draft="provisional">staroperzijski</language>
			<language type="pl">poljski</language>
			<language type="pro" draft="provisional">staroprovansalski</language>
			<language type="ps" draft="provisional">paštu</language>
			<language type="ps" alt="proposed-x1001" draft="unconfirmed">pašto</language>
			<language type="pt">portugalski</language>
			<language type="pt_PT" alt="proposed-x1001" draft="unconfirmed">portugalskom</language>
			<language type="rm" draft="provisional">retoromanski</language>
			<language type="ro">rumunjski</language>
			<language type="roa">romanski (ostali)</language>
			<language type="ru">ruski</language>
			<language type="sa" draft="provisional">sanskrtski</language>
			<language type="sa" alt="proposed-x1001" draft="unconfirmed">sanskrtskom</language>
			<language type="sc" draft="provisional">sardski</language>
			<language type="sd" draft="provisional">sindhi</language>
			<language type="sga" draft="provisional">staroirski</language>
			<language type="sh" draft="provisional">srpsko-hrvatski</language>
			<language type="si" draft="provisional">singaleški</language>
			<language type="si" alt="proposed-x1001" draft="unconfirmed">sinhaleskom</language>
			<language type="sk">slovački</language>
			<language type="sl">slovenski</language>
			<language type="sla">slavenski (drugi)</language>
			<language type="sla" alt="proposed-x1001" draft="unconfirmed">slavenski (ostali)</language>
			<language type="sm" draft="provisional">samoanski</language>
			<language type="so" draft="provisional">somalski</language>
			<language type="so" alt="proposed-x1001" draft="unconfirmed">somalijski</language>
			<language type="sq">albanski</language>
			<language type="sr">srpski</language>
			<language type="st" draft="provisional">sesotski</language>
			<language type="su" draft="provisional">sundanski</language>
			<language type="sv">švedski</language>
			<language type="sw" draft="provisional">svahili</language>
			<language type="sw" alt="proposed-x1001" draft="unconfirmed">svahilskom</language>
			<language type="ta" draft="provisional">tamilski</language>
			<language type="tai" draft="provisional">ostali tajlandski</language>
			<language type="te" draft="provisional">telugu</language>
			<language type="th" draft="provisional">tajlandski</language>
			<language type="ti" draft="provisional">tigrinya</language>
			<language type="tig" draft="provisional">tigrinski</language>
			<language type="tk" draft="provisional">turkmenski</language>
			<language type="tk" alt="proposed-x1001" draft="unconfirmed">turkmenistanski</language>
			<language type="tl" draft="provisional">tagalog</language>
			<language type="tlh" draft="provisional">klingonski</language>
			<language type="tlh" alt="proposed-x1001" draft="unconfirmed">klingonskom</language>
			<language type="tr">turski</language>
			<language type="tw" draft="provisional">twi</language>
			<language type="ty" draft="provisional">tahićanski</language>
			<language type="ug" draft="provisional">turkmenskom (uighur)</language>
			<language type="uk">ukrajinski</language>
			<language type="und" draft="provisional">nepoznati ili nevažeći jezik</language>
			<language type="ur" draft="provisional">urdu</language>
			<language type="uz" draft="provisional">uzbečki</language>
			<language type="uz" alt="proposed-x1001" draft="unconfirmed">uzbekistanski</language>
			<language type="vi">vijetnamski</language>
			<language type="wo" draft="provisional">wolof</language>
			<language type="xh" draft="provisional">xhosa</language>
			<language type="yi" draft="provisional">jidiš</language>
			<language type="yi" alt="proposed-x1001" draft="unconfirmed">jidiškom</language>
			<language type="zh">kineski</language>
			<language type="zh_Hans" draft="provisional">kineski (pojednostavljeni)</language>
			<language type="zh_Hant" draft="provisional">kineski (tradicionalni)</language>
			<language type="zu" draft="provisional">zulu</language>
			<language type="zxx" draft="provisional">bez jezičnog sadržaja</language>
		</languages>
		<scripts>
			<script type="Arab" draft="provisional">arapsko pismo</script>
			<script type="Cyrl" draft="provisional">ćirilica</script>
			<script type="Egyp" draft="provisional">egipatski hijeroglifi</script>
			<script type="Glag" draft="provisional">glagoljica</script>
			<script type="Grek" draft="provisional">grčko pismo</script>
			<script type="Hebr" draft="provisional">hebrejsko pismo</script>
			<script type="Jpan" draft="provisional">japansko pismo</script>
			<script type="Latn">Latinski</script>
			<script type="Latn" alt="proposed-x1001" draft="unconfirmed">latinica</script>
			<script type="Runr" draft="provisional">rune</script>
			<script type="Sinh" draft="provisional">singaleško pismo</script>
			<script type="Taml" draft="provisional">tamilsko pismo</script>
			<script type="Tfng" draft="provisional">tifinar</script>
			<script type="Thai" draft="provisional">tajlandsko pismo</script>
			<script type="Tibt" draft="provisional">tibetansko pismo</script>
			<script type="Zxxx">nepisani jezik</script>
			<script type="Zzzz" draft="provisional">nepoznato ili nevažeće pismo</script>
		</scripts>
		<territories>
			<territory type="001">Svijet</territory>
			<territory type="002">Afrika</territory>
			<territory type="003">Sjevernoamerički kontinent</territory>
			<territory type="003" alt="proposed-x1001" draft="unconfirmed">Sjeverna Amerika</territory>
			<territory type="005">Južna Amerika</territory>
			<territory type="009">Oceanija</territory>
			<territory type="011">Zapadna Afrika</territory>
			<territory type="013">Centralna Amerika</territory>
			<territory type="014">Istočna Afrika</territory>
			<territory type="015">Sjeverna Afrika</territory>
			<territory type="017">Središnja Afrika</territory>
			<territory type="018">Južna Afrika</territory>
			<territory type="019">Amerike</territory>
			<territory type="019" alt="proposed-x1001" draft="unconfirmed">019</territory>
			<territory type="021">Sjeverna Amerika</territory>
			<territory type="021" alt="proposed-x1001" draft="unconfirmed">Sjevernoamerički kontinent</territory>
			<territory type="021" alt="proposed-x1002" draft="unconfirmed">021</territory>
			<territory type="029">Karibi</territory>
			<territory type="030">Istočna Azija</territory>
			<territory type="034" draft="provisional">Južna Azija</territory>
			<territory type="035">Jugoistočna Azija</territory>
			<territory type="039">Južna Europa</territory>
			<territory type="053">Australija i Novi Zeland</territory>
			<territory type="054">Melanezija</territory>
			<territory type="057">Micronezija</territory>
			<territory type="057" alt="proposed-x1001" draft="unconfirmed">Mikronezijska Regija</territory>
			<territory type="061">Polinezija</territory>
			<territory type="062">Južno-centralna Azija</territory>
			<territory type="062" alt="proposed-x1001" draft="unconfirmed">Južna Azija</territory>
			<territory type="062" alt="proposed-x1002" draft="unconfirmed">062</territory>
			<territory type="142">Azija</territory>
			<territory type="143" draft="provisional">Srednja Azija</territory>
			<territory type="145">Zapadna Azija</territory>
			<territory type="150">Europa</territory>
			<territory type="151">Istočna Europa</territory>
			<territory type="154">Sjeverna Europa</territory>
			<territory type="155">Zapadna Europa</territory>
			<territory type="419" draft="provisional">Latinska Amerika i Karibi</territory>
			<territory type="830">Kanalski otoci</territory>
			<territory type="AD">Andora</territory>
			<territory type="AE">Ujedinjeni Arapski Emirati</territory>
			<territory type="AF">Afganistan</territory>
			<territory type="AG">Antigua i Barbuda</territory>
			<territory type="AG" alt="proposed-x1001" draft="unconfirmed">Antigva i Barbuda</territory>
			<territory type="AI">Anguila</territory>
			<territory type="AL">Albanija</territory>
			<territory type="AM">Armenija</territory>
			<territory type="AN">Nizozemski Antili</territory>
			<territory type="AO">Angola</territory>
			<territory type="AQ">Antarktik</territory>
			<territory type="AQ" alt="proposed-x1001" draft="unconfirmed">Antarktika</territory>
			<territory type="AR">Argentina</territory>
			<territory type="AS">Američka Samoa</territory>
			<territory type="AT">Austrija</territory>
			<territory type="AU">Australija</territory>
			<territory type="AW">Aruba</territory>
			<territory type="AX">Alandski otoci</territory>
			<territory type="AX" alt="proposed-x1001" draft="unconfirmed">Falklandska Otočja</territory>
			<territory type="AZ">Azerbajdžan</territory>
			<territory type="BA">Bosna i Hercegovina</territory>
			<territory type="BB">Barbados</territory>
			<territory type="BD">Bangladeš</territory>
			<territory type="BE">Belgija</territory>
			<territory type="BF">Burkina Faso</territory>
			<territory type="BG">Bugarska</territory>
			<territory type="BH">Bahrein</territory>
			<territory type="BI">Burundi</territory>
			<territory type="BJ">Benin</territory>
			<territory type="BM">Bermuda</territory>
			<territory type="BM" alt="proposed-x1001" draft="unconfirmed">Bermudi</territory>
			<territory type="BN">Brunei</territory>
			<territory type="BN" alt="proposed-x1001" draft="unconfirmed">Brunej</territory>
			<territory type="BO">Bolivija</territory>
			<territory type="BR">Brazil</territory>
			<territory type="BS">Bahami</territory>
			<territory type="BT">Butan</territory>
			<territory type="BV">Otok Bouvet</territory>
			<territory type="BW">Bocvana</territory>
			<territory type="BY">Bjelorusija</territory>
			<territory type="BZ">Belize</territory>
			<territory type="CA">Kanada</territory>
			<territory type="CC">Kokos (Keeling) Otoci</territory>
			<territory type="CC" alt="proposed-x1001" draft="unconfirmed">Kokos Otočja</territory>
			<territory type="CC" alt="proposed-x1002" draft="unconfirmed">Kokosovi (Keeling) Otoci</territory>
			<territory type="CD">Kongo, Demokratska Republika</territory>
			<territory type="CD" alt="proposed-x1001" draft="unconfirmed">Demokratska Republika Kongo</territory>
			<territory type="CF">Srednjoafrička Republika</territory>
			<territory type="CG">Kongo</territory>
			<territory type="CH">Švicarska</territory>
			<territory type="CI">Obala Bjelokosti</territory>
			<territory type="CI" alt="proposed-x1001" draft="unconfirmed">Obala Slonovače</territory>
			<territory type="CK">Kukovi Otoci</territory>
			<territory type="CL">Čile</territory>
			<territory type="CM">Kamerun</territory>
			<territory type="CN">Kina</territory>
			<territory type="CO">Kolumbija</territory>
			<territory type="CR">Kostarika</territory>
			<territory type="CS">Srbija i Crna Gora</territory>
			<territory type="CU">Kuba</territory>
			<territory type="CV">Zeleni Rt</territory>
			<territory type="CX">Božićni Otoci</territory>
			<territory type="CX" alt="proposed-x1001" draft="unconfirmed">Božićni Otok</territory>
			<territory type="CY">Cipar</territory>
			<territory type="CZ">Češka Republika</territory>
			<territory type="CZ" alt="proposed-x1001" draft="unconfirmed">Češka</territory>
			<territory type="CZ" alt="proposed-x1002" draft="unconfirmed">Republika Češka</territory>
			<territory type="DE">Njemačka</territory>
			<territory type="DJ">Džibuti</territory>
			<territory type="DK">Danska</territory>
			<territory type="DM">Dominika</territory>
			<territory type="DO">Dominikanska Republika</territory>
			<territory type="DZ">Alžir</territory>
			<territory type="EC">Ekvador</territory>
			<territory type="EE">Estonija</territory>
			<territory type="EG">Egipat</territory>
			<territory type="EH">Zapadna Sahara</territory>
			<territory type="ER">Eritreja</territory>
			<territory type="ES">Španjolska</territory>
			<territory type="ET">Etiopija</territory>
			<territory type="FI">Finska</territory>
			<territory type="FJ">Fidži</territory>
			<territory type="FK">Falklandski Otoci</territory>
			<territory type="FM">Mikronezija, Federalne Države</territory>
			<territory type="FM" alt="proposed-x1001" draft="unconfirmed">Mikronezija</territory>
			<territory type="FO">Farski Otoci</territory>
			<territory type="FO" alt="proposed-x1001" draft="unconfirmed">Ferojski Otoci</territory>
			<territory type="FO" alt="proposed-x1002" draft="unconfirmed">Ferojski otoci</territory>
			<territory type="FR">Francuska</territory>
			<territory type="GA">Gabon</territory>
			<territory type="GB">Ujedinjena Kraljevina</territory>
			<territory type="GB" alt="proposed-x1001" draft="unconfirmed">Velika Britanija</territory>
			<territory type="GD">Grenada</territory>
			<territory type="GE">Gruzija</territory>
			<territory type="GF">Francuska Gvajana</territory>
			<territory type="GG" draft="provisional">Guernsey</territory>
			<territory type="GH">Gana</territory>
			<territory type="GI">Gibraltar</territory>
			<territory type="GL">Greenland</territory>
			<territory type="GL" alt="proposed-x1001" draft="unconfirmed">Grenland</territory>
			<territory type="GM">Gambija</territory>
			<territory type="GN">Gvineja</territory>
			<territory type="GP">Guadeloupe</territory>
			<territory type="GQ">Ekvatorska Gvineja</territory>
			<territory type="GR">Grčka</territory>
			<territory type="GS">Južna Gruzija i Južni Sendvič Otoci</territory>
			<territory type="GS" alt="proposed-x1001" draft="unconfirmed">Južna Georgia i Južna Sendvič Otočja</territory>
			<territory type="GS" alt="proposed-x1002" draft="unconfirmed">Južna Džordžija i Južni Otoci Sendvič</territory>
			<territory type="GT">Gvatemala</territory>
			<territory type="GU">Guam</territory>
			<territory type="GW">Gvineja Bisau</territory>
			<territory type="GY">Gvajana</territory>
			<territory type="HK">Hong Kong S.A.R. Kine</territory>
			<territory type="HK" alt="short" draft="provisional">Hong Kong</territory>
			<territory type="HM">Heard Otok i McDonald Otoci</territory>
			<territory type="HM" alt="proposed-x1001" draft="unconfirmed">Heard Otok i McDonald Otočja</territory>
			<territory type="HM" alt="proposed-x1002" draft="unconfirmed">Otok Heard i Otoci McDonald</territory>
			<territory type="HN">Honduras</territory>
			<territory type="HR">Hrvatska</territory>
			<territory type="HT">Haiti</territory>
			<territory type="HU">Mađarska</territory>
			<territory type="ID">Indonezija</territory>
			<territory type="IE">Irska</territory>
			<territory type="IL">Izrael</territory>
			<territory type="IM">Otok Man</territory>
			<territory type="IM" alt="proposed-x1001" draft="unconfirmed">Isle Of Man</territory>
			<territory type="IN">Indija</territory>
			<territory type="IO">Britanski Teritorij Indijskog Oceana</territory>
			<territory type="IO" alt="proposed-x1001" draft="unconfirmed">Britanski Indijskooceanski Teritorij</territory>
			<territory type="IQ">Irak</territory>
			<territory type="IR">Iran, Islamska Republika</territory>
			<territory type="IR" alt="proposed-x1001" draft="unconfirmed">Iran</territory>
			<territory type="IS">Island</territory>
			<territory type="IT">Italija</territory>
			<territory type="JE" draft="provisional">Jersey</territory>
			<territory type="JM">Jamajka</territory>
			<territory type="JO">Jordan</territory>
			<territory type="JP">Japan</territory>
			<territory type="KE">Kenija</territory>
			<territory type="KG">Kirgistan</territory>
			<territory type="KH">Kambodža</territory>
			<territory type="KI">Kiribati</territory>
			<territory type="KM">Komori</territory>
			<territory type="KN">Sveti Kristofor i Nevis</territory>
			<territory type="KN" alt="proposed-x1001" draft="unconfirmed">Sv. Kristofor i Nevis</territory>
			<territory type="KP">Koreja, Sjeverna</territory>
			<territory type="KP" alt="proposed-x1001" draft="unconfirmed">Sjeverna Koreja</territory>
			<territory type="KR">Koreja, Južna</territory>
			<territory type="KR" alt="proposed-x1001" draft="unconfirmed">Južna Koreja</territory>
			<territory type="KW">Kuvajt</territory>
			<territory type="KY">Kajmanski Otoci</territory>
			<territory type="KZ">Kazakstan</territory>
			<territory type="KZ" alt="proposed-x1001" draft="unconfirmed">Kazahstan</territory>
			<territory type="LA">Laoska Narodna Demokratska Republika</territory>
			<territory type="LA" alt="proposed-x1001" draft="unconfirmed">Laos</territory>
			<territory type="LB">Libanon</territory>
			<territory type="LC">Sveta Lucija</territory>
			<territory type="LC" alt="proposed-x1001" draft="unconfirmed">Sv. Lucija</territory>
			<territory type="LI">Lihtenštajn</territory>
			<territory type="LK">Šri Lanka</territory>
			<territory type="LR">Liberija</territory>
			<territory type="LS">Lesoto</territory>
			<territory type="LT">Litva</territory>
			<territory type="LU">Luksemburg</territory>
			<territory type="LV">Latvija</territory>
			<territory type="LV" alt="proposed-x1001" draft="unconfirmed">Letonija</territory>
			<territory type="LY">Libijska Arapska Džamahirija</territory>
			<territory type="LY" alt="proposed-x1001" draft="unconfirmed">Libija</territory>
			<territory type="MA">Maroko</territory>
			<territory type="MC">Monako</territory>
			<territory type="MD">Moldavija, Republika</territory>
			<territory type="MD" alt="proposed-x1001" draft="unconfirmed">Moldavija</territory>
			<territory type="ME" draft="provisional">Crna Gora</territory>
			<territory type="MG">Madagaskar</territory>
			<territory type="MH">Maršalovi Otoci</territory>
			<territory type="MK">Makedonija, Republika</territory>
			<territory type="MK" alt="proposed-x1001" draft="unconfirmed">Makedonija</territory>
			<territory type="ML">Mali</territory>
			<territory type="MM">Mijanma</territory>
			<territory type="MM" alt="proposed-x1001" draft="unconfirmed">Mijanmar</territory>
			<territory type="MN">Mongolija</territory>
			<territory type="MO">Makao S.A.R. Kine</territory>
			<territory type="MO" alt="proposed-x1001" draft="unconfirmed">Macao</territory>
			<territory type="MO" alt="short" draft="provisional">Makao</territory>
			<territory type="MP">Sjeverni Marianski Otoci</territory>
			<territory type="MP" alt="proposed-x1001" draft="unconfirmed">Sjeverni Marijanski Otoci</territory>
			<territory type="MQ">Martinik</territory>
			<territory type="MR">Mauritanija</territory>
			<territory type="MS">Montserat</territory>
			<territory type="MS" alt="proposed-x1001" draft="unconfirmed">Motserrat</territory>
			<territory type="MT">Malta</territory>
			<territory type="MU">Mauricijus</territory>
			<territory type="MV">Maldivi</territory>
			<territory type="MW">Malavi</territory>
			<territory type="MX">Meksiko</territory>
			<territory type="MY">Malezija</territory>
			<territory type="MZ">Mozambik</territory>
			<territory type="NA">Namibija</territory>
			<territory type="NC">Nova Kaledonija</territory>
			<territory type="NE">Niger</territory>
			<territory type="NF">Norfolški Otoci</territory>
			<territory type="NF" alt="proposed-x1001" draft="unconfirmed">Otok Norfolk</territory>
			<territory type="NG">Nigerija</territory>
			<territory type="NI">Nikaragva</territory>
			<territory type="NL">Nizozemska</territory>
			<territory type="NO">Norveška</territory>
			<territory type="NP">Nepal</territory>
			<territory type="NR">Nauru</territory>
			<territory type="NU">Niue</territory>
			<territory type="NZ">Novi Zeland</territory>
			<territory type="OM">Oman</territory>
			<territory type="PA">Panama</territory>
			<territory type="PE">Peru</territory>
			<territory type="PF">Francuska Polinezija</territory>
			<territory type="PG">Papua Nova Gvineja</territory>
			<territory type="PH">Filipini</territory>
			<territory type="PK">Pakistan</territory>
			<territory type="PL">Poljska</territory>
			<territory type="PM">Sveti Petar i Miguel</territory>
			<territory type="PM" alt="proposed-x1001" draft="unconfirmed">Saint Pierre and Miquelon</territory>
			<territory type="PN">Pitcairn</territory>
			<territory type="PR">Portoriko</territory>
			<territory type="PS">Palestinska Teritoija</territory>
			<territory type="PS" alt="proposed-x1001" draft="unconfirmed">Palestina</territory>
			<territory type="PS" alt="proposed-x1002" draft="unconfirmed">palestinski teritorij</territory>
			<territory type="PT">Portugal</territory>
			<territory type="PW">Palau</territory>
			<territory type="PY">Paragvaj</territory>
			<territory type="QA">Katar</territory>
			<territory type="QO">Ostala oceanija</territory>
			<territory type="QO" alt="proposed-x1001" draft="unconfirmed">QO</territory>
			<territory type="QU" draft="provisional">Europska Unija</territory>
			<territory type="RE">Reunion</territory>
			<territory type="RE" alt="proposed-x1001" draft="unconfirmed">Réunion</territory>
			<territory type="RO">Rumunjska</territory>
			<territory type="RS">Srbija</territory>
			<territory type="RU">Ruska Federacija</territory>
			<territory type="RU" alt="proposed-x1001" draft="unconfirmed">Rusija</territory>
			<territory type="RW">Ruanda</territory>
			<territory type="SA">Saudijska Arabija</territory>
			<territory type="SB">Salamunovi Otoci</territory>
			<territory type="SB" alt="proposed-x1001" draft="unconfirmed">Solomonski Otoci</territory>
			<territory type="SC">Sejšeli</territory>
			<territory type="SD">Sudan</territory>
			<territory type="SE">Švedska</territory>
			<territory type="SG">Singapur</territory>
			<territory type="SH">Sveta Helena</territory>
			<territory type="SI">Slovenija</territory>
			<territory type="SJ">Svalbard i Jan Mayen</territory>
			<territory type="SK">Slovačka</territory>
			<territory type="SL">Sijera Leone</territory>
			<territory type="SM">San Marino</territory>
			<territory type="SN">Senegal</territory>
			<territory type="SO">Somalija</territory>
			<territory type="SR">Surinam</territory>
			<territory type="ST">Sveti Toma i Prinsipe</territory>
			<territory type="ST" alt="proposed-x1001" draft="unconfirmed">São Tomé and Príncipe</territory>
			<territory type="SV">El Salvador</territory>
			<territory type="SV" alt="proposed-x1001" draft="unconfirmed">Salvador</territory>
			<territory type="SY">Sirija</territory>
			<territory type="SZ">Svazi</territory>
			<territory type="SZ" alt="proposed-x1001" draft="unconfirmed">Svaziland</territory>
			<territory type="TC">Turkski i Kaikos Otoci</territory>
			<territory type="TC" alt="proposed-x1001" draft="unconfirmed">Otoci Turks i Caicos</territory>
			<territory type="TD">Čad</territory>
			<territory type="TF">Francuske Južne Teritorije</territory>
			<territory type="TF" alt="proposed-x1001" draft="unconfirmed">Francuski Južni Teritorij</territory>
			<territory type="TG">Togo</territory>
			<territory type="TH">Tajland</territory>
			<territory type="TJ">Tadžikistan</territory>
			<territory type="TK">Tokelau</territory>
			<territory type="TL">Istočni Timor</territory>
			<territory type="TM">Turkmenistan</territory>
			<territory type="TN">Tunis</territory>
			<territory type="TO">Tonga</territory>
			<territory type="TR">Turska</territory>
			<territory type="TT">Trinidad i Tobago</territory>
			<territory type="TV">Tuvalu</territory>
			<territory type="TW">Tajvan</territory>
			<territory type="TZ">Tanzanija</territory>
			<territory type="UA">Ukrajina</territory>
			<territory type="UG">Uganda</territory>
			<territory type="UM">Sjedinjene Države Manji Vanjski Otoci</territory>
			<territory type="UM" alt="proposed-x1001" draft="unconfirmed">Manja otočja koja okružuju Sjedinjene Države</territory>
			<territory type="UM" alt="proposed-x1002" draft="unconfirmed">Ujedinjene Države Manjih Pacifičkih Otoka</territory>
			<territory type="US">Sjedinjene Države</territory>
			<territory type="US" alt="proposed-x1001" draft="unconfirmed">SAD</territory>
			<territory type="US" alt="proposed-x1002" draft="unconfirmed">Amerika</territory>
			<territory type="UY">Urugvaj</territory>
			<territory type="UZ">Uzbekistan</territory>
			<territory type="VA">Sveta Stolica (Država Vatikanskog Grada)</territory>
			<territory type="VA" alt="proposed-x1001" draft="unconfirmed">Sveta Stolica</territory>
			<territory type="VA" alt="proposed-x1002" draft="unconfirmed">Grad Vatikan</territory>
			<territory type="VC">Sveti Vincent i Grenadini</territory>
			<territory type="VC" alt="proposed-x1001" draft="unconfirmed">Sv. Vincent i Grenadini</territory>
			<territory type="VE">Venezuela</territory>
			<territory type="VG">Britanski Djevičanski Otoci</territory>
			<territory type="VG" alt="proposed-x1001" draft="unconfirmed">Djevičanska Otočja, Britanska</territory>
			<territory type="VI">U.S. Djevičanski Otoci</territory>
			<territory type="VI" alt="proposed-x1001" draft="unconfirmed">Američki Djevičanski Otoci</territory>
			<territory type="VI" alt="proposed-x1002" draft="unconfirmed">Djevičanska Otočja, SAD</territory>
			<territory type="VN">Vijetnam</territory>
			<territory type="VU">Vanuatu</territory>
			<territory type="WF">Wallis i Futuna</territory>
			<territory type="WS">Samoa</territory>
			<territory type="YE">Jemen</territory>
			<territory type="YT">Majote</territory>
			<territory type="ZA">Južnoafrička Republika</territory>
			<territory type="ZM">Zambija</territory>
			<territory type="ZW">Zimbabve</territory>
			<territory type="ZZ">nepoznata ili nevažeća oblast</territory>
		</territories>
		<keys>
			<key type="calendar">Kalendar</key>
			<key type="collation">Poredavanje</key>
			<key type="currency">Valuta</key>
		</keys>
		<types>
			<type type="buddhist" key="calendar">Budistički kalendar</type>
			<type type="chinese" key="calendar">Kineski kalendar</type>
			<type type="direct" key="collation">Direktno poredavanje</type>
			<type type="gregorian" key="calendar">Gregorijanski kalendar</type>
			<type type="hebrew" key="calendar">Hebrejski kalendar</type>
			<type type="islamic" key="calendar">Islamski kalendar</type>
			<type type="islamic-civil" key="calendar">Islamski civilni kalendar</type>
			<type type="japanese" key="calendar">Japanski kalendar</type>
			<type type="phonebook" key="collation">Poredavanja po abecedi</type>
			<type type="pinyin" key="collation">Pinyin poredavanje</type>
			<type type="stroke" key="collation">Stroke order poredavanje</type>
			<type type="traditional" key="collation">Tradicionano poredavanje</type>
		</types>
		<measurementSystemNames>
			<measurementSystemName type="metric" draft="provisional">metrički</measurementSystemName>
		</measurementSystemNames>
	</localeDisplayNames>
	<layout>
		<inText type="languages" draft="provisional">lowercase-words</inText>
		<inText type="scripts" draft="provisional">titlecase-words</inText>
		<inText type="territories" draft="provisional">titlecase-words</inText>
	</layout>
	<characters>
		<exemplarCharacters>[a-c č ć d đ {dž} e-l {lj} m n {nj} o p r s š t-v z ž]</exemplarCharacters>
	</characters>
	<delimiters>
		<quotationStart>‘</quotationStart>
		<quotationEnd>’</quotationEnd>
		<alternateQuotationStart>“</alternateQuotationStart>
		<alternateQuotationEnd>”</alternateQuotationEnd>
	</delimiters>
	<dates>
		<localizedPatternChars>GanjkHmsSEDFwWxhKzAeugXZvcL</localizedPatternChars>
		<calendars>
			<calendar type="gregorian">
				<months>
					<monthContext type="format">
						<monthWidth type="abbreviated">
							<month type="1">sij</month>
							<month type="2">vel</month>
							<month type="3">ožu</month>
							<month type="4">tra</month>
							<month type="5">svi</month>
							<month type="6">lip</month>
							<month type="7">srp</month>
							<month type="8">kol</month>
							<month type="9">ruj</month>
							<month type="10">lis</month>
							<month type="11">stu</month>
							<month type="12">pro</month>
						</monthWidth>
						<monthWidth type="narrow">
							<month type="1">s</month>
							<month type="2">v</month>
							<month type="3">o</month>
							<month type="4">t</month>
							<month type="5">s</month>
							<month type="6">l</month>
							<month type="7">s</month>
							<month type="8">k</month>
							<month type="9">r</month>
							<month type="10">l</month>
							<month type="11">s</month>
							<month type="12">p</month>
						</monthWidth>
						<monthWidth type="wide">
							<month type="1">siječnja</month>
							<month type="1" alt="proposed-x1001" draft="unconfirmed">siječanj</month>
							<month type="2">veljače</month>
							<month type="2" alt="proposed-x1001" draft="unconfirmed">veljača</month>
							<month type="3">ožujka</month>
							<month type="3" alt="proposed-x1001" draft="unconfirmed">ožujak</month>
							<month type="4">travnja</month>
							<month type="4" alt="proposed-x1001" draft="unconfirmed">travanj</month>
							<month type="5">svibnja</month>
							<month type="5" alt="proposed-x1001" draft="unconfirmed">svibanj</month>
							<month type="6">lipnja</month>
							<month type="6" alt="proposed-x1001" draft="unconfirmed">lipanj</month>
							<month type="7">srpnja</month>
							<month type="7" alt="proposed-x1001" draft="unconfirmed">srpanj</month>
							<month type="8">kolovoza</month>
							<month type="8" alt="proposed-x1001" draft="unconfirmed">kolovoz</month>
							<month type="9">rujna</month>
							<month type="9" alt="proposed-x1001" draft="unconfirmed">rujan</month>
							<month type="10">listopada</month>
							<month type="10" alt="proposed-x1001" draft="unconfirmed">listopad</month>
							<month type="11">studenoga</month>
							<month type="11" alt="proposed-x1001" draft="unconfirmed">studeni</month>
							<month type="12">prosinca</month>
							<month type="12" alt="proposed-x1001" draft="unconfirmed">prosinac</month>
						</monthWidth>
					</monthContext>
					<monthContext type="stand-alone">
						<monthWidth type="abbreviated">
							<month type="1">sij</month>
							<month type="2">vel</month>
							<month type="3">ožu</month>
							<month type="4">tra</month>
							<month type="5">svi</month>
							<month type="6">lip</month>
							<month type="7">srp</month>
							<month type="8">kol</month>
							<month type="9">ruj</month>
							<month type="10">lis</month>
							<month type="11">stu</month>
							<month type="12">pro</month>
						</monthWidth>
						<monthWidth type="narrow">
							<month type="1">s</month>
							<month type="2">v</month>
							<month type="3">o</month>
							<month type="4">t</month>
							<month type="5">s</month>
							<month type="6">l</month>
							<month type="7">s</month>
							<month type="8">k</month>
							<month type="9">r</month>
							<month type="10">l</month>
							<month type="11">s</month>
							<month type="12">p</month>
						</monthWidth>
						<monthWidth type="wide">
							<month type="1">siječanj</month>
							<month type="2">veljača</month>
							<month type="3">ožujak</month>
							<month type="4">travanj</month>
							<month type="5">svibanj</month>
							<month type="6">lipanj</month>
							<month type="7">srpanj</month>
							<month type="8">kolovoz</month>
							<month type="9">rujan</month>
							<month type="10">listopad</month>
							<month type="11">studeni</month>
							<month type="12">prosinac</month>
						</monthWidth>
					</monthContext>
				</months>
				<days>
					<dayContext type="format">
						<dayWidth type="abbreviated">
							<day type="sun">ned</day>
							<day type="mon">pon</day>
							<day type="tue">uto</day>
							<day type="wed">sri</day>
							<day type="thu">čet</day>
							<day type="fri">pet</day>
							<day type="sat">sub</day>
						</dayWidth>
						<dayWidth type="wide">
							<day type="sun">nedjelja</day>
							<day type="mon">ponedjeljak</day>
							<day type="tue">utorak</day>
							<day type="wed">srijeda</day>
							<day type="thu">četvrtak</day>
							<day type="fri">petak</day>
							<day type="sat">subota</day>
						</dayWidth>
					</dayContext>
					<dayContext type="stand-alone">
						<dayWidth type="narrow">
							<day type="sun">n</day>
							<day type="mon">p</day>
							<day type="tue">u</day>
							<day type="wed">s</day>
							<day type="thu">č</day>
							<day type="fri">p</day>
							<day type="sat">s</day>
						</dayWidth>
					</dayContext>
				</days>
				<quarters>
					<quarterContext type="format">
						<quarterWidth type="abbreviated">
							<quarter type="1">1kv</quarter>
							<quarter type="2">2kv</quarter>
							<quarter type="3">3kv</quarter>
							<quarter type="4">4kv</quarter>
						</quarterWidth>
						<quarterWidth type="wide">
							<quarter type="1">1. kvartal</quarter>
							<quarter type="2">2. kvartal</quarter>
							<quarter type="3">3. kvartal</quarter>
							<quarter type="4">4. kvartal</quarter>
						</quarterWidth>
					</quarterContext>
				</quarters>
				<am draft="unconfirmed">AM</am>
				<pm draft="unconfirmed">PM</pm>
				<eras>
					<eraNames>
						<era type="0">Prije Krista</era>
						<era type="1">Poslije Krista</era>
					</eraNames>
					<eraAbbr>
						<era type="0">pr.n.e.</era>
						<era type="1">AD</era>
					</eraAbbr>
				</eras>
				<dateFormats>
					<dateFormatLength type="full">
						<dateFormat>
							<pattern>EEEE, dd MMMM yyyy.</pattern>
							<pattern alt="proposed-x1001" draft="unconfirmed">yyyy. MMMM dd</pattern>
						</dateFormat>
					</dateFormatLength>
					<dateFormatLength type="long">
						<dateFormat>
							<pattern>dd. MMMM yyyy.</pattern>
							<pattern alt="proposed-x1001" draft="unconfirmed">yyyy. MMMM dd</pattern>
						</dateFormat>
					</dateFormatLength>
					<dateFormatLength type="medium">
						<dateFormat>
							<pattern>yyyy.MM.dd</pattern>
						</dateFormat>
					</dateFormatLength>
					<dateFormatLength type="short">
						<dateFormat>
							<pattern>yyyy.MM.dd</pattern>
						</dateFormat>
					</dateFormatLength>
				</dateFormats>
				<timeFormats>
					<timeFormatLength type="full">
						<timeFormat>
							<pattern draft="provisional">HH:mm:ss v</pattern>
						</timeFormat>
					</timeFormatLength>
					<timeFormatLength type="long">
						<timeFormat>
							<pattern draft="provisional">HH:mm:ss z</pattern>
						</timeFormat>
					</timeFormatLength>
					<timeFormatLength type="medium">
						<timeFormat>
							<pattern draft="provisional">HH:mm:ss</pattern>
						</timeFormat>
					</timeFormatLength>
					<timeFormatLength type="short">
						<timeFormat>
							<pattern draft="provisional">HH:mm</pattern>
						</timeFormat>
					</timeFormatLength>
				</timeFormats>
				<dateTimeFormats>
					<dateTimeFormatLength>
						<dateTimeFormat>
							<pattern draft="unconfirmed">{1} {0}</pattern>
						</dateTimeFormat>
					</dateTimeFormatLength>
					<availableFormats>
						<dateFormatItem id="HHmm" draft="provisional">HH:mm</dateFormatItem>
						<dateFormatItem id="HHmmss" draft="provisional">HH:mm:ss</dateFormatItem>
						<dateFormatItem id="MMMMdd" draft="unconfirmed">MMMM dd</dateFormatItem>
						<dateFormatItem id="MMdd" draft="unconfirmed">MM.dd</dateFormatItem>
						<dateFormatItem id="hhmm" draft="unconfirmed">hh:mm a</dateFormatItem>
						<dateFormatItem id="hhmmss" draft="unconfirmed">hh:mm:ss a</dateFormatItem>
						<dateFormatItem id="yyMMMEEEd" draft="provisional">EEE yy.MMM d</dateFormatItem>
						<dateFormatItem id="yyQ" draft="unconfirmed">Q yy</dateFormatItem>
						<dateFormatItem id="yyQQQQ" draft="unconfirmed">QQQQ yy</dateFormatItem>
						<dateFormatItem id="yyyyMM" draft="unconfirmed">yyyy.MM</dateFormatItem>
						<dateFormatItem id="yyyyMMMM" draft="unconfirmed">yyyy. MMMM</dateFormatItem>
					</availableFormats>
				</dateTimeFormats>
				<fields>
					<field type="era">
						<displayName>Era</displayName>
					</field>
					<field type="year">
						<displayName>Godina</displayName>
					</field>
					<field type="month">
						<displayName>Mjesec</displayName>
					</field>
					<field type="week">
						<displayName>Tjedan</displayName>
					</field>
					<field type="day">
						<displayName>Dan</displayName>
						<relative type="0">Danas</relative>
						<relative type="1">Jučer</relative>
						<relative type="2" draft="provisional">Prekosutra</relative>
						<relative type="-1">Jučer</relative>
						<relative type="-2" draft="provisional">Prekjučer</relative>
					</field>
					<field type="weekday">
						<displayName>Dan u tjednu</displayName>
					</field>
					<field type="dayperiod">
						<displayName>Dio dana</displayName>
					</field>
					<field type="hour">
						<displayName>Sat</displayName>
					</field>
					<field type="minute">
						<displayName>Minuta</displayName>
					</field>
					<field type="second">
						<displayName>Sekunda</displayName>
					</field>
					<field type="zone">
						<displayName>Zona</displayName>
					</field>
				</fields>
			</calendar>
		</calendars>
		<timeZoneNames>
			<hourFormat>+HHmm;-HHmm</hourFormat>
			<gmtFormat draft="unconfirmed">GMT{0}</gmtFormat>
			<regionFormat draft="unconfirmed">{0}</regionFormat>
			<zone type="Etc/Unknown">
				<exemplarCity>Nepoznat ili nevažeći grad</exemplarCity>
			</zone>
			<zone type="Europe/Andorra">
				<exemplarCity draft="provisional">Andora</exemplarCity>
			</zone>
			<!-- Antarctica -->
			<zone type="Antarctica/South_Pole">
				<exemplarCity>Južni pol</exemplarCity>
			</zone>
			<zone type="Antarctica/DumontDUrville">
				<exemplarCity draft="provisional">Dumont D'Urville</exemplarCity>
			</zone>
			<zone type="Europe/Vienna">
				<exemplarCity draft="provisional">Beć</exemplarCity>
			</zone>
			<zone type="Europe/Sofia">
				<exemplarCity draft="provisional">Sofija</exemplarCity>
			</zone>
			<zone type="Asia/Bahrain">
				<exemplarCity draft="provisional">Bahrein</exemplarCity>
			</zone>
			<!-- Democratic Republic of the Congo -->
			<zone type="Africa/Kinshasa">
				<exemplarCity>Kinšasa</exemplarCity>
				<exemplarCity alt="proposed-x1001" draft="unconfirmed">Kinshasa</exemplarCity>
			</zone>
			<zone type="Africa/Lubumbashi">
				<exemplarCity>Lubumbaši</exemplarCity>
				<exemplarCity alt="proposed-x1001" draft="unconfirmed">Lubumbashi</exemplarCity>
			</zone>
			<zone type="Pacific/Easter">
				<exemplarCity draft="provisional">Uskrsni Otok</exemplarCity>
			</zone>
			<!-- China -->
			<zone type="Asia/Shanghai">
				<exemplarCity>Šangaj</exemplarCity>
			</zone>
			<zone type="America/Costa_Rica">
				<exemplarCity draft="provisional">Kostarika</exemplarCity>
			</zone>
			<zone type="Atlantic/Cape_Verde">
				<exemplarCity draft="provisional">Zelenortska Republika</exemplarCity>
			</zone>
			<zone type="Indian/Christmas">
				<exemplarCity draft="provisional">Božić</exemplarCity>
			</zone>
			<zone type="Asia/Nicosia">
				<exemplarCity draft="provisional">Nikozija</exemplarCity>
			</zone>
			<zone type="Africa/Djibouti">
				<exemplarCity draft="provisional">Džibuti</exemplarCity>
			</zone>
			<zone type="America/Dominica">
				<exemplarCity draft="provisional">Dominika</exemplarCity>
			</zone>
			<zone type="Africa/Algiers">
				<exemplarCity draft="provisional">Alžir</exemplarCity>
			</zone>
			<zone type="Atlantic/Canary">
				<exemplarCity draft="provisional">Kanarska Otočja</exemplarCity>
			</zone>
			<zone type="Pacific/Fiji">
				<exemplarCity draft="provisional">Fidži</exemplarCity>
			</zone>
			<zone type="Europe/Paris">
				<exemplarCity draft="provisional">Pariz</exemplarCity>
			</zone>
			<zone type="Europe/Athens">
				<exemplarCity draft="provisional">Atena</exemplarCity>
			</zone>
			<zone type="Atlantic/South_Georgia">
				<exemplarCity draft="provisional">Južna Georgia</exemplarCity>
			</zone>
			<zone type="America/Guatemala">
				<exemplarCity draft="provisional">Gvatemala</exemplarCity>
			</zone>
			<zone type="America/Guyana">
				<exemplarCity draft="provisional">Gvajana</exemplarCity>
			</zone>
			<zone type="Europe/Budapest">
				<exemplarCity draft="provisional">Budimpešta</exemplarCity>
			</zone>
			<zone type="Europe/Rome">
				<exemplarCity draft="provisional">Rim</exemplarCity>
			</zone>
			<zone type="America/Jamaica">
				<exemplarCity draft="provisional">Jamajka</exemplarCity>
			</zone>
			<zone type="Asia/Tokyo">
				<exemplarCity draft="provisional">Tokio</exemplarCity>
			</zone>
			<zone type="America/St_Kitts">
				<exemplarCity draft="provisional">St. Kitts</exemplarCity>
			</zone>
			<zone type="Asia/Kuwait">
				<exemplarCity draft="provisional">Kuvajt</exemplarCity>
			</zone>
			<zone type="America/St_Lucia">
				<exemplarCity draft="provisional">Sveta Lucija</exemplarCity>
			</zone>
			<zone type="Europe/Luxembourg">
				<exemplarCity draft="provisional">Luksemburg</exemplarCity>
			</zone>
			<zone type="Europe/Monaco">
				<exemplarCity draft="provisional">Monako</exemplarCity>
			</zone>
			<zone type="Indian/Mauritius">
				<exemplarCity draft="provisional">Mauricijus</exemplarCity>
			</zone>
			<zone type="Indian/Maldives">
				<exemplarCity draft="provisional">Maldivi</exemplarCity>
			</zone>
			<zone type="Europe/Warsaw">
				<exemplarCity draft="provisional">Varšava</exemplarCity>
			</zone>
			<zone type="America/Puerto_Rico">
				<exemplarCity draft="provisional">Portoriko</exemplarCity>
			</zone>
			<zone type="Europe/Lisbon">
				<exemplarCity draft="provisional">Lisabon</exemplarCity>
			</zone>
			<zone type="Asia/Qatar">
				<exemplarCity draft="provisional">Katar</exemplarCity>
			</zone>
			<zone type="Indian/Reunion">
				<exemplarCity draft="provisional">Réunion</exemplarCity>
			</zone>
			<zone type="Europe/Bucharest">
				<exemplarCity draft="provisional">Bukurešt</exemplarCity>
			</zone>
			<!-- Russia -->
			<zone type="Europe/Moscow">
				<exemplarCity>Moskva</exemplarCity>
			</zone>
			<zone type="Asia/Krasnoyarsk">
				<exemplarCity>Krasnojarsk</exemplarCity>
			</zone>
			<zone type="Asia/Kamchatka">
				<exemplarCity>Kamčatka</exemplarCity>
			</zone>
			<zone type="Asia/Anadyr">
				<exemplarCity>Anadir</exemplarCity>
			</zone>
			<zone type="Asia/Singapore">
				<exemplarCity draft="provisional">Singapur</exemplarCity>
			</zone>
			<zone type="Atlantic/St_Helena">
				<exemplarCity draft="provisional">Sveta Helena</exemplarCity>
			</zone>
			<zone type="America/El_Salvador">
				<exemplarCity draft="provisional">Salvador</exemplarCity>
			</zone>
			<!-- Ukraine -->
			<zone type="Europe/Uzhgorod">
				<exemplarCity>Uzgorod</exemplarCity>
			</zone>
			<zone type="Europe/Kiev">
				<exemplarCity>Kijev</exemplarCity>
			</zone>
			<zone type="Europe/Zaporozhye">
				<exemplarCity>Zaporožje</exemplarCity>
			</zone>
			<zone type="America/Anchorage">
				<exemplarCity draft="provisional">Alaska vremenska zona</exemplarCity>
			</zone>
			<!-- Uzbekistan -->
			<zone type="Asia/Tashkent">
				<exemplarCity>Taškent</exemplarCity>
				<exemplarCity alt="proposed-x1001" draft="unconfirmed">Tashkent</exemplarCity>
			</zone>
			<zone type="America/St_Vincent">
				<exemplarCity draft="provisional">Sveti Vincent</exemplarCity>
			</zone>
			<zone type="America/St_Thomas">
				<exemplarCity draft="provisional">Sveti Thomas</exemplarCity>
			</zone>
		</timeZoneNames>
	</dates>
	<numbers>
		<symbols>
			<decimal>,</decimal>
			<group>.</group>
		</symbols>
		<currencyFormats>
			<currencyFormatLength>
				<currencyFormat>
					<pattern draft="provisional">#,##0.00 ¤; -#,##0.00 ¤</pattern>
				</currencyFormat>
			</currencyFormatLength>
		</currencyFormats>
		<currencies>
			<currency type="ADP">
				<displayName draft="provisional">andorska pezeta</displayName>
			</currency>
			<currency type="AED">
				<displayName draft="provisional">UAE dirham</displayName>
			</currency>
			<currency type="ALL">
				<displayName>Albanski lek</displayName>
				<displayName alt="proposed-x1001" draft="unconfirmed">albanski lek</displayName>
				<symbol>lek</symbol>
			</currency>
			<currency type="AMD">
				<displayName>Armenian Dram</displayName>
				<displayName alt="proposed-x1001" draft="unconfirmed">armenski dram</displayName>
				<symbol>dram</symbol>
			</currency>
			<currency type="AOA">
				<displayName>Angolska kvanza</displayName>
				<displayName alt="proposed-x1001" draft="unconfirmed">angolska kvanza</displayName>
			</currency>
			<currency type="AOK">
				<displayName>Angolska kvanza (1977-1990)</displayName>
				<displayName alt="proposed-x1001" draft="unconfirmed">angolska kvanza (1977-1990)</displayName>
			</currency>
			<currency type="AON">
				<displayName draft="provisional">angolska nova kvanza (1990-2000)</displayName>
			</currency>
			<currency type="ARP">
				<displayName>Argentinski pezo (1983-1985)</displayName>
				<displayName alt="proposed-x1001" draft="unconfirmed">argentinski pezo (1983-1985)</displayName>
			</currency>
			<currency type="ARS">
				<displayName>Argentinski pezo</displayName>
				<displayName alt="proposed-x1001" draft="unconfirmed">argentinski pezo</displayName>
				<symbol>Arg$</symbol>
			</currency>
			<currency type="ATS">
				<displayName>Austrijski šiling</displayName>
				<displayName alt="proposed-x1001" draft="unconfirmed">austrijski šiling</displayName>
			</currency>
			<currency type="AUD">
				<displayName>Australski dolar</displayName>
				<displayName alt="proposed-x1001" draft="unconfirmed">australski dolar</displayName>
				<symbol>$A</symbol>
			</currency>
			<currency type="AWG">
				<displayName draft="provisional">arupski gulden</displayName>
			</currency>
			<currency type="AZM">
				<displayName>Azerbejdžanski manat</displayName>
				<displayName alt="proposed-x1001" draft="unconfirmed">azerbajdžanski manat</displayName>
			</currency>
			<currency type="BAD">
				<displayName draft="provisional">bosansko-hercegovački dinar</displayName>
			</currency>
			<currency type="BAM">
				<displayName>Konvertibilna marka</displayName>
				<displayName alt="proposed-x1001" draft="unconfirmed">konvertibilna marka</displayName>
				<symbol>KM</symbol>
			</currency>
			<currency type="BBD">
				<displayName>Barbadoski dolar</displayName>
				<displayName alt="proposed-x1001" draft="unconfirmed">barbadoski dolar</displayName>
				<symbol>BDS$</symbol>
			</currency>
			<currency type="BDT">
				<displayName>Taka</displayName>
				<displayName alt="proposed-x1001" draft="unconfirmed">taka</displayName>
				<symbol>Tk</symbol>
			</currency>
			<currency type="BEF">
				<displayName>Belgijski franak</displayName>
				<displayName alt="proposed-x1001" draft="unconfirmed">belgijski franak</displayName>
				<symbol>BF</symbol>
			</currency>
			<currency type="BGN">
				<displayName draft="provisional">bugarski novi lev</displayName>
				<displayName alt="proposed-x1001" draft="unconfirmed">Bugarski Lev</displayName>
			</currency>
			<currency type="BHD">
				<displayName draft="provisional">bahreinski dinar</displayName>
			</currency>
			<currency type="BMD">
				<displayName>Bermudski dolar</displayName>
				<displayName alt="proposed-x1001" draft="unconfirmed">bermudski dolar</displayName>
				<symbol>Ber$</symbol>
			</currency>
			<currency type="BND">
				<displayName>Brunejski dolar</displayName>
				<displayName alt="proposed-x1001" draft="unconfirmed">brunejski dolar</displayName>
			</currency>
			<currency type="BOB">
				<displayName draft="provisional">bolivijano</displayName>
				<displayName alt="proposed-x1001" draft="unconfirmed">Bolivijski Bolivijano</displayName>
			</currency>
			<currency type="BOP">
				<displayName draft="provisional">bolivijski pezo</displayName>
			</currency>
			<currency type="BOV">
				<displayName draft="provisional">bolivijski mvdol</displayName>
			</currency>
			<currency type="BRL">
				<displayName>Brazilski Real</displayName>
				<displayName alt="proposed-x1001" draft="unconfirmed">brazilski real</displayName>
			</currency>
			<currency type="BSD">
				<displayName draft="provisional">bahamski dolar</displayName>
			</currency>
			<currency type="BWP">
				<displayName draft="provisional">pula</displayName>
			</currency>
			<currency type="BYB">
				<displayName draft="provisional">bjeloruska nova rublja (1994-1999)</displayName>
			</currency>
			<currency type="BYR">
				<displayName draft="provisional">bjeloruska rublja</displayName>
			</currency>
			<currency type="BZD">
				<displayName draft="provisional">belizeanski dolar</displayName>
			</currency>
			<currency type="CAD">
				<displayName>Kanadski dolar</displayName>
				<displayName alt="proposed-x1001" draft="unconfirmed">kanadski dolar</displayName>
				<symbol>Can$</symbol>
			</currency>
			<currency type="CHF">
				<displayName>Švicarski franak</displayName>
				<displayName alt="proposed-x1001" draft="unconfirmed">švicarski franak</displayName>
				<symbol>SwF</symbol>
			</currency>
			<currency type="CLF">
				<displayName>Chilean Unidades de Fomento</displayName>
			</currency>
			<currency type="CLP">
				<displayName>Čileanski pezo</displayName>
				<displayName alt="proposed-x1001" draft="unconfirmed">čileanski pezo</displayName>
				<symbol>Ch$</symbol>
			</currency>
			<currency type="CNY">
				<displayName>Kineski Yuan Renminbi</displayName>
				<displayName alt="proposed-x1001" draft="unconfirmed">Renminbi-Juan</displayName>
				<displayName alt="proposed-x1002" draft="unconfirmed">renminbi-juan</displayName>
			</currency>
			<currency type="COP">
				<displayName>Kolumbijski pezo</displayName>
				<displayName alt="proposed-x1001" draft="unconfirmed">kolumbijski pezo</displayName>
				<symbol>Col$</symbol>
			</currency>
			<currency type="CRC">
				<displayName>Kostarikanski kolon</displayName>
				<displayName alt="proposed-x1001" draft="unconfirmed">kostarikanski kolon</displayName>
				<symbol>C</symbol>
			</currency>
			<currency type="CSD">
				<displayName draft="provisional">stari srpski dinar</displayName>
			</currency>
			<currency type="CSK">
				<displayName>Czechoslovak Hard Koruna</displayName>
			</currency>
			<currency type="CUP">
				<displayName>Kubanski pezo</displayName>
				<displayName alt="proposed-x1001" draft="unconfirmed">kubanski pezo</displayName>
			</currency>
			<currency type="CVE">
				<displayName>Zelenortski eskudo</displayName>
				<displayName alt="proposed-x1001" draft="unconfirmed">zelenortski eskudo</displayName>
				<symbol>CVEsc</symbol>
			</currency>
			<currency type="CYP">
				<displayName>Ciparska funta</displayName>
				<displayName alt="proposed-x1001" draft="unconfirmed">ciparrska funta</displayName>
				<symbol>£C</symbol>
			</currency>
			<currency type="CZK">
				<displayName>Češka kruna</displayName>
				<displayName alt="proposed-x1001" draft="unconfirmed">češka kruna</displayName>
			</currency>
			<currency type="DDM">
				<displayName>East German Ostmark</displayName>
			</currency>
			<currency type="DEM">
				<displayName>Njemačka marka</displayName>
				<displayName alt="proposed-x1001" draft="unconfirmed">njemačka marka</displayName>
			</currency>
			<currency type="DJF">
				<displayName>Djibouti Franc</displayName>
				<displayName alt="proposed-x1001" draft="unconfirmed">džibutski franak</displayName>
				<symbol>DF</symbol>
			</currency>
			<currency type="DKK">
				<displayName>Danska kruna</displayName>
				<displayName alt="proposed-x1001" draft="unconfirmed">danska kruna</displayName>
				<displayName alt="proposed-x1002" draft="unconfirmed">Danske Krune</displayName>
				<symbol>DKr</symbol>
			</currency>
			<currency type="DOP">
				<displayName>Dominikanski pezo</displayName>
				<displayName alt="proposed-x1001" draft="unconfirmed">dominikanski pezo</displayName>
				<symbol>RD$</symbol>
			</currency>
			<currency type="DZD">
				<displayName>Alžirski dinar</displayName>
				<displayName alt="proposed-x1001" draft="unconfirmed">alžirski dinar</displayName>
				<symbol>DA</symbol>
			</currency>
			<currency type="ECS">
				<displayName>Ecuador Sucre</displayName>
			</currency>
			<currency type="ECV">
				<displayName>Ecuador Unidad de Valor Constante (UVC)</displayName>
			</currency>
			<currency type="EEK">
				<displayName>Estonian Kroon</displayName>
				<displayName alt="proposed-x1001" draft="unconfirmed">estonska kruna</displayName>
				<displayName alt="proposed-x1002" draft="unconfirmed">Estonska Kruna</displayName>
			</currency>
			<currency type="EGP">
				<displayName>Egipatska funta</displayName>
				<displayName alt="proposed-x1001" draft="unconfirmed">egipatska funta</displayName>
			</currency>
			<currency type="ERN">
				<displayName>Eritrean Nakfa</displayName>
				<displayName alt="proposed-x1001" draft="unconfirmed">nakfa</displayName>
			</currency>
			<currency type="ESP">
				<displayName>Španjolska pezeta</displayName>
				<displayName alt="proposed-x1001" draft="unconfirmed">španjolska pezeta</displayName>
			</currency>
			<currency type="ETB">
				<displayName>Etiopski bir</displayName>
				<displayName alt="proposed-x1001" draft="unconfirmed">etiopski bir</displayName>
				<symbol>Br</symbol>
			</currency>
			<currency type="EUR">
				<displayName>Euro</displayName>
				<displayName alt="proposed-x1001" draft="unconfirmed">euro</displayName>
				<displayName alt="proposed-x1002" draft="unconfirmed">Euri</displayName>
			</currency>
			<currency type="FIM">
				<displayName>Finska marka</displayName>
				<displayName alt="proposed-x1001" draft="unconfirmed">finska marka</displayName>
			</currency>
			<currency type="FJD">
				<displayName>Fidžijski dolar</displayName>
				<displayName alt="proposed-x1001" draft="unconfirmed">fidžijski dolar</displayName>
				<symbol>F$</symbol>
			</currency>
			<currency type="FKP">
				<displayName>Falklandska funta</displayName>
				<displayName alt="proposed-x1001" draft="unconfirmed">falklandska funta</displayName>
			</currency>
			<currency type="FRF">
				<displayName>Francuski franak</displayName>
				<displayName alt="proposed-x1001" draft="unconfirmed">francuski franak</displayName>
			</currency>
			<currency type="GBP">
				<displayName>Britanska funta</displayName>
				<displayName alt="proposed-x1001" draft="unconfirmed">britanska funta</displayName>
			</currency>
			<currency type="GEK">
				<displayName>Georgian Kupon Larit</displayName>
			</currency>
			<currency type="GEL">
				<displayName>Gruzijski lari</displayName>
				<displayName alt="proposed-x1001" draft="unconfirmed">lari</displayName>
				<symbol>lari</symbol>
			</currency>
			<currency type="GIP">
				<displayName>Gibraltarska funta</displayName>
				<displayName alt="proposed-x1001" draft="unconfirmed">gibraltarska funta</displayName>
			</currency>
			<currency type="GMD">
				<displayName>Gambia Dalasi</displayName>
				<displayName alt="proposed-x1001" draft="unconfirmed">dalasi</displayName>
			</currency>
			<currency type="GNF">
				<displayName>Gvinejski franak</displayName>
				<displayName alt="proposed-x1001" draft="unconfirmed">gvinejski franak</displayName>
				<symbol>GF</symbol>
			</currency>
			<currency type="GNS">
				<displayName>Guinea Syli</displayName>
			</currency>
			<currency type="GQE">
				<displayName>Equatorial Guinea Ekwele Guineana</displayName>
			</currency>
			<currency type="GRD">
				<displayName>Grčka drahma</displayName>
				<displayName alt="proposed-x1001" draft="unconfirmed">grčka drahma</displayName>
			</currency>
			<currency type="GTQ">
				<displayName>Kvecal</displayName>
				<displayName alt="proposed-x1001" draft="unconfirmed">kvecal</displayName>
				<symbol>Q</symbol>
			</currency>
			<currency type="GWE">
				<displayName>Portuguese Guinea Escudo</displayName>
			</currency>
			<currency type="GWP">
				<displayName>Gvinejskobisauski pezo</displayName>
				<displayName alt="proposed-x1001" draft="unconfirmed">gvinejskobisauski pezo</displayName>
			</currency>
			<currency type="GYD">
				<displayName>Guyana Dollar</displayName>
				<displayName alt="proposed-x1001" draft="unconfirmed">gvajanski dolar</displayName>
				<symbol>G$</symbol>
			</currency>
			<currency type="HKD">
				<displayName>Honkonški dolar</displayName>
				<displayName alt="proposed-x1001" draft="unconfirmed">Hongkonški Dolar</displayName>
				<displayName alt="proposed-x1002" draft="unconfirmed">hongkonški dolar</displayName>
				<symbol>HK$</symbol>
			</currency>
			<currency type="HNL">
				<displayName>Hoduraška lempira</displayName>
				<displayName alt="proposed-x1001" draft="unconfirmed">lempira</displayName>
				<symbol>L</symbol>
			</currency>
			<currency type="HRD">
				<displayName>Hrvatski dinar</displayName>
				<displayName alt="proposed-x1001" draft="unconfirmed">hrvatski dinar</displayName>
			</currency>
			<currency type="HRK">
				<displayName>Kuna</displayName>
				<displayName alt="proposed-x1001" draft="unconfirmed">Hrvatska Kuna</displayName>
				<displayName alt="proposed-x1002" draft="unconfirmed">kuna</displayName>
				<symbol>Kn</symbol>
			</currency>
			<currency type="HTG">
				<displayName>Haitian Gourde</displayName>
				<displayName alt="proposed-x1001" draft="unconfirmed">gourd</displayName>
			</currency>
			<currency type="HUF">
				<displayName>Mađarska forinta</displayName>
				<displayName alt="proposed-x1001" draft="unconfirmed">mađarska forinta</displayName>
				<symbol>Ft</symbol>
			</currency>
			<currency type="IDR">
				<displayName>Indonezijska rupija</displayName>
				<displayName alt="proposed-x1001" draft="unconfirmed">indonezijska rupija</displayName>
				<displayName alt="proposed-x1002" draft="unconfirmed">Indonezijski Rupiji</displayName>
				<symbol>Rp</symbol>
			</currency>
			<currency type="IEP">
				<displayName>Irska funta</displayName>
				<displayName alt="proposed-x1001" draft="unconfirmed">irska funta</displayName>
				<symbol>IR£</symbol>
			</currency>
			<currency type="ILP">
				<displayName>Israelska funta</displayName>
				<displayName alt="proposed-x1001" draft="unconfirmed">izraelska funta</displayName>
			</currency>
			<currency type="ILS">
				<displayName>Novi izraelski šekel</displayName>
				<displayName alt="proposed-x1001" draft="unconfirmed">novi izraelski šekel</displayName>
			</currency>
			<currency type="INR">
				<displayName>Indijska rupija</displayName>
				<displayName alt="proposed-x1001" draft="unconfirmed">indijska rupija</displayName>
				<displayName alt="proposed-x1002" draft="unconfirmed">Indijski Rupiji</displayName>
				<symbol>INR</symbol>
			</currency>
			<currency type="IQD">
				<displayName>Irački dinar</displayName>
				<displayName alt="proposed-x1001" draft="unconfirmed">irački dinar</displayName>
				<symbol>ID</symbol>
			</currency>
			<currency type="IRR">
				<displayName>Iranski rijal</displayName>
				<displayName alt="proposed-x1001" draft="unconfirmed">iranski rijal</displayName>
				<symbol>RI</symbol>
			</currency>
			<currency type="ISK">
				<displayName>Islandska kruna</displayName>
				<displayName alt="proposed-x1001" draft="unconfirmed">islandska kruna</displayName>
			</currency>
			<currency type="ITL">
				<displayName>Talijanska lira</displayName>
				<displayName alt="proposed-x1001" draft="unconfirmed">talijanska lira</displayName>
			</currency>
			<currency type="JMD">
				<displayName>Jamaičanski dolar</displayName>
				<displayName alt="proposed-x1001" draft="unconfirmed">jamajčanski dolar</displayName>
				<symbol>J$</symbol>
			</currency>
			<currency type="JOD">
				<displayName>Jordanski dinar</displayName>
				<displayName alt="proposed-x1001" draft="unconfirmed">jordanski dinar</displayName>
				<symbol>JD</symbol>
			</currency>
			<currency type="JPY">
				<displayName>Japanski jen</displayName>
				<displayName alt="proposed-x1001" draft="unconfirmed">japanski jen</displayName>
			</currency>
			<currency type="KES">
				<displayName>Kenijski šiling</displayName>
				<displayName alt="proposed-x1001" draft="unconfirmed">kenijski šiling</displayName>
				<symbol>K Sh</symbol>
			</currency>
			<currency type="KGS">
				<displayName>Kyrgystan Som</displayName>
				<displayName alt="proposed-x1001" draft="unconfirmed">som</displayName>
				<symbol>som</symbol>
			</currency>
			<currency type="KHR">
				<displayName>Cambodian Riel</displayName>
				<displayName alt="proposed-x1001" draft="unconfirmed">rijal</displayName>
				<symbol>CR</symbol>
			</currency>
			<currency type="KMF">
				<displayName>Comoro Franc</displayName>
				<displayName alt="proposed-x1001" draft="unconfirmed">komorski franak</displayName>
				<symbol>CF</symbol>
			</currency>
			<currency type="KRW">
				<displayName draft="provisional">Južnokorejski won</displayName>
			</currency>
			<currency type="KWD">
				<displayName>Kuvajtski dinar</displayName>
				<displayName alt="proposed-x1001" draft="unconfirmed">kuvajtski dinar</displayName>
				<symbol>KD</symbol>
			</currency>
			<currency type="KYD">
				<displayName>Kajmanski dolar</displayName>
				<displayName alt="proposed-x1001" draft="unconfirmed">kajmanski dolar</displayName>
			</currency>
			<currency type="KZT">
				<displayName>Kazakhstan Tenge</displayName>
				<displayName alt="proposed-x1001" draft="unconfirmed">tenge</displayName>
				<symbol>T</symbol>
			</currency>
			<currency type="LAK">
				<displayName>Laotian Kip</displayName>
				<displayName alt="proposed-x1001" draft="unconfirmed">kip</displayName>
			</currency>
			<currency type="LKR">
				<displayName>Sri Lanka Rupee</displayName>
				<displayName alt="proposed-x1001" draft="unconfirmed">šrilanska rupija</displayName>
				<symbol>SL Re</symbol>
			</currency>
			<currency type="LRD">
				<displayName>Liberijski dolar</displayName>
				<displayName alt="proposed-x1001" draft="unconfirmed">liberijski dolar</displayName>
			</currency>
			<currency type="LSL">
				<displayName>Lesotho Loti</displayName>
				<displayName alt="proposed-x1001" draft="unconfirmed">loti</displayName>
				<symbol>M</symbol>
			</currency>
			<currency type="LTL">
				<displayName>Lithuanian Lita</displayName>
				<displayName alt="proposed-x1001" draft="unconfirmed">Litavski Litas</displayName>
				<displayName alt="proposed-x1002" draft="unconfirmed">litavski litas</displayName>
			</currency>
			<currency type="LTT">
				<displayName>Lithuanian Talonas</displayName>
				<displayName alt="proposed-x1001" draft="unconfirmed">litavski talonas</displayName>
			</currency>
			<currency type="LUF">
				<displayName>Luksemburški franak</displayName>
				<displayName alt="proposed-x1001" draft="unconfirmed">luksemburški franak</displayName>
			</currency>
			<currency type="LVL">
				<displayName>Latvian Lats</displayName>
				<displayName alt="proposed-x1001" draft="unconfirmed">letonski lats</displayName>
			</currency>
			<currency type="LVR">
				<displayName>Latvian Ruble</displayName>
			</currency>
			<currency type="LYD">
				<displayName>Libijski dinar</displayName>
				<displayName alt="proposed-x1001" draft="unconfirmed">libijski dinar</displayName>
				<symbol>LD</symbol>
			</currency>
			<currency type="MAD">
				<displayName>Morokanski dirham</displayName>
				<displayName alt="proposed-x1001" draft="unconfirmed">Marokanski dirham</displayName>
				<displayName alt="proposed-x1002" draft="unconfirmed">marokanski dirham</displayName>
			</currency>
			<currency type="MAF">
				<displayName>Morokanski franak</displayName>
				<displayName alt="proposed-x1001" draft="unconfirmed">marokanski franak</displayName>
			</currency>
			<currency type="MDL">
				<displayName>Moldovski lej</displayName>
				<displayName alt="proposed-x1001" draft="unconfirmed">moldavski lej</displayName>
			</currency>
			<currency type="MKD">
				<displayName>Makedonski denar</displayName>
				<displayName alt="proposed-x1001" draft="unconfirmed">makedonski denar</displayName>
				<symbol>MDen</symbol>
			</currency>
			<currency type="MLF">
				<displayName>Mali Franc</displayName>
				<displayName alt="proposed-x1001" draft="unconfirmed">CFA franak</displayName>
			</currency>
			<currency type="MMK">
				<displayName>Myanmar Kyat</displayName>
				<displayName alt="proposed-x1001" draft="unconfirmed">kjat</displayName>
			</currency>
			<currency type="MNT">
				<displayName>Mongolski tugrik</displayName>
				<displayName alt="proposed-x1001" draft="unconfirmed">tugrik</displayName>
				<symbol>Tug</symbol>
				<symbol alt="proposed-x1001" draft="unconfirmed">tug</symbol>
			</currency>
			<currency type="MOP">
				<displayName>Macao Pataca</displayName>
				<displayName alt="proposed-x1001" draft="unconfirmed">pataka</displayName>
			</currency>
			<currency type="MRO">
				<displayName>Mauritanska ouguja</displayName>
				<displayName alt="proposed-x1001" draft="unconfirmed">oruguja</displayName>
				<symbol>UM</symbol>
			</currency>
			<currency type="MTL">
				<displayName>Malteška lira</displayName>
				<displayName alt="proposed-x1001" draft="unconfirmed">malteška lira</displayName>
				<symbol>Lm</symbol>
			</currency>
			<currency type="MTP">
				<displayName>Malteška funta</displayName>
				<displayName alt="proposed-x1001" draft="unconfirmed">malteška funta</displayName>
			</currency>
			<currency type="MUR">
				<displayName>Mauricijska rupija</displayName>
				<displayName alt="proposed-x1001" draft="unconfirmed">mauricijska rupija</displayName>
			</currency>
			<currency type="MWK">
				<displayName>Malawi Kwacha</displayName>
				<displayName alt="proposed-x1001" draft="unconfirmed">kvača</displayName>
				<symbol>MK</symbol>
			</currency>
			<currency type="MXN">
				<displayName>Meksički pezo</displayName>
				<displayName alt="proposed-x1001" draft="unconfirmed">meksički pezo</displayName>
				<symbol>MEX$</symbol>
			</currency>
			<currency type="MXP">
				<displayName>Meksički srebrni pezo (1861-1992)</displayName>
				<displayName alt="proposed-x1001" draft="unconfirmed">meksički srebrni pezo (1861-1992)</displayName>
			</currency>
			<currency type="MYR">
				<displayName>Malaysian Ringgit</displayName>
				<displayName alt="proposed-x1001" draft="unconfirmed">Malezijski Ringgit</displayName>
				<displayName alt="proposed-x1002" draft="unconfirmed">malezijski ringit</displayName>
				<symbol>RM</symbol>
			</currency>
			<currency type="MZE">
				<displayName>Mozambique Escudo</displayName>
				<displayName alt="proposed-x1001" draft="unconfirmed">mozambijski eskudo</displayName>
			</currency>
			<currency type="MZM">
				<displayName>Mozambique Metical</displayName>
				<displayName alt="proposed-x1001" draft="unconfirmed">metikal</displayName>
				<symbol>Mt</symbol>
			</currency>
			<currency type="NAD">
				<displayName>Namibijski dolar</displayName>
				<displayName alt="proposed-x1001" draft="unconfirmed">namibijski dolar</displayName>
				<symbol>N$</symbol>
			</currency>
			<currency type="NGN">
				<displayName>Nigerijska naira</displayName>
				<displayName alt="proposed-x1001" draft="unconfirmed">nigerijska naira</displayName>
			</currency>
			<currency type="NLG">
				<displayName>Nizozemski gulden</displayName>
				<displayName alt="proposed-x1001" draft="unconfirmed">nizozemski gulden</displayName>
			</currency>
			<currency type="NOK">
				<displayName>Norveška kruna</displayName>
				<displayName alt="proposed-x1001" draft="unconfirmed">norveška kruna</displayName>
				<displayName alt="proposed-x1002" draft="unconfirmed">Norveške krune</displayName>
				<symbol>NKr</symbol>
			</currency>
			<currency type="NPR">
				<displayName>Nepalska rupija</displayName>
				<displayName alt="proposed-x1001" draft="unconfirmed">nepalska rupija</displayName>
				<symbol>Nrs</symbol>
			</currency>
			<currency type="NZD">
				<displayName>Novozelandski dolar</displayName>
				<displayName alt="proposed-x1001" draft="unconfirmed">novozelandski dolar</displayName>
				<symbol>$NZ</symbol>
			</currency>
			<currency type="OMR">
				<displayName>Omanski rijal</displayName>
				<displayName alt="proposed-x1001" draft="unconfirmed">omanski rijal</displayName>
				<symbol>RO</symbol>
			</currency>
			<currency type="PAB">
				<displayName>Panamska balboa</displayName>
				<displayName alt="proposed-x1001" draft="unconfirmed">balboa</displayName>
			</currency>
			<currency type="PEI">
				<displayName>Peruanski inti</displayName>
				<displayName alt="proposed-x1001" draft="unconfirmed">peruanski inti</displayName>
			</currency>
			<currency type="PEN">
				<displayName>Peruanski novi sol</displayName>
				<displayName alt="proposed-x1001" draft="unconfirmed">novi sol</displayName>
				<displayName alt="proposed-x1002" draft="unconfirmed">Novi Sol</displayName>
			</currency>
			<currency type="PES">
				<displayName>Peruanski sol</displayName>
				<displayName alt="proposed-x1001" draft="unconfirmed">sol</displayName>
			</currency>
			<currency type="PHP">
				<displayName>Filipinski pezo</displayName>
				<displayName alt="proposed-x1001" draft="unconfirmed">filipinski pezo</displayName>
			</currency>
			<currency type="PKR">
				<displayName>Pakistanska rupija</displayName>
				<displayName alt="proposed-x1001" draft="unconfirmed">pakistanska rupija</displayName>
				<symbol>Pra</symbol>
			</currency>
			<currency type="PLN">
				<displayName>Poljska zlota</displayName>
				<displayName alt="proposed-x1001" draft="unconfirmed">Poljski Novi Zloty</displayName>
				<displayName alt="proposed-x1002" draft="unconfirmed">poljska zlota</displayName>
				<symbol>Zl</symbol>
			</currency>
			<currency type="PLZ">
				<displayName>Poljska zlota (1950-1995)</displayName>
				<displayName alt="proposed-x1001" draft="unconfirmed">poljska zlota (1950-1995)</displayName>
			</currency>
			<currency type="PTE">
				<displayName>Portugalski eskudo</displayName>
				<displayName alt="proposed-x1001" draft="unconfirmed">portugalski eskudo</displayName>
			</currency>
			<currency type="PYG">
				<displayName>Paragvajski gvarani</displayName>
				<displayName alt="proposed-x1001" draft="unconfirmed">gvarani</displayName>
			</currency>
			<currency type="ROL">
				<displayName>Rumunjski lej</displayName>
				<displayName alt="proposed-x1001" draft="unconfirmed">stari rumunjski leu</displayName>
				<symbol>leu</symbol>
			</currency>
			<currency type="RON">
				<displayName draft="provisional">Novi Rumunjski Lev</displayName>
			</currency>
			<currency type="RSD">
				<displayName draft="provisional">Srpski Dinar</displayName>
			</currency>
			<currency type="RUB">
				<displayName>Ruska rublja</displayName>
				<displayName alt="proposed-x1001" draft="unconfirmed">ruska rublja</displayName>
			</currency>
			<currency type="RUR">
				<displayName>Ruska rublja (1991-1998)</displayName>
				<displayName alt="proposed-x1001" draft="unconfirmed">ruska rublja (1991-1998)</displayName>
			</currency>
			<currency type="SAR">
				<displayName draft="provisional">Saudijski Rijal</displayName>
			</currency>
			<currency type="SBD">
				<displayName>Solomonskootočni dolar</displayName>
				<displayName alt="proposed-x1001" draft="unconfirmed">solomonskootočni dolar</displayName>
				<symbol>SI$</symbol>
			</currency>
			<currency type="SCR">
				<displayName>Sejšelska rupija</displayName>
				<displayName alt="proposed-x1001" draft="unconfirmed">sejšelska rupija</displayName>
				<symbol>SR</symbol>
			</currency>
			<currency type="SDD">
				<displayName>Sudanski dinar</displayName>
				<displayName alt="proposed-x1001" draft="unconfirmed">sudanski dinar</displayName>
			</currency>
			<currency type="SDP">
				<displayName>Sudanska funta</displayName>
				<displayName alt="proposed-x1001" draft="unconfirmed">sudanska funta</displayName>
			</currency>
			<currency type="SEK">
				<displayName>Švedska kruna</displayName>
				<displayName alt="proposed-x1001" draft="unconfirmed">Švedske Krune</displayName>
				<displayName alt="proposed-x1002" draft="unconfirmed">švedska kruna</displayName>
				<symbol>SKr</symbol>
			</currency>
			<currency type="SGD">
				<displayName>Singapurski dolar</displayName>
				<displayName alt="proposed-x1001" draft="unconfirmed">singapurski dolar</displayName>
				<symbol>S$</symbol>
			</currency>
			<currency type="SIT">
				<displayName>Slovenski tolar</displayName>
				<displayName alt="proposed-x1001" draft="unconfirmed">slovenski tolar</displayName>
			</currency>
			<currency type="SKK">
				<displayName>Slovačka kruna</displayName>
				<displayName alt="proposed-x1001" draft="unconfirmed">slovačka kruna</displayName>
				<symbol>Sk</symbol>
			</currency>
			<currency type="SOS">
				<displayName>Somalijski šiling</displayName>
				<displayName alt="proposed-x1001" draft="unconfirmed">somalijski šiling</displayName>
				<symbol>So. Sh.</symbol>
			</currency>
			<currency type="SRG">
				<displayName>Surinamski gulden</displayName>
				<displayName alt="proposed-x1001" draft="unconfirmed">surinamski gulden</displayName>
				<symbol>Sf</symbol>
			</currency>
			<currency type="SYP">
				<displayName>Sirijska funta</displayName>
				<displayName alt="proposed-x1001" draft="unconfirmed">sirijska funta</displayName>
				<symbol>LS</symbol>
			</currency>
			<currency type="SZL">
				<displayName>Lilangeni</displayName>
				<displayName alt="proposed-x1001" draft="unconfirmed">lilangeni</displayName>
				<symbol>E</symbol>
			</currency>
			<currency type="THB">
				<displayName draft="provisional">Tajlandski Bat</displayName>
			</currency>
			<currency type="TJS">
				<displayName>Tadžikistanski somoni</displayName>
				<displayName alt="proposed-x1001" draft="unconfirmed">somoni</displayName>
			</currency>
			<currency type="TMM">
				<displayName>Turkmenistanski manat</displayName>
				<displayName alt="proposed-x1001" draft="unconfirmed">manat</displayName>
			</currency>
			<currency type="TND">
				<displayName>Tuniski dinar</displayName>
				<displayName alt="proposed-x1001" draft="unconfirmed">tuniski dinar</displayName>
			</currency>
			<currency type="TPE">
				<displayName>Timorski eskudo</displayName>
				<displayName alt="proposed-x1001" draft="unconfirmed">timorski eskudo</displayName>
			</currency>
			<currency type="TRL">
				<displayName>Turska lira</displayName>
				<displayName alt="proposed-x1001" draft="unconfirmed">turska lira</displayName>
				<symbol>TL</symbol>
			</currency>
			<currency type="TRY">
				<displayName>Nova Turska Lira</displayName>
				<displayName alt="proposed-x1001" draft="unconfirmed">nova turska lira</displayName>
			</currency>
			<currency type="TTD">
				<displayName>Trinidadtobaški dolar</displayName>
				<displayName alt="proposed-x1001" draft="unconfirmed">trinidadtobaški dolar</displayName>
				<symbol>TT$</symbol>
			</currency>
			<currency type="TWD">
				<displayName>Novotajvanski dolar</displayName>
				<displayName alt="proposed-x1001" draft="unconfirmed">Novi Tajvanski Dolar</displayName>
				<displayName alt="proposed-x1002" draft="unconfirmed">novotajvanski dolar</displayName>
				<symbol>NT$</symbol>
			</currency>
			<currency type="TZS">
				<displayName>Tanzanijski šiling</displayName>
				<displayName alt="proposed-x1001" draft="unconfirmed">tanzanijski šiling</displayName>
				<symbol>T Sh</symbol>
			</currency>
			<currency type="UAH">
				<displayName>Ukrajinska hrivnja</displayName>
				<displayName alt="proposed-x1001" draft="unconfirmed">hrivnja</displayName>
				<displayName alt="proposed-x1002" draft="unconfirmed">Ukrajinska grivna</displayName>
			</currency>
			<currency type="UGS">
				<displayName>Ugandski šiling (1966-1987)</displayName>
				<displayName alt="proposed-x1001" draft="unconfirmed">ugandski šiling (1966-1987)</displayName>
			</currency>
			<currency type="UGX">
				<displayName>Ugandski šiling</displayName>
				<displayName alt="proposed-x1001" draft="unconfirmed">ugandski šiling</displayName>
				<symbol>U Sh</symbol>
			</currency>
			<currency type="USD">
				<displayName>Američki dolar</displayName>
				<displayName alt="proposed-x1001" draft="unconfirmed">američki dolar</displayName>
			</currency>
			<currency type="USN">
				<displayName>Američki dolar (sljedeći dan)</displayName>
				<displayName alt="proposed-x1001" draft="unconfirmed">američki dolar (sljedeći dan)</displayName>
			</currency>
			<currency type="USS">
				<displayName>Američki dolar (isti dan)</displayName>
				<displayName alt="proposed-x1001" draft="unconfirmed">američki dolar (isti dan)</displayName>
			</currency>
			<currency type="UYP">
				<displayName>Urugvajski pezo (1975-1993)</displayName>
				<displayName alt="proposed-x1001" draft="unconfirmed">urugvajski pezo (1975-1993)</displayName>
			</currency>
			<currency type="VEB">
				<displayName>Venezuelski bolivar</displayName>
				<displayName alt="proposed-x1001" draft="unconfirmed">Bolivar</displayName>
				<displayName alt="proposed-x1002" draft="unconfirmed">bolivar</displayName>
				<symbol>Be</symbol>
			</currency>
			<currency type="VND">
				<displayName>Viejetnamski dong</displayName>
				<displayName alt="proposed-x1001" draft="unconfirmed">Vijetnamski dong</displayName>
				<displayName alt="proposed-x1002" draft="unconfirmed">dong</displayName>
			</currency>
			<currency type="XAU">
				<displayName>Zlato</displayName>
				<displayName alt="proposed-x1001" draft="unconfirmed">zlato</displayName>
			</currency>
			<currency type="XBA">
				<displayName>Europska složena jedinica</displayName>
			</currency>
			<currency type="XBB">
				<displayName>Europska monetarna jedinica</displayName>
			</currency>
			<currency type="XEU">
				<displayName draft="provisional">europska monetarna jedinica</displayName>
			</currency>
			<currency type="XXX">
				<displayName>nepoznata ili nevažeća valuta</displayName>
				<symbol>XXX</symbol>
			</currency>
			<currency type="YDD">
				<displayName>jemenski dinar</displayName>
			</currency>
			<currency type="YER">
				<displayName>Jemenski rial</displayName>
				<displayName alt="proposed-x1001" draft="unconfirmed">jemenski rijal</displayName>
				<symbol>YRl</symbol>
			</currency>
			<currency type="YUD">
				<displayName>Jugoslavenski čvrsti dinar</displayName>
				<displayName alt="proposed-x1001" draft="unconfirmed">YUD</displayName>
			</currency>
			<currency type="YUM">
				<displayName>Jugoslavenski novi dinar</displayName>
				<displayName alt="proposed-x1001" draft="unconfirmed">novi dinar</displayName>
			</currency>
			<currency type="YUN">
				<displayName>Jugoslavenski konvertibilni dinar</displayName>
				<displayName alt="proposed-x1001" draft="unconfirmed">konvertibilni dinar</displayName>
			</currency>
			<currency type="ZAL">
				<displayName>Južnoafrički rand (financijski)</displayName>
				<displayName alt="proposed-x1001" draft="unconfirmed">rand (financijski)</displayName>
			</currency>
			<currency type="ZAR">
				<displayName>Južnoafrički rand</displayName>
				<displayName alt="proposed-x1001" draft="unconfirmed">rand</displayName>
				<displayName alt="proposed-x1002" draft="unconfirmed">Rand</displayName>
				<symbol>R</symbol>
			</currency>
			<currency type="ZMK">
				<displayName>Zambijska kvača</displayName>
				<displayName alt="proposed-x1001" draft="unconfirmed">zambijska kvača</displayName>
			</currency>
			<currency type="ZRN">
				<displayName>Zairski novi zair</displayName>
				<displayName alt="proposed-x1001" draft="unconfirmed">novi zair</displayName>
			</currency>
			<currency type="ZRZ">
				<displayName>Zairski zair</displayName>
				<displayName alt="proposed-x1001" draft="unconfirmed">zair</displayName>
			</currency>
			<currency type="ZWD">
				<displayName>Zimbabveanski dolar</displayName>
				<displayName alt="proposed-x1001" draft="unconfirmed">zimbabveanski dolar</displayName>
				<symbol>Z$</symbol>
			</currency>
		</currencies>
	</numbers>
	<posix>
		<messages>
			<yesstr>da:d</yesstr>
			<nostr>ne:n</nostr>
		</messages>
	</posix>
	<references>
		<reference type="RP1" draft="provisional">azerbajdžanski</reference>
		<reference type="RP1" uri="http://kenny2.globalnet.hr/min-kulture2.hr/userdocsimages/dokumenti/suradnja/AZERBAJD%C5%BDANpotpisani%20sporaz.pdf" alt="proposed-x1001" draft="unconfirmed">Government of Republic of Croatia - Agreement on Cultural Cooperation</reference>
	</references>
</ldml>
<!-- Old Comments. See root.xml for more info.
URL: http://oss.software.ibm.com/cvs/icu/icu/source/data/locales/hr.txt?only_with_tag=final-update-LDML

        KP { "Koreja, Sjeverna" } // alternate name { "Koreja, Demokratska Narodna Republika" }
        KR { "Koreja, Ju\u017Ena" } // alternate name { "Koreja, Republika" }
        SY { "Sirija" } // alternate name { "Sirijska Arapska Republika" }
zh_cn { "kineski (pojednostavljeni)" }
zh_tw { "kineski (tradicionalni)" }
        "Latn"  // ISO 15924 Name 
Currency display names
                1, // "Minimal Days in First Week" is unknown. Root value used instead
-->

