<?xml version="1.0" encoding="UTF-8" ?>
<!DOCTYPE ldml SYSTEM "http://www.unicode.org/cldr/dtd/1.5/ldml.dtd">
<ldml>
	<identity>
		<version number="$Revision: 1.59 $"/>
		<generation date="$Date: 2007/07/19 23:30:28 $"/>
		<language type="hy"/>
	</identity>
	<localeDisplayNames>
		<languages>
			<language type="af" draft="unconfirmed">Աֆրիկանս</language>
			<language type="am" draft="unconfirmed">Հաբեշերեն</language>
			<language type="ar" draft="unconfirmed">Արաբերեն</language>
			<language type="as" draft="unconfirmed">Ասամերեն</language>
			<language type="az" draft="unconfirmed">Ադրբեջաներեն</language>
			<language type="be" draft="unconfirmed">Բելարուսերեն</language>
			<language type="bg" draft="unconfirmed">Բուլղարերեն</language>
			<language type="bh" draft="unconfirmed">Բիհարերեն</language>
			<language type="bn" draft="unconfirmed">Բենգալերեն</language>
			<language type="br" draft="unconfirmed">Բրետոներեն</language>
			<language type="bs" draft="unconfirmed">Բոսներեն</language>
			<language type="ca" draft="unconfirmed">Կատալոներեն</language>
			<language type="cs" draft="unconfirmed">Չեխերեն</language>
			<language type="cy" draft="unconfirmed">Վալերեն</language>
			<language type="da" draft="unconfirmed">Դանիերեն</language>
			<language type="de" draft="unconfirmed">Գերմաներեն</language>
			<language type="el" draft="unconfirmed">Հունարեն</language>
			<language type="en" draft="unconfirmed">Անգլերեն</language>
			<language type="eo" draft="unconfirmed">Էսպերանտո</language>
			<language type="es" draft="unconfirmed">Իսպաներեն</language>
			<language type="et" draft="unconfirmed">Էստոներեն</language>
			<language type="eu" draft="unconfirmed">Բասկերեն</language>
			<language type="fa" draft="unconfirmed">Պարսկերեն</language>
			<language type="fi" draft="unconfirmed">Ֆիններեն</language>
			<language type="fil" draft="unconfirmed">Տագալերեն</language>
			<language type="fo" draft="unconfirmed">Ֆարվերեն</language>
			<language type="fr" draft="unconfirmed">Ֆրանսերեն</language>
			<language type="fy" draft="unconfirmed">Ֆրիսերեն</language>
			<language type="ga" draft="unconfirmed">Իռլանդերեն</language>
			<language type="gd" draft="unconfirmed">Գաելյան Շոտլանդերեն</language>
			<language type="gl" draft="unconfirmed">Գալիսերեն</language>
			<language type="gn" draft="unconfirmed">Գուարաներեն</language>
			<language type="gu" draft="unconfirmed">Գուջարատերեն</language>
			<language type="he" draft="unconfirmed">Եբրայերեն</language>
			<language type="hi" draft="unconfirmed">Հնդկերեն</language>
			<language type="hr" draft="unconfirmed">Խորվաթերեն</language>
			<language type="hu" draft="unconfirmed">Հունգարերեն</language>
			<language type="hy">Հայերէն</language>
			<language type="hy" alt="proposed-x1001" draft="unconfirmed">Հայերեն</language>
			<language type="ia" draft="unconfirmed">Ինտերլինգուա</language>
			<language type="id" draft="unconfirmed">Ինդոնեզերեն</language>
			<language type="ie" draft="unconfirmed">Ինտերլինգ</language>
			<language type="is" draft="unconfirmed">Իսլանդերեն</language>
			<language type="it" draft="unconfirmed">Իտալերեն</language>
			<language type="ja" draft="unconfirmed">Ճապոներեն</language>
			<language type="jv" draft="unconfirmed">Ճավայերեն</language>
			<language type="ka" draft="unconfirmed">Վրացերեն</language>
			<language type="km" draft="unconfirmed">Կամբոջերեն</language>
			<language type="kn" draft="unconfirmed">Կաննադա</language>
			<language type="ko" draft="unconfirmed">Կորեերեն</language>
			<language type="ku" draft="unconfirmed">Քրդերեն</language>
			<language type="ky" draft="unconfirmed">Ղրղզերեն</language>
			<language type="la" draft="unconfirmed">Լատիներեն</language>
			<language type="ln" draft="unconfirmed">Լինգալա</language>
			<language type="lo" draft="unconfirmed">Լաոսերեն</language>
			<language type="lt" draft="unconfirmed">Լիտվերեն</language>
			<language type="lv" draft="unconfirmed">Լատվերեն</language>
			<language type="mk" draft="unconfirmed">Մակեդոներեն</language>
			<language type="ml" draft="unconfirmed">Կերալերեն</language>
			<language type="mn" draft="unconfirmed">Մոնղոլերեն</language>
			<language type="mr" draft="unconfirmed">Մարաթի</language>
			<language type="ms" draft="unconfirmed">Մալայերեն</language>
			<language type="mt" draft="unconfirmed">Մալթերեն</language>
			<language type="ne" draft="unconfirmed">Նեպալերեն</language>
			<language type="nl" draft="unconfirmed">Հոլանդերեն</language>
			<language type="nn" draft="unconfirmed">Նորվեգերեն (Նյունորսկ)</language>
			<language type="no" draft="unconfirmed">Նորվեգերեն</language>
			<language type="oc" draft="unconfirmed">Ակվիտաներեն</language>
			<language type="or" draft="unconfirmed">Օրիսերեն</language>
			<language type="pa" draft="unconfirmed">Փենջաբերեն</language>
			<language type="pl" draft="unconfirmed">Լեհերեն</language>
			<language type="ps" draft="unconfirmed">Փաշտուներեն</language>
			<language type="pt" draft="unconfirmed">Պորտուգալերեն</language>
			<language type="ro" draft="unconfirmed">Ռումիներեն</language>
			<language type="ru" draft="unconfirmed">Ռուսերեն</language>
			<language type="sa" draft="unconfirmed">Սանսկրիտերեն</language>
			<language type="sd" draft="unconfirmed">Սինդհի</language>
			<language type="sh" draft="unconfirmed">Սերբա-Խորվաթերեն</language>
			<language type="si" draft="unconfirmed">Սինհալերեն</language>
			<language type="sk" draft="unconfirmed">Սլովակերեն</language>
			<language type="sl" draft="unconfirmed">Սլովեներեն</language>
			<language type="so" draft="unconfirmed">Սոմալերեն</language>
			<language type="sq" draft="unconfirmed">Ալբաներեն</language>
			<language type="sr" draft="unconfirmed">Սերբերեն</language>
			<language type="st" draft="unconfirmed">Սեսոտո</language>
			<language type="su" draft="unconfirmed">Սունդաներեն</language>
			<language type="sv" draft="unconfirmed">Շվեդերեն</language>
			<language type="sw" draft="unconfirmed">Սուահիլի</language>
			<language type="ta" draft="unconfirmed">Թամիլերեն</language>
			<language type="te" draft="unconfirmed">Տելուգու</language>
			<language type="th" draft="unconfirmed">Թայերեն</language>
			<language type="ti" draft="unconfirmed">Էրիտրերեն</language>
			<language type="tk" draft="unconfirmed">Թուրքմեներեն</language>
			<language type="tlh" draft="unconfirmed">Կլինգոն</language>
			<language type="tr" draft="unconfirmed">Թուրքերեն</language>
			<language type="tw" draft="unconfirmed">Տուի</language>
			<language type="ug" draft="unconfirmed">Ույղուրերեն</language>
			<language type="uk" draft="unconfirmed">Ուկրաիներեն</language>
			<language type="ur" draft="unconfirmed">Ուրդու</language>
			<language type="uz" draft="unconfirmed">Ուզբեկերեն</language>
			<language type="vi" draft="unconfirmed">Վիետնամերեն</language>
			<language type="xh" draft="unconfirmed">Խոշերեն</language>
			<language type="yi" draft="unconfirmed">Իդիշ</language>
			<language type="zh" draft="unconfirmed">Չինարեն</language>
			<language type="zu" draft="unconfirmed">Զուլուսերեն</language>
		</languages>
		<territories>
			<territory type="001" draft="unconfirmed">Աշխարհ</territory>
			<territory type="002" draft="unconfirmed">Աֆրիկա</territory>
			<territory type="005" draft="unconfirmed">Հարավային Ամերիկա</territory>
			<territory type="011" draft="unconfirmed">Արևմտյան Աֆրիկա</territory>
			<territory type="014" draft="unconfirmed">Արևելյան Աֆրիկա</territory>
			<territory type="015" draft="unconfirmed">Հյուսիսային Աֆրիկա</territory>
			<territory type="018" draft="unconfirmed">Հարավային Աֆրիկա [018]</territory>
			<territory type="AD">Անդորա</territory>
			<territory type="AE">Միացյալ Արաբական Էմիրաթներ</territory>
			<territory type="AF">Աֆղանստան</territory>
			<territory type="AG">Անտիգուա-Բարբուդա</territory>
			<territory type="AL">Ալբանիա</territory>
			<territory type="AM">Հայաստանի Հանրապետութիւն</territory>
			<territory type="AM" alt="proposed-x1001" draft="unconfirmed">Հայաստան</territory>
			<territory type="AO">Անգոլա</territory>
			<territory type="AR">Արգենտինա</territory>
			<territory type="AT">Ավստրիա</territory>
			<territory type="AU">Ավստրալիա</territory>
			<territory type="AZ">Ադրբեջան</territory>
			<territory type="BA">Բոսնիա-Հերցեգովինա</territory>
			<territory type="BB">Բարբադոս</territory>
			<territory type="BD">Բանգլադեշ</territory>
			<territory type="BE">Բելգիա</territory>
			<territory type="BF">Բուրկինա Ֆասո</territory>
			<territory type="BG">Բուլղարիա</territory>
			<territory type="BH">Բահրեյն</territory>
			<territory type="BI">Բուրունդի</territory>
			<territory type="BJ">Բենին</territory>
			<territory type="BN">Բրունեյ</territory>
			<territory type="BO">Բոլիվիա</territory>
			<territory type="BR">Բրազիլիա</territory>
			<territory type="BS">Բահամներ</territory>
			<territory type="BT">Բուտան</territory>
			<territory type="BW">Բոտսվանա</territory>
			<territory type="BY">Բելոռուս</territory>
			<territory type="BY" alt="proposed-x1001" draft="unconfirmed">Բելառուս</territory>
			<territory type="BZ">Բելիզ</territory>
			<territory type="CA">Կանադա</territory>
			<territory type="CF">Կենտրոնական Աֆրիկյան Հանրապետություն</territory>
			<territory type="CG">Կոնգո</territory>
			<territory type="CH">Շվեյցարիա</territory>
			<territory type="CI">Փղոսկրի Ափ</territory>
			<territory type="CL">Չիլի</territory>
			<territory type="CM">Կամերուն</territory>
			<territory type="CN">Չինաստան</territory>
			<territory type="CO">Կոլումբիա</territory>
			<territory type="CR">Կոստա-Ռիկա</territory>
			<territory type="CS" draft="unconfirmed">Սերբիա և Մոնտենեգրո</territory>
			<territory type="CU">Կուբա</territory>
			<territory type="CV">Կաբո-Վերդե</territory>
			<territory type="CY">Կիպրոս</territory>
			<territory type="CZ">Չեխիայի Հանրապետություն</territory>
			<territory type="DE">Գերմանիա</territory>
			<territory type="DJ">Ջիբուտի</territory>
			<territory type="DK">Դանիա</territory>
			<territory type="DM">Դոմինիկա</territory>
			<territory type="DO">Դոմինիկյան Հանրապետություն</territory>
			<territory type="DZ">Ալժիր</territory>
			<territory type="EC">Էկվադոր</territory>
			<territory type="EE">Էստոնիա</territory>
			<territory type="EG">Եգիպտոս</territory>
			<territory type="EH">Արեվմտյան Սահարա</territory>
			<territory type="EH" alt="proposed-x1001" draft="unconfirmed">Արևմտյան Սահարա</territory>
			<territory type="ER">Էրիտրեա</territory>
			<territory type="ES">Իսպանիա</territory>
			<territory type="ET">Եթովպիա</territory>
			<territory type="FI">Ֆինլանդիա</territory>
			<territory type="FJ">Ֆիջի</territory>
			<territory type="FM">Միկրոնեզիա</territory>
			<territory type="FR">Ֆրանսիա</territory>
			<territory type="GA">Գաբոն</territory>
			<territory type="GB">Մեծ Բրիտանիա</territory>
			<territory type="GB" alt="proposed-x1001" draft="unconfirmed">Միացյալ Թագավորություն</territory>
			<territory type="GD">Գրենադա</territory>
			<territory type="GE">Վրաստան</territory>
			<territory type="GH">Գանա</territory>
			<territory type="GM">Գամբիա</territory>
			<territory type="GN">Գվինեա</territory>
			<territory type="GQ">Հասարակածային Գվինեա</territory>
			<territory type="GR">Հունաստան</territory>
			<territory type="GT">Գվատեմալա</territory>
			<territory type="GW">Գվինեա-Բիսաու</territory>
			<territory type="GY">Գայանա</territory>
			<territory type="HN">Հոնդուրաս</territory>
			<territory type="HR">Հորվաթիա</territory>
			<territory type="HT">Հաիթի</territory>
			<territory type="HU">Հունգարիա</territory>
			<territory type="ID">Ինդոնեզիա</territory>
			<territory type="IE">Իռլանդիա</territory>
			<territory type="IL">Իսրայել</territory>
			<territory type="IN">Հնդկաստան</territory>
			<territory type="IQ">Իրաք</territory>
			<territory type="IR">Իրան</territory>
			<territory type="IS">Իսլանդիա</territory>
			<territory type="IT">Իտալիա</territory>
			<territory type="JM">Ջամայկա</territory>
			<territory type="JO">Հորդանան</territory>
			<territory type="JP">Ճապոնիա</territory>
			<territory type="KE">Քենիա</territory>
			<territory type="KG">Կիրգիզստան</territory>
			<territory type="KH">Կամբոջա</territory>
			<territory type="KI">Կիրիբատի</territory>
			<territory type="KM">Կոմորոս</territory>
			<territory type="KN">Սենտ Կիտս-Նեվիս</territory>
			<territory type="KP">Հյուսիսային Կորեա</territory>
			<territory type="KR">Հարավային Կորեա</territory>
			<territory type="KW">Քուվեյթ</territory>
			<territory type="KZ">Ղազախստան</territory>
			<territory type="LA">Լաոս</territory>
			<territory type="LB">Լիբանան</territory>
			<territory type="LC">Սանտա Լուչիա</territory>
			<territory type="LI">Լիխտենշտեյն</territory>
			<territory type="LK">Շրի Լանկա</territory>
			<territory type="LR">Լիբերիա</territory>
			<territory type="LS">Լեսոտո</territory>
			<territory type="LT">Լիտվա</territory>
			<territory type="LU">Լյուքսեմբուրգ</territory>
			<territory type="LV">Լատվիա</territory>
			<territory type="LY">Լիբիա</territory>
			<territory type="MA">Մարոկո</territory>
			<territory type="MC">Մոնակո</territory>
			<territory type="MD">Մոլդովա</territory>
			<territory type="MG">Մադագասկար</territory>
			<territory type="MH">Մարշալյան կղզիներ</territory>
			<territory type="MK">Մակեդոնիա</territory>
			<territory type="ML">Մալի</territory>
			<territory type="MM">Մյանմա</territory>
			<territory type="MN">Մոնղոլիա</territory>
			<territory type="MR">Մավրիտանիա</territory>
			<territory type="MT">Մալթա</territory>
			<territory type="MU">Մավրիտոս</territory>
			<territory type="MV">Մալդիվներ</territory>
			<territory type="MW">Մալավի</territory>
			<territory type="MX">Մեքսիկա</territory>
			<territory type="MY">Մալայզիա</territory>
			<territory type="MZ">Մոզամբիկ</territory>
			<territory type="NA">Նամիբիա</territory>
			<territory type="NE">Նիգեր</territory>
			<territory type="NG">Նիգերիա</territory>
			<territory type="NI">Նիկարագուա</territory>
			<territory type="NL">Նիդերլանդեր</territory>
			<territory type="NO">Նորվեգիա</territory>
			<territory type="NP">Նեպալ</territory>
			<territory type="NR">Նաուրու</territory>
			<territory type="NZ">Նոր Զելանդիա</territory>
			<territory type="OM">Օման</territory>
			<territory type="PA">Պանամա</territory>
			<territory type="PE">Պերու</territory>
			<territory type="PG">Պապուա Նոր Գվինեա</territory>
			<territory type="PH">Ֆիլիպիններ</territory>
			<territory type="PK">Պակիստան</territory>
			<territory type="PL">Լեհաստան</territory>
			<territory type="PT">Պորտուգալիա</territory>
			<territory type="PW">Պալաու</territory>
			<territory type="PY">Պարագվայ</territory>
			<territory type="QA">Կատար</territory>
			<territory type="RO">Ռումինիա</territory>
			<territory type="RU">Ռուսաստան</territory>
			<territory type="RW">Ռուանդա</territory>
			<territory type="SA">Սաուդիան Արաբիա</territory>
			<territory type="SB">Սոլոմոնյան կղզիներ</territory>
			<territory type="SC">Սեյշելներ</territory>
			<territory type="SD">Սուդան</territory>
			<territory type="SE">Շվեդիա</territory>
			<territory type="SG">Սինգապուր</territory>
			<territory type="SI">Սլովենիա</territory>
			<territory type="SK">Սլովակիա</territory>
			<territory type="SL">Սյերա-Լեոնե</territory>
			<territory type="SM">Սան Մարինո</territory>
			<territory type="SN">Սենեգալ</territory>
			<territory type="SO">Սոմալի</territory>
			<territory type="SR">Սուրինամ</territory>
			<territory type="ST">Սան-Թոմե-Փրինսիպի</territory>
			<territory type="SV">Սալվադոր</territory>
			<territory type="SY">Սիրիա</territory>
			<territory type="SZ">Սվազիլենդ</territory>
			<territory type="TD">Չադ</territory>
			<territory type="TG">Տոգո</territory>
			<territory type="TH">Թաիլանդ</territory>
			<territory type="TJ">Տաճիկստան</territory>
			<territory type="TM">Թուրքմենստան</territory>
			<territory type="TN">Թունիս</territory>
			<territory type="TO">Տոնգա</territory>
			<territory type="TO" alt="proposed-x1001" draft="unconfirmed">Տոնգերեն</territory>
			<territory type="TR">Թուրքիա</territory>
			<territory type="TT">Տրինիդադ-Տոբագո</territory>
			<territory type="TV">Տուվալու</territory>
			<territory type="TW">Թայվան</territory>
			<territory type="TZ">Տանզանիա</territory>
			<territory type="UA">Ուկրաինա</territory>
			<territory type="UG">Ուգանդա</territory>
			<territory type="US">Ամէրիկայի Միացյալ Նահանգնէր</territory>
			<territory type="US" alt="proposed-x1001" draft="unconfirmed">Միացյալ Նահանգներ</territory>
			<territory type="UY">Ուրուգվայ</territory>
			<territory type="UZ">Ուզբեկստան</territory>
			<territory type="VA">Վատիկան</territory>
			<territory type="VC">Սենտ Վիսենտ-Գրենադիններ</territory>
			<territory type="VE">Վենեսուելա</territory>
			<territory type="VN">Վիետնամ</territory>
			<territory type="VU">Վանուատու</territory>
			<territory type="WS">Սամոա</territory>
			<territory type="YE">Եմեն</territory>
			<territory type="ZA">Հարավային Աֆրիկա</territory>
			<territory type="ZM">Զամբիա</territory>
			<territory type="ZW">Զիմբաբվե</territory>
		</territories>
	</localeDisplayNames>
	<characters>
		<exemplarCharacters>[֊ ՝ ՜ ՞ ՚ ՛ ՟ ա-ե և զ-ֆ]</exemplarCharacters>
	</characters>
	<dates>
		<calendars>
			<calendar type="gregorian">
				<months>
					<monthContext type="format">
						<monthWidth type="abbreviated">
							<month type="1">Յնր</month>
							<month type="2">Փտր</month>
							<month type="3">Մրտ</month>
							<month type="4">Ապր</month>
							<month type="5">Մյս</month>
							<month type="6">Յնս</month>
							<month type="7">Յլս</month>
							<month type="8">Օգս</month>
							<month type="9">Սեպ</month>
							<month type="10">Հոկ</month>
							<month type="11">Նոյ</month>
							<month type="12">Դեկ</month>
						</monthWidth>
						<monthWidth type="wide">
							<month type="1">Յունուար</month>
							<month type="2">Փետրուար</month>
							<month type="3">Մարտ</month>
							<month type="4">Ապրիլ</month>
							<month type="5">Մայիս</month>
							<month type="6">Յունիս</month>
							<month type="7">Յուլիս</month>
							<month type="8">Օգոստոս</month>
							<month type="9">Սեպտեմբեր</month>
							<month type="10">Հոկտեմբեր</month>
							<month type="11">Նոյեմբեր</month>
							<month type="12">Դեկտեմբեր</month>
						</monthWidth>
					</monthContext>
					<monthContext type="stand-alone">
						<monthWidth type="narrow">
							<month type="1" draft="unconfirmed">1</month>
							<month type="2" draft="unconfirmed">2</month>
							<month type="3" draft="unconfirmed">3</month>
							<month type="4" draft="unconfirmed">4</month>
							<month type="5" draft="unconfirmed">5</month>
							<month type="6" draft="unconfirmed">6</month>
							<month type="7" draft="unconfirmed">7</month>
							<month type="8" draft="unconfirmed">8</month>
							<month type="9" draft="unconfirmed">9</month>
							<month type="10" draft="unconfirmed">10</month>
							<month type="11" draft="unconfirmed">11</month>
							<month type="12" draft="unconfirmed">12</month>
						</monthWidth>
					</monthContext>
				</months>
				<days>
					<dayContext type="format">
						<dayWidth type="abbreviated">
							<day type="sun">Կիր</day>
							<day type="mon">Երկ</day>
							<day type="tue">Երք</day>
							<day type="wed">Չոր</day>
							<day type="thu">Հնգ</day>
							<day type="fri">Ուր</day>
							<day type="sat">Շաբ</day>
						</dayWidth>
						<dayWidth type="wide">
							<day type="sun">Կիրակի</day>
							<day type="mon">Երկուշաբթի</day>
							<day type="tue">Երեքշաբթի</day>
							<day type="wed">Չորեքշաբթի</day>
							<day type="thu">Հինգշաբթի</day>
							<day type="fri">Ուրբաթ</day>
							<day type="sat">Շաբաթ</day>
						</dayWidth>
					</dayContext>
					<dayContext type="stand-alone">
						<dayWidth type="narrow">
							<day type="sun" draft="unconfirmed">1</day>
							<day type="mon" draft="unconfirmed">2</day>
							<day type="tue" draft="unconfirmed">3</day>
							<day type="wed" draft="unconfirmed">4</day>
							<day type="thu" draft="unconfirmed">5</day>
							<day type="fri" draft="unconfirmed">6</day>
							<day type="sat" draft="unconfirmed">7</day>
						</dayWidth>
					</dayContext>
				</days>
				<quarters>
					<quarterContext type="format">
						<quarterWidth type="abbreviated">
							<quarter type="1" draft="unconfirmed">Q1</quarter>
							<quarter type="2" draft="unconfirmed">Q2</quarter>
							<quarter type="3" draft="unconfirmed">Q3</quarter>
							<quarter type="4" draft="unconfirmed">Q4</quarter>
						</quarterWidth>
						<quarterWidth type="wide">
							<quarter type="1" draft="unconfirmed">Q1</quarter>
							<quarter type="2" draft="unconfirmed">Q2</quarter>
							<quarter type="3" draft="unconfirmed">Q3</quarter>
							<quarter type="4" draft="unconfirmed">Q4</quarter>
						</quarterWidth>
					</quarterContext>
				</quarters>
				<am>Առ․</am>
				<pm>Եր․</pm>
				<eras>
					<eraAbbr>
						<era type="0">Ք․Ա․</era>
						<era type="0" alt="proposed-x1001" draft="unconfirmed">Յ․Տ․</era>
						<era type="1">Ք․Ե․</era>
						<era type="1" alt="proposed-x1001" draft="unconfirmed">Ն․Ք․</era>
					</eraAbbr>
				</eras>
				<dateFormats>
					<dateFormatLength type="full">
						<dateFormat>
							<pattern>EEEE, MMMM d, yyyy</pattern>
						</dateFormat>
					</dateFormatLength>
					<dateFormatLength type="long">
						<dateFormat>
							<pattern>MMMM dd, yyyy</pattern>
						</dateFormat>
					</dateFormatLength>
					<dateFormatLength type="medium">
						<dateFormat>
							<pattern>MMM d, yyyy</pattern>
						</dateFormat>
					</dateFormatLength>
					<dateFormatLength type="short">
						<dateFormat>
							<pattern>MM/dd/yy</pattern>
						</dateFormat>
					</dateFormatLength>
				</dateFormats>
				<timeFormats>
					<timeFormatLength type="full">
						<timeFormat>
							<pattern draft="unconfirmed">HH:mm:ss v</pattern>
						</timeFormat>
					</timeFormatLength>
					<timeFormatLength type="long">
						<timeFormat>
							<pattern draft="unconfirmed">HH:mm:ss z</pattern>
						</timeFormat>
					</timeFormatLength>
					<timeFormatLength type="medium">
						<timeFormat>
							<pattern draft="unconfirmed">HH:mm:ss</pattern>
						</timeFormat>
					</timeFormatLength>
					<timeFormatLength type="short">
						<timeFormat>
							<pattern draft="unconfirmed">HH:mm</pattern>
						</timeFormat>
					</timeFormatLength>
				</timeFormats>
				<dateTimeFormats>
					<dateTimeFormatLength>
						<dateTimeFormat>
							<pattern draft="unconfirmed">{1} {0}</pattern>
						</dateTimeFormat>
					</dateTimeFormatLength>
					<availableFormats>
						<dateFormatItem id="MMMMdd" draft="unconfirmed">MMMM dd</dateFormatItem>
						<dateFormatItem id="MMdd" draft="unconfirmed">MM/dd</dateFormatItem>
						<dateFormatItem id="yyQ" draft="unconfirmed">Q yy</dateFormatItem>
					</availableFormats>
				</dateTimeFormats>
			</calendar>
		</calendars>
		<timeZoneNames>
			<hourFormat draft="unconfirmed">+HH:mm;-HH:mm</hourFormat>
			<gmtFormat draft="unconfirmed">GMT{0}</gmtFormat>
			<regionFormat draft="unconfirmed">{0}</regionFormat>
		</timeZoneNames>
	</dates>
	<numbers>
		<symbols>
			<decimal>,</decimal>
			<group>.</group>
		</symbols>
		<decimalFormats>
			<decimalFormatLength>
				<decimalFormat>
					<pattern>#0.###</pattern>
				</decimalFormat>
			</decimalFormatLength>
		</decimalFormats>
		<percentFormats>
			<percentFormatLength>
				<percentFormat>
					<pattern>#0%</pattern>
				</percentFormat>
			</percentFormatLength>
		</percentFormats>
		<currencyFormats>
			<currencyFormatLength>
				<currencyFormat>
					<pattern>#0.00 ¤</pattern>
				</currencyFormat>
			</currencyFormatLength>
		</currencyFormats>
	</numbers>
</ldml>
<!-- Old Comments. See root.xml for more info.
URL: http://oss.software.ibm.com/cvs/icu/icu/source/data/locales/hy.txt?only_with_tag=final-update-LDML

*   Data by :
*         Bedo Agopian   www.agosoft.com
*         Aram Airapetian
*         Arminco Global Telecommunications
*         Jora Manoucherians
*         Richard Youatt
AM { "\u0540\u0561\u0575\u0561\u057d\u057f\u0561\u0576" }
        "Armn", // Script Name
localPatternChars{ "GyMdkHmsSEDFwWahKzugAZ" }
currencies
                1, // "Minimal Days in First Week" is unknown. Root value used instead
                "\u0545\u2024\u054F\u2024",            // 3.D.
                "\u0546\u2024\u0554\u2024"             // N.K.
-->

