<?xml version="1.0" encoding="UTF-8" ?>
<!DOCTYPE ldml SYSTEM "http://www.unicode.org/cldr/dtd/1.5/ldml.dtd">
<ldml>
	<identity>
		<version number="$Revision: 1.20 $"/>
		<generation date="$Date: 2007/07/19 22:31:39 $"/>
		<language type="ig"/>
	</identity>
	<characters>
		<exemplarCharacters>[a b {ch} d-g {gb} {gh} {gw} h i ị j k {kp} {kw} l-n ṅ {nw} {ny} o ọ p r s {sh} t u ụ v w y z]</exemplarCharacters>
	</characters>
	<dates>
		<calendars>
			<calendar type="gregorian">
				<months>
					<monthContext type="format">
						<monthWidth type="abbreviated">
							<month type="1" draft="unconfirmed">Jen</month>
							<month type="2" draft="unconfirmed">Feb</month>
							<month type="3" draft="unconfirmed">Maa</month>
							<month type="4" draft="unconfirmed">Epr</month>
							<month type="5" draft="unconfirmed">Mee</month>
							<month type="6" draft="unconfirmed">Juu</month>
							<month type="7" draft="unconfirmed">Jul</month>
							<month type="8" draft="unconfirmed">Ọgọ</month>
							<month type="9" draft="unconfirmed">Sep</month>
							<month type="10" draft="unconfirmed">Ọkt</month>
							<month type="11" draft="unconfirmed">Nov</month>
							<month type="12" draft="unconfirmed">Dis</month>
						</monthWidth>
						<monthWidth type="wide">
							<month type="1" draft="unconfirmed">Jenụwarị</month>
							<month type="2" draft="unconfirmed">Febrụwarị</month>
							<month type="3" draft="unconfirmed">Maachị</month>
							<month type="4" draft="unconfirmed">Eprel</month>
							<month type="5" draft="unconfirmed">Mee</month>
							<month type="6" draft="unconfirmed">Juun</month>
							<month type="7" draft="unconfirmed">Julaị</month>
							<month type="8" draft="unconfirmed">Ọgọọst</month>
							<month type="9" draft="unconfirmed">Septemba</month>
							<month type="10" draft="unconfirmed">Ọktoba</month>
							<month type="11" draft="unconfirmed">Novemba</month>
							<month type="12" draft="unconfirmed">Disemba</month>
						</monthWidth>
					</monthContext>
					<monthContext type="stand-alone">
						<monthWidth type="narrow">
							<month type="1" draft="unconfirmed">1</month>
							<month type="2" draft="unconfirmed">2</month>
							<month type="3" draft="unconfirmed">3</month>
							<month type="4" draft="unconfirmed">4</month>
							<month type="5" draft="unconfirmed">5</month>
							<month type="6" draft="unconfirmed">6</month>
							<month type="7" draft="unconfirmed">7</month>
							<month type="8" draft="unconfirmed">8</month>
							<month type="9" draft="unconfirmed">9</month>
							<month type="10" draft="unconfirmed">10</month>
							<month type="11" draft="unconfirmed">11</month>
							<month type="12" draft="unconfirmed">12</month>
						</monthWidth>
					</monthContext>
				</months>
				<days>
					<dayContext type="format">
						<dayWidth type="abbreviated">
							<day type="sun" draft="unconfirmed">Ụka</day>
							<day type="mon" draft="unconfirmed">Mọn</day>
							<day type="tue" draft="unconfirmed">Tiu</day>
							<day type="wed" draft="unconfirmed">Wen</day>
							<day type="thu" draft="unconfirmed">Tọọ</day>
							<day type="fri" draft="unconfirmed">Fraị</day>
							<day type="sat" draft="unconfirmed">Sat</day>
						</dayWidth>
						<dayWidth type="wide">
							<day type="sun" draft="unconfirmed">Mbọsị Ụka</day>
							<day type="mon" draft="unconfirmed">Mọnde</day>
							<day type="tue" draft="unconfirmed">Tiuzdee</day>
							<day type="wed" draft="unconfirmed">Wenezdee</day>
							<day type="thu" draft="unconfirmed">Tọọzdee</day>
							<day type="fri" draft="unconfirmed">Fraịdee</day>
							<day type="sat" draft="unconfirmed">Satọdee</day>
						</dayWidth>
					</dayContext>
					<dayContext type="stand-alone">
						<dayWidth type="narrow">
							<day type="sun" draft="unconfirmed">1</day>
							<day type="mon" draft="unconfirmed">2</day>
							<day type="tue" draft="unconfirmed">3</day>
							<day type="wed" draft="unconfirmed">4</day>
							<day type="thu" draft="unconfirmed">5</day>
							<day type="fri" draft="unconfirmed">6</day>
							<day type="sat" draft="unconfirmed">7</day>
						</dayWidth>
					</dayContext>
				</days>
				<quarters>
					<quarterContext type="format">
						<quarterWidth type="abbreviated">
							<quarter type="1" draft="unconfirmed">Q1</quarter>
							<quarter type="2" draft="unconfirmed">Q2</quarter>
							<quarter type="3" draft="unconfirmed">Q3</quarter>
							<quarter type="4" draft="unconfirmed">Q4</quarter>
						</quarterWidth>
						<quarterWidth type="wide">
							<quarter type="1" draft="unconfirmed">Q1</quarter>
							<quarter type="2" draft="unconfirmed">Q2</quarter>
							<quarter type="3" draft="unconfirmed">Q3</quarter>
							<quarter type="4" draft="unconfirmed">Q4</quarter>
						</quarterWidth>
					</quarterContext>
				</quarters>
				<am draft="unconfirmed">A.M.</am>
				<pm draft="unconfirmed">P.M.</pm>
				<eras>
					<eraNames>
						<era type="0" draft="unconfirmed">Tupu Kristi</era>
						<era type="1" draft="unconfirmed">Afọ Kristi</era>
					</eraNames>
					<eraAbbr>
						<era type="0" draft="unconfirmed">T.K.</era>
						<era type="1" draft="unconfirmed">A.K.</era>
					</eraAbbr>
				</eras>
				<dateFormats>
					<dateFormatLength type="full">
						<dateFormat>
							<pattern draft="unconfirmed">EEEE, yyyy MMMM dd</pattern>
						</dateFormat>
					</dateFormatLength>
					<dateFormatLength type="long">
						<dateFormat>
							<pattern draft="unconfirmed">yyyy MMMM d</pattern>
						</dateFormat>
					</dateFormatLength>
					<dateFormatLength type="medium">
						<dateFormat>
							<pattern draft="unconfirmed">yyyy MMM d</pattern>
						</dateFormat>
					</dateFormatLength>
					<dateFormatLength type="short">
						<dateFormat>
							<pattern draft="unconfirmed">yy/MM/dd</pattern>
						</dateFormat>
					</dateFormatLength>
				</dateFormats>
				<timeFormats>
					<timeFormatLength type="full">
						<timeFormat>
							<pattern draft="unconfirmed">HH:mm:ss v</pattern>
						</timeFormat>
					</timeFormatLength>
					<timeFormatLength type="long">
						<timeFormat>
							<pattern draft="unconfirmed">HH:mm:ss z</pattern>
						</timeFormat>
					</timeFormatLength>
					<timeFormatLength type="medium">
						<timeFormat>
							<pattern draft="unconfirmed">HH:mm:ss</pattern>
						</timeFormat>
					</timeFormatLength>
					<timeFormatLength type="short">
						<timeFormat>
							<pattern draft="unconfirmed">HH:mm</pattern>
						</timeFormat>
					</timeFormatLength>
				</timeFormats>
				<dateTimeFormats>
					<dateTimeFormatLength>
						<dateTimeFormat>
							<pattern draft="unconfirmed">{1} {0}</pattern>
						</dateTimeFormat>
					</dateTimeFormatLength>
					<availableFormats>
						<dateFormatItem id="yyQ" draft="unconfirmed">Q yy</dateFormatItem>
					</availableFormats>
				</dateTimeFormats>
			</calendar>
		</calendars>
		<timeZoneNames>
			<hourFormat draft="unconfirmed">+HH:mm;-HH:mm</hourFormat>
			<gmtFormat draft="unconfirmed">GMT{0}</gmtFormat>
			<regionFormat draft="unconfirmed">{0}</regionFormat>
		</timeZoneNames>
	</dates>
	<numbers>
		<currencies>
			<currency type="NGN">
				<displayName draft="unconfirmed">Naịra</displayName>
				<symbol draft="unconfirmed">₦</symbol>
			</currency>
		</currencies>
	</numbers>
	<references>
		<reference type="R081" uri="http://ilc.igbonet.com/lesson01/">Learn Igbo - alphabet etc. (lesson 1)</reference>
		<reference type="R082" uri="http://developer.mimer.com/charts/igbo.htm">Mimer Igbo collation</reference>
		<reference type="R083" uri="http://en.wikipedia.org/wiki/Igbo_language">Wikipedia on Igbo</reference>
		<reference type="R084" uri="http://www.omniglot.com/writing/igbo.htm">Omniglot on Igbo</reference>
	</references>
</ldml>

