<?xml version="1.0" encoding="UTF-8" ?>
<!DOCTYPE ldml SYSTEM "http://www.unicode.org/cldr/dtd/1.5/ldml.dtd">
<ldml>
	<identity>
		<version number="$Revision: 1.5 $"/>
		<generation date="$Date: 2007/11/28 00:17:37 $"/>
		<language type="ii"/>
	</identity>
	<localeDisplayNames>
		<languages>
			<language type="de">ꄓꇩꉙ</language>
			<language type="en">ꑱꇩꉙ</language>
			<language type="es">ꑭꀠꑸꉙ</language>
			<language type="fr">ꃔꇩꉙ</language>
			<language type="ii">ꆈꌠꉙ</language>
			<language type="it">ꑴꄊꆺꉙ</language>
			<language type="ja">ꏝꀪꉙ</language>
			<language type="pt">ꁍꄨꑸꉙ</language>
			<language type="pt_BR">ꀠꑟꁍꄨꑸꉙ</language>
			<language type="ru">ꊉꇩꉙ</language>
			<language type="und">ꅉꀋꌠꅇꂷ</language>
			<language type="zh">ꍏꇩꉙ</language>
			<language type="zh_Hans">ꈝꐯꍏꇩꉙ</language>
			<language type="zh_Hant">ꀎꋏꍏꇩꉙ</language>
		</languages>
		<scripts>
			<script type="Arab">ꀊꇁꀨꁱꂷ</script>
			<script type="Cyrl">ꀊꆨꌦꇁꃚꁱꂷ</script>
			<script type="Hans">ꈝꐯꉌꈲꁱꂷ</script>
			<script type="Hant">ꀎꋏꉌꈲꁱꂷ</script>
			<script type="Latn">ꇁꄀꁱꂷ</script>
			<script type="Yiii">ꆈꌠꁱꂷ</script>
			<script type="Zxxx">ꁱꀋꉆꌠ</script>
			<script type="Zzzz">ꅉꀋꐚꌠꁱꂷ</script>
		</scripts>
		<territories>
			<territory type="BR">ꀠꑭ</territory>
			<territory type="CN">ꍏꇩ</territory>
			<territory type="DE">ꄓꇩ</territory>
			<territory type="FR">ꃔꇩ</territory>
			<territory type="GB">ꑱꇩ</territory>
			<territory type="IN">ꑴꄗ</territory>
			<territory type="IT">ꑴꄊꆺ</territory>
			<territory type="JP">ꏝꀪ</territory>
			<territory type="RU">ꊉꇆꌦ</territory>
			<territory type="US">ꂰꇩ</territory>
			<territory type="ZZ">ꃅꄷꅉꀋꐚꌠ</territory>
		</territories>
		<types>
			<type type="gregorian" key="calendar">ꄉꉻꃅꑍ</type>
			<type type="islamic" key="calendar">ꑳꌦꇂꑍꉖ</type>
		</types>
		<measurementSystemNames>
			<measurementSystemName type="US">ꂰꇩ</measurementSystemName>
			<measurementSystemName type="metric">ꂰꌬꌠ</measurementSystemName>
		</measurementSystemNames>
		<codePatterns>
			<codePattern type="language">ꅇꉙ: {0}</codePattern>
			<codePattern type="script">ꇇꁱ: {0}</codePattern>
			<codePattern type="territory">ꃅꄷ: {0}</codePattern>
		</codePatterns>
	</localeDisplayNames>
	<characters>
		<exemplarCharacters>[ꀀ-ꒌ]</exemplarCharacters>
	</characters>
	<dates>
		<calendars>
			<calendar type="gregorian">
				<months>
					<monthContext type="format">
						<monthWidth type="abbreviated">
							<month type="1" draft="provisional">1</month>
							<month type="2" draft="provisional">2</month>
							<month type="3" draft="provisional">3</month>
							<month type="4" draft="provisional">4</month>
							<month type="5" draft="provisional">5</month>
							<month type="6" draft="provisional">6</month>
							<month type="7" draft="provisional">7</month>
							<month type="8" draft="provisional">8</month>
							<month type="9" draft="provisional">9</month>
							<month type="10" draft="provisional">10</month>
							<month type="11" draft="provisional">11</month>
							<month type="12" draft="provisional">12</month>
						</monthWidth>
						<monthWidth type="wide">
							<month type="1">ꋍꆪ</month>
							<month type="2">ꑍꆪ</month>
							<month type="3">ꌕꆪ</month>
							<month type="4">ꇖꆪ</month>
							<month type="5">ꉬꆪ</month>
							<month type="6">ꃘꆪ</month>
							<month type="7">ꏃꆪ</month>
							<month type="8">ꉆꆪ</month>
							<month type="9">ꈬꆪ</month>
							<month type="10" draft="provisional">ꊰꆪ</month>
							<month type="11">ꊰꊪꆪ</month>
							<month type="12">ꊰꑋꆪ</month>
						</monthWidth>
					</monthContext>
					<monthContext type="stand-alone">
						<monthWidth type="narrow">
							<month type="1" draft="provisional">1</month>
							<month type="2" draft="provisional">2</month>
							<month type="3" draft="provisional">3</month>
							<month type="4" draft="provisional">4</month>
							<month type="5" draft="provisional">5</month>
							<month type="6" draft="provisional">6</month>
							<month type="7" draft="provisional">7</month>
							<month type="8" draft="provisional">8</month>
							<month type="9" draft="provisional">9</month>
							<month type="10" draft="provisional">10</month>
							<month type="11" draft="provisional">11</month>
							<month type="12" draft="provisional">12</month>
						</monthWidth>
					</monthContext>
				</months>
				<days>
					<dayContext type="format">
						<dayWidth type="abbreviated">
							<day type="sun">ꆏꑍ</day>
							<day type="mon">ꆏꋍ</day>
							<day type="tue">ꆏꑍ</day>
							<day type="wed">ꆏꌕ</day>
							<day type="thu">ꆏꇖ</day>
							<day type="fri">ꆏꉬ</day>
							<day type="sat">ꆏꃘ</day>
						</dayWidth>
						<dayWidth type="wide">
							<day type="sun">ꑭꆏꑍ</day>
							<day type="mon">ꆏꊂꋍ</day>
							<day type="tue">ꆏꊂꑍ</day>
							<day type="wed">ꆏꊂꌕ</day>
							<day type="thu">ꆏꊂꇖ</day>
							<day type="fri">ꆏꊂꉬ</day>
							<day type="sat">ꆏꊂꃘ</day>
						</dayWidth>
					</dayContext>
					<dayContext type="stand-alone">
						<dayWidth type="narrow">
							<day type="sun">ꆏ</day>
							<day type="mon">ꋍ</day>
							<day type="tue">ꑍ</day>
							<day type="wed">ꌕ</day>
							<day type="thu">ꇖ</day>
							<day type="fri" draft="provisional">ꉬ</day>
							<day type="sat">ꃘ</day>
						</dayWidth>
					</dayContext>
				</days>
				<quarters>
					<quarterContext type="format">
						<quarterWidth type="abbreviated">
							<quarter type="1">ꃅꑌ</quarter>
							<quarter type="2">ꃅꎸ</quarter>
							<quarter type="3">ꃅꍵ</quarter>
							<quarter type="4" draft="provisional">ꃅꋆ</quarter>
						</quarterWidth>
						<quarterWidth type="wide">
							<quarter type="1">ꃅꑌ</quarter>
							<quarter type="2">ꃅꎸ</quarter>
							<quarter type="3" draft="provisional">ꃅꍵ</quarter>
							<quarter type="4" draft="provisional">ꃅꋆ</quarter>
						</quarterWidth>
					</quarterContext>
					<quarterContext type="stand-alone">
						<quarterWidth type="narrow">
							<quarter type="1">1</quarter>
							<quarter type="1" alt="proposed-x1001" draft="unconfirmed">ꃅꑌ</quarter>
							<quarter type="2">2</quarter>
							<quarter type="2" alt="proposed-x1001" draft="unconfirmed">ꃅꎸ</quarter>
							<quarter type="3">3</quarter>
							<quarter type="3" alt="proposed-x1001" draft="unconfirmed">ꃅꍵ</quarter>
							<quarter type="4">4</quarter>
							<quarter type="4" alt="proposed-x1001" draft="unconfirmed">ꃅꋆ</quarter>
						</quarterWidth>
					</quarterContext>
				</quarters>
				<am>ꎸꄑ</am>
				<pm>ꁯꋒ</pm>
				<eras>
					<eraAbbr>
						<era type="0">ꃅꋊꂿ</era>
						<era type="1">ꃅꋊꊂ</era>
					</eraAbbr>
				</eras>
				<dateFormats>
					<dateFormatLength type="long">
						<dateFormat>
							<pattern draft="provisional">yyyy MMMM d</pattern>
						</dateFormat>
					</dateFormatLength>
				</dateFormats>
				<fields>
					<field type="era">
						<displayName>ꃅꋊ</displayName>
					</field>
					<field type="year">
						<displayName>ꈎ</displayName>
					</field>
					<field type="month">
						<displayName>ꆪ</displayName>
					</field>
					<field type="week">
						<displayName>ꑭꆏ</displayName>
					</field>
					<field type="day">
						<displayName>ꑍ</displayName>
						<relative type="0">ꀃꑍ</relative>
						<relative type="1">ꃆꏂꑍ</relative>
						<relative type="2">ꌕꀿꑍ</relative>
						<relative type="-1">ꀋꅔꉈ</relative>
						<relative type="-2">ꎴꂿꋍꑍ</relative>
					</field>
					<field type="weekday">
						<displayName>ꆏꑍ</displayName>
					</field>
					<field type="dayperiod">
						<displayName>ꎸꄑ/ꁯꋒ</displayName>
					</field>
					<field type="hour">
						<displayName>ꄮꈉ</displayName>
					</field>
					<field type="minute">
						<displayName>ꃏ</displayName>
					</field>
					<field type="second">
						<displayName>ꇙ</displayName>
					</field>
					<field type="zone">
						<displayName>ꃅꄷꄮꈉ</displayName>
					</field>
				</fields>
			</calendar>
		</calendars>
		<timeZoneNames>
			<zone type="Etc/Unknown">
				<exemplarCity>ꅉꀋꐚꌠ</exemplarCity>
			</zone>
		</timeZoneNames>
	</dates>
	<numbers>
		<symbols>
			<decimal>.</decimal>
			<group>,</group>
		</symbols>
		<currencies>
			<currency type="XXX">
				<displayName>ꅉꀋꐚꌠꌋꆀꎆꃀꀋꈁꀐꌠ</displayName>
				<symbol>XXX</symbol>
			</currency>
		</currencies>
	</numbers>
	<posix>
		<messages>
			<yesstr>ꉬ</yesstr>
			<nostr>ꀋꉬ</nostr>
		</messages>
	</posix>
</ldml>

