<?xml version="1.0" encoding="UTF-8" ?>
<!DOCTYPE ldml SYSTEM "http://www.unicode.org/cldr/dtd/1.5/ldml.dtd">
<ldml>
	<identity>
		<version number="$Revision: 1.47 $"/>
		<generation date="$Date: 2007/11/28 21:17:49 $"/>
		<language type="ka"/>
	</identity>
	<localeDisplayNames>
		<languages>
			<language type="ab" draft="provisional">აფხაზური</language>
			<language type="ady" draft="provisional">ადიღეური</language>
			<language type="ae" draft="provisional">ავესტა</language>
			<language type="af" draft="contributed">აფრიკული</language>
			<language type="ain" draft="provisional">აინუ</language>
			<language type="ale" draft="provisional">ალეუტური</language>
			<language type="ang" draft="provisional">ძველი ინგლისური</language>
			<language type="ar" draft="provisional">არაბული</language>
			<language type="arc" draft="provisional">არამეული</language>
			<language type="art" draft="provisional">ხელოვნური სხვა</language>
			<language type="art" alt="proposed-x1001" draft="unconfirmed">ხელოვნური (სხვა)</language>
			<language type="as" draft="unconfirmed">ასამური</language>
			<language type="ast" draft="provisional">ავსტრიული</language>
			<language type="az" draft="provisional">აზერბაიჯანული</language>
			<language type="be" draft="contributed">ბელორუსული</language>
			<language type="be" alt="proposed-x1001" draft="unconfirmed">ბელარუსული</language>
			<language type="bg" draft="provisional">ბულგარული</language>
			<language type="bh" draft="unconfirmed">ბიჰარი</language>
			<language type="bo" draft="provisional">ტიბეტური</language>
			<language type="br" draft="provisional">ბრეტონული</language>
			<language type="bs" draft="provisional">ბოსნიური</language>
			<language type="bua" draft="provisional">ბურიატული</language>
			<language type="ca" draft="contributed">კატალანური</language>
			<language type="ca" alt="proposed-x1001" draft="unconfirmed">კატალონიური</language>
			<language type="cau" draft="provisional">კავკასიური სხვა</language>
			<language type="cau" alt="proposed-x1001" draft="unconfirmed">კავკასიური (სხვა)</language>
			<language type="ce" draft="provisional">ჩეჩნური</language>
			<language type="cel" draft="provisional">კელტური სხვა</language>
			<language type="cel" alt="proposed-x1001" draft="unconfirmed">კელტური (სხვა)</language>
			<language type="cs" draft="provisional">ჩეხური</language>
			<language type="cu" draft="provisional">საეკლესიო სლავური</language>
			<language type="cy" draft="contributed">უელსური</language>
			<language type="da" draft="provisional">დანიური</language>
			<language type="de">გერმანული</language>
			<language type="de_AT" draft="provisional">ავსტრიული გერმანული</language>
			<language type="de_CH" draft="provisional">შვეიცარიული მაღალი გერმანული</language>
			<language type="de_CH" alt="proposed-x1001" draft="unconfirmed">შვეიცარიული გერმანული</language>
			<language type="egy" draft="provisional">ეგვიპტური</language>
			<language type="el" draft="provisional">ბერძნული</language>
			<language type="en">ინგლისური</language>
			<language type="en_AU" draft="provisional">ავსტრალიური ინგლისური</language>
			<language type="en_CA" draft="provisional">კანადური ინგლისური</language>
			<language type="en_GB" draft="provisional">ბრიტანული ინგლისური</language>
			<language type="en_US" draft="provisional">ამერიკული  ინგლისური</language>
			<language type="eo" draft="provisional">ესპერანტო</language>
			<language type="es">ესპანური</language>
			<language type="es_419" draft="provisional">ლათინურ ამერიკული ესპანური</language>
			<language type="es_ES" draft="provisional">იბერიული ესპანური</language>
			<language type="es_ES" alt="proposed-x1001" draft="unconfirmed">ესპანური</language>
			<language type="et" draft="provisional">ესტონური</language>
			<language type="eu" draft="provisional">ბასკური</language>
			<language type="fa" draft="contributed">სპარსული</language>
			<language type="fi" draft="provisional">ფინური</language>
			<language type="fil" draft="provisional">ფილიპინური</language>
			<language type="fil" alt="proposed-x1001" draft="unconfirmed">ტაგალოგური</language>
			<language type="fr">ფრანგული</language>
			<language type="fr_CA" draft="provisional">კანადური ფრანგული</language>
			<language type="fr_CH" draft="provisional">შვეიცარიული ფრანგული</language>
			<language type="fro" draft="provisional">ძველი ფრანგული</language>
			<language type="ga" draft="contributed">ირლანდიური</language>
			<language type="gd" draft="contributed">შოტლანდიურ-გალური</language>
			<language type="gl" draft="contributed">გალური</language>
			<language type="gn" draft="unconfirmed">გუარანი</language>
			<language type="goh" draft="provisional">ძველი გერმანული</language>
			<language type="grc" draft="provisional">ძველი ბერძნული</language>
			<language type="gsw" draft="provisional">შვეიცარიული გერმანული</language>
			<language type="gu" draft="unconfirmed">გუჯარათი</language>
			<language type="he" draft="provisional">ებრაული</language>
			<language type="hi" draft="provisional">ჰინდი</language>
			<language type="hr" draft="contributed">ხორვატიული</language>
			<language type="hu" draft="provisional">უნგრული</language>
			<language type="hy" draft="provisional">სომხური</language>
			<language type="ia" draft="contributed">ინტერლინგუალური</language>
			<language type="id" draft="contributed">ინდონეზიური</language>
			<language type="ie" draft="contributed">ინტერლინგი</language>
			<language type="ine" draft="provisional">ინდო-ევროპული სხვა</language>
			<language type="ine" alt="proposed-x1001" draft="unconfirmed">ინდო-ევროპული (სხვა)</language>
			<language type="is" draft="contributed">ისლანდიური</language>
			<language type="it">იტალიური</language>
			<language type="ja">იაპონური</language>
			<language type="jv" draft="contributed">იავანური</language>
			<language type="ka">ქართული</language>
			<language type="ka" alt="proposed-x1001" draft="unconfirmed">ქართულად</language>
			<language type="kg" draft="provisional">კონგო</language>
			<language type="kk" draft="provisional">ყაზახური</language>
			<language type="km" draft="contributed">კამბოჯიური</language>
			<language type="ko" draft="provisional">კორეული</language>
			<language type="ku" draft="contributed">ქურთული</language>
			<language type="ky" draft="contributed">ყირგიზული</language>
			<language type="la" draft="provisional">ლათინური</language>
			<language type="lb" draft="provisional">ლუქსემბურგული</language>
			<language type="ln" draft="contributed">ლინგალა</language>
			<language type="lo" draft="contributed">ლაოსური</language>
			<language type="lt" draft="provisional">ლიტვური</language>
			<language type="lv" draft="contributed">ლატვიური</language>
			<language type="mk" draft="provisional">მაკედონიური</language>
			<language type="mn" draft="provisional">მონღოლური</language>
			<language type="mo" draft="provisional">მოლდოვური</language>
			<language type="ms" draft="contributed">მალაიზიური</language>
			<language type="myn" draft="provisional">მაიას ენები</language>
			<language type="nap" draft="provisional">ნეაპოლიტანური</language>
			<language type="ne" draft="provisional">ნეპალური</language>
			<language type="nl" draft="contributed">ჰოლანდიური</language>
			<language type="nl_BE" draft="provisional">ფლომანდიური</language>
			<language type="nn">ნორვეგიული ნინორსკი</language>
			<language type="nn" alt="proposed-x1001" draft="unconfirmed">ნორვეგიული</language>
			<language type="no" draft="provisional">ნორვეგიული</language>
			<language type="oc" draft="unconfirmed">ოციტანური</language>
			<language type="or" draft="unconfirmed">ორიული</language>
			<language type="peo" draft="provisional">ძველი სპარსული</language>
			<language type="pl" draft="provisional">პოლონური</language>
			<language type="pra" draft="provisional">პრაკრიტის ენები</language>
			<language type="ps" draft="unconfirmed">პუშტუ</language>
			<language type="pt">პორტუგალიური</language>
			<language type="pt_PT" draft="provisional">იბერიულ-პორტუგალიური</language>
			<language type="pt_PT" alt="proposed-x1001" draft="unconfirmed">პორტუგალიური</language>
			<language type="ro" draft="provisional">რუმინული</language>
			<language type="ru">რუსული</language>
			<language type="sa" draft="provisional">სანსკრიტი</language>
			<language type="sc" draft="provisional">სარდინიული</language>
			<language type="scn" draft="provisional">სიცილიური</language>
			<language type="sd" draft="contributed">სინდური</language>
			<language type="sga" draft="provisional">ძველი ირლანდიური</language>
			<language type="sh" draft="contributed">სერბულ-ხორვატული</language>
			<language type="si" draft="contributed">სინჰალური</language>
			<language type="sk" draft="provisional">სლოვაკური</language>
			<language type="sl" draft="contributed">სლოვენური</language>
			<language type="sl" alt="proposed-x1001" draft="unconfirmed">სლოვენიური</language>
			<language type="sla" draft="provisional">სლავური სხვა</language>
			<language type="sla" alt="proposed-x1001" draft="unconfirmed">სლავური (სხვა)</language>
			<language type="so" draft="contributed">სომალიური</language>
			<language type="sq" draft="provisional">ალბანური</language>
			<language type="sr" draft="provisional">სერბული</language>
			<language type="st" draft="provisional">st</language>
			<language type="st" alt="proposed-x1001" draft="unconfirmed">სესოთოს ენა</language>
			<language type="sux" draft="provisional">შუმერული</language>
			<language type="sv" draft="provisional">შვედური</language>
			<language type="sw" draft="provisional">სუაჰილი</language>
			<language type="tg" draft="provisional">ტაჯიკური</language>
			<language type="th" draft="contributed">ტაილანდური</language>
			<language type="tk" draft="contributed">თურქმენული</language>
			<language type="tlh" draft="contributed">კლინგონი</language>
			<language type="tr" draft="provisional">თურქული</language>
			<language type="tw" draft="contributed">თუი</language>
			<language type="udm" draft="provisional">უდმურტიული</language>
			<language type="ug" draft="contributed">უიგურული</language>
			<language type="uk" draft="provisional">უკრაინული</language>
			<language type="und" draft="provisional">უცნობი ან არასწორი ენა</language>
			<language type="ur" draft="provisional">ურდუ</language>
			<language type="ur" alt="proposed-x1001" draft="unconfirmed">ურდუს ენა</language>
			<language type="uz" draft="provisional">უზბეკური</language>
			<language type="vi" draft="provisional">ვიეტნამური</language>
			<language type="xh" draft="contributed">ქსოზა</language>
			<language type="yi" draft="contributed">იდიში</language>
			<language type="zh">ჩინური</language>
			<language type="zu" draft="provisional">ზულუ</language>
		</languages>
		<scripts>
			<script type="Arab" draft="provisional">არაბული</script>
			<script type="Armn" draft="provisional">სომხური</script>
			<script type="Bali" draft="provisional">ბალი</script>
			<script type="Batk" draft="provisional">ბატაკი</script>
			<script type="Beng" draft="provisional">ბენგალური</script>
			<script type="Brai" draft="provisional">ბრაილი</script>
			<script type="Brai" alt="proposed-x1001" draft="unconfirmed">ბრეილი</script>
			<script type="Copt" draft="provisional">კოპტური</script>
			<script type="Cprt" draft="provisional">კვიპროსული</script>
			<script type="Cyrl" draft="provisional">კირილიცა</script>
			<script type="Cyrs" draft="provisional">ძველი საეკლესიო კირილიცა</script>
			<script type="Cyrs" alt="proposed-x1001" draft="unconfirmed">კირილიცა (ძველი საეკლესიო სახეობა)</script>
			<script type="Deva" draft="provisional">დევანაგარი</script>
			<script type="Egyd" draft="provisional">ეგვიპტური დემოტიკური</script>
			<script type="Egyh" draft="provisional">ეგვიპტური ჰიერატიკული</script>
			<script type="Egyp" draft="provisional">ეგვიპტური იეროგლიფური</script>
			<script type="Ethi" draft="provisional">ეთიოპური</script>
			<script type="Geok" draft="provisional">ხუცური</script>
			<script type="Geok" alt="proposed-x1001" draft="unconfirmed">ხუცური (მრგლოვანი და ნუსხური)</script>
			<script type="Geor" draft="provisional">ქართული</script>
			<script type="Glag" draft="provisional">გლაგოლიცა</script>
			<script type="Goth" draft="provisional">გოთური</script>
			<script type="Grek" draft="provisional">ბერძნული</script>
			<script type="Gujr" draft="provisional">გუჯარათული</script>
			<script type="Guru" draft="provisional">გურმუხული</script>
			<script type="Hani" draft="provisional">ჰანი</script>
			<script type="Hans" draft="provisional">გამარტივებული ჰანი</script>
			<script type="Hant" draft="provisional">ტრადიციული ჰანი</script>
			<script type="Hebr" draft="provisional">ებრაული</script>
			<script type="Hira" draft="provisional">ჰირაგანა</script>
			<script type="Hrkt" draft="provisional">კატაკანა ან ჰირაგანა</script>
			<script type="Hung" draft="provisional">ძველი უნგრული</script>
			<script type="Jpan" draft="provisional">იაპონური</script>
			<script type="Kana" draft="provisional">კატაკანა</script>
			<script type="Khmr" draft="provisional">ქჰმერული</script>
			<script type="Laoo" draft="provisional">ლაოსური</script>
			<script type="Latn" draft="provisional">ლათინური</script>
			<script type="Lina" draft="provisional">წრფივი A</script>
			<script type="Linb" draft="provisional">წრფივი B</script>
			<script type="Maya" draft="provisional">მაიას იეროგლიფები</script>
			<script type="Mong" draft="provisional">მონღოლური</script>
			<script type="Phnx" draft="provisional">ფინიკიური</script>
			<script type="Runr" draft="provisional">რუნული</script>
			<script type="Syrc" draft="provisional">სირიული</script>
			<script type="Syre" draft="provisional">ესტრანჯელოსეული სირიული</script>
			<script type="Syrj" draft="provisional">დასავლეთი სირიული</script>
			<script type="Syrn" draft="provisional">აღმოსავლეთი სირიული</script>
			<script type="Taml" draft="provisional">ტამილური</script>
			<script type="Thai" draft="provisional">ტაილანდური</script>
			<script type="Tibt" draft="provisional">ტიბეტური</script>
			<script type="Xpeo" draft="provisional">ძველი სპარსული</script>
			<script type="Xsux" draft="provisional">შუმერულ-აქადური ლურსმნული</script>
			<script type="Zxxx" draft="provisional">დაუწერელი</script>
			<script type="Zzzz" draft="provisional">უცნობი ან არასწორი დამწერლობა</script>
		</scripts>
		<territories>
			<territory type="001" draft="provisional">მსოფლიო</territory>
			<territory type="002" draft="provisional">აფრიკა</territory>
			<territory type="003" draft="provisional">ჩრდილოეთ ამერიკა</territory>
			<territory type="003" alt="proposed-x1001" draft="unconfirmed">ჩრდილოეთი ამერიკა</territory>
			<territory type="005" draft="provisional">სამხრეთი ამერიკა</territory>
			<territory type="009" draft="provisional">ოკეანეთი</territory>
			<territory type="011" draft="provisional">დასავლეთი აფრიკა</territory>
			<territory type="013" draft="provisional">ცენტრალური ამერიკა</territory>
			<territory type="014" draft="provisional">აღმოსავლეთი აფრიკა</territory>
			<territory type="015" draft="provisional">ჩრდილოეთი აფრიკა</territory>
			<territory type="017" draft="provisional">შუა აფრიკა</territory>
			<territory type="018" draft="provisional">სამხრეთი აფრიკა</territory>
			<territory type="019" draft="provisional">ამერიკები</territory>
			<territory type="021" draft="provisional">ჩრდილოეთი ამერიკა</territory>
			<territory type="029" draft="provisional">კარიბი</territory>
			<territory type="030" draft="provisional">აღმოსავლეთი აზია</territory>
			<territory type="034" draft="provisional">სამხრეთი აზია</territory>
			<territory type="035" draft="provisional">სამხრეთ-აღმოსავლეთი აზია</territory>
			<territory type="039" draft="provisional">სამხრეთი ევროპა</territory>
			<territory type="053" draft="provisional">ავსტრალია და ახალი ზელანდია</territory>
			<territory type="054" draft="provisional">მელანეზია</territory>
			<territory type="057" draft="provisional">მირონეზია</territory>
			<territory type="061" draft="provisional">პოლინეზია</territory>
			<territory type="062" draft="provisional">სამხრეთ-ცენტრალური აზია</territory>
			<territory type="142" draft="provisional">აზია</territory>
			<territory type="143" draft="provisional">ცენტრალური აზია</territory>
			<territory type="145" draft="provisional">დასავლეთი აზია</territory>
			<territory type="150" draft="provisional">ევროპა</territory>
			<territory type="151" draft="provisional">აღმოსავლეთი ევროპა</territory>
			<territory type="154" draft="provisional">ჩრდილოეთი ევროპა</territory>
			<territory type="155" draft="provisional">დასავლეთი ევროპა</territory>
			<territory type="172" draft="provisional">დამოუკიდებელ სახელმწიფოთა თანამეგობრობა</territory>
			<territory type="419" draft="provisional">ლათინური ამერიკა და კარიბი</territory>
			<territory type="AD">ანდორა</territory>
			<territory type="AE">არაბეთის გაერთიანებული ემირატები</territory>
			<territory type="AF">ავღანეთი</territory>
			<territory type="AG">ანტიგუა და ბარბუდა</territory>
			<territory type="AI" draft="provisional">ანტიგუა</territory>
			<territory type="AL">ალბანეთი</territory>
			<territory type="AM" draft="provisional">სომხეთი</territory>
			<territory type="AM" alt="proposed-x1001" draft="unconfirmed">სასომხეთი</territory>
			<territory type="AN" draft="provisional">ნიდერლანდების ანტილები</territory>
			<territory type="AO">ანგოლა</territory>
			<territory type="AQ" draft="provisional">ანტარქტიკა</territory>
			<territory type="AR">არგენტინა</territory>
			<territory type="AS" draft="provisional">ამერიკული სამოა</territory>
			<territory type="AT">ავსტრია</territory>
			<territory type="AU">ავსტრალია</territory>
			<territory type="AW" draft="provisional">არუბა</territory>
			<territory type="AX" draft="provisional">ალანდის კუნძულები</territory>
			<territory type="AZ">აზერბაიჯანი</territory>
			<territory type="BA">ბოსნია და ჰერცეგოვინა</territory>
			<territory type="BB">ბარბადოსი</territory>
			<territory type="BD">ბანგლადეში</territory>
			<territory type="BE">ბელგია</territory>
			<territory type="BF">ბურკინა-ფასო</territory>
			<territory type="BG">ბულგარეთი</territory>
			<territory type="BH">ბაჰრეინი</territory>
			<territory type="BI">ბურუნდი</territory>
			<territory type="BJ">ბენინი</territory>
			<territory type="BM" draft="provisional">ბერმუდა</territory>
			<territory type="BN">ბრუნეი</territory>
			<territory type="BO">ბოლივია</territory>
			<territory type="BR">ბრაზილია</territory>
			<territory type="BS">ბაჰამის კუნძულები</territory>
			<territory type="BT">ბუტანი</territory>
			<territory type="BW">ბოტსვანა</territory>
			<territory type="BY">ბელორუსია</territory>
			<territory type="BZ">ბელიზი</territory>
			<territory type="CA">კანადა</territory>
			<territory type="CD" draft="provisional">კონგო - კინშასა</territory>
			<territory type="CF">ცენტრალური აფრიკის რესპუბლიკა</territory>
			<territory type="CG">კონგო</territory>
			<territory type="CH">შვეიცარია</territory>
			<territory type="CI">სპილოს ძვლის სანაპირო</territory>
			<territory type="CK" draft="provisional">კუკის კუნძულები</territory>
			<territory type="CL" draft="provisional">ჩილე</territory>
			<territory type="CM">კამერუნი</territory>
			<territory type="CN">ჩინეთი</territory>
			<territory type="CO">კოლუმბია</territory>
			<territory type="CR">კოსტა-რიკა</territory>
			<territory type="CS" draft="provisional">სერბია და მონტენეგრო</territory>
			<territory type="CU">კუბა</territory>
			<territory type="CV">კაბო-ვერდე</territory>
			<territory type="CX" draft="provisional">შობის კუნძული</territory>
			<territory type="CY">კვიპროსი</territory>
			<territory type="CZ">ჩეხეთის რესპუბლიკა</territory>
			<territory type="DE">გერმანია</territory>
			<territory type="DJ">ჯიბუტი</territory>
			<territory type="DK">დანია</territory>
			<territory type="DM">დომინიკა</territory>
			<territory type="DO">დომინიკანის რესპუბლიკა</territory>
			<territory type="DZ">ალჟირი</territory>
			<territory type="EC">ეკვადორი</territory>
			<territory type="EE">ესტონეთი</territory>
			<territory type="EG">ეგვიპტე</territory>
			<territory type="EH">დასავლეთი საჰარა</territory>
			<territory type="ER">ერიტრეა</territory>
			<territory type="ES">ესპანეთი</territory>
			<territory type="ET">ეთიოპია</territory>
			<territory type="FI">ფინეთი</territory>
			<territory type="FJ">ფიჯი</territory>
			<territory type="FK" draft="provisional">ფალკლენდის კუნძულები</territory>
			<territory type="FM">მიკრონეზია</territory>
			<territory type="FO" draft="provisional">ფაროს კუნძულები</territory>
			<territory type="FR">საფრანგეთი</territory>
			<territory type="GA">გაბონი</territory>
			<territory type="GB" draft="provisional">დიდი ბრიტანეთი</territory>
			<territory type="GD">გრენადა</territory>
			<territory type="GE">საქართველო</territory>
			<territory type="GH">განა</territory>
			<territory type="GI" draft="provisional">ჰიბრალტარი</territory>
			<territory type="GL" draft="provisional">გრენლანდია</territory>
			<territory type="GM">გამბია</territory>
			<territory type="GN">გვინეა</territory>
			<territory type="GP" draft="provisional">გვადელუპე</territory>
			<territory type="GQ">ეკვატორული გვინეა</territory>
			<territory type="GR">საბერძნეთი</territory>
			<territory type="GT">გვატემალა</territory>
			<territory type="GU" draft="provisional">გუამი</territory>
			<territory type="GW">გვინეა-ბისაუ</territory>
			<territory type="GY">გაიანა</territory>
			<territory type="HK" draft="provisional">ჰონგ კონგი</territory>
			<territory type="HK" alt="short" draft="provisional">ჰონგ კონგი</territory>
			<territory type="HM" draft="provisional">ჰერდის კუნძული და მაკდონალდის კუნძულები</territory>
			<territory type="HN">ჰონდურასი</territory>
			<territory type="HR">ჰორვატია</territory>
			<territory type="HT">ჰაიტი</territory>
			<territory type="HU">უნგრეთი</territory>
			<territory type="ID">ინდონეზია</territory>
			<territory type="IE">ირლანდია</territory>
			<territory type="IL">ისრაელი</territory>
			<territory type="IM" draft="provisional">მანის კუნძული</territory>
			<territory type="IN">ინდოეთი</territory>
			<territory type="IO" draft="provisional">ბრიტანული ტერიტორია ინდოეთის ოკეანეში</territory>
			<territory type="IQ">ერაყი</territory>
			<territory type="IR">ირანი</territory>
			<territory type="IS">ისლანდია</territory>
			<territory type="IT">იტალია</territory>
			<territory type="JE" draft="provisional">ჯერსი</territory>
			<territory type="JM">იამაიკა</territory>
			<territory type="JO">იორდანია</territory>
			<territory type="JP">იაპონია</territory>
			<territory type="KE">კენია</territory>
			<territory type="KG">ყირგიზეთი</territory>
			<territory type="KH">კამბოჯა</territory>
			<territory type="KI">კირიბატი</territory>
			<territory type="KM">კომორის კუნძულები</territory>
			<territory type="KN">სენტ-კიტსი და ნევისი</territory>
			<territory type="KP" draft="provisional">ჩრდილოეთი კორეა</territory>
			<territory type="KR" draft="provisional">სამხრეთი კორეა</territory>
			<territory type="KW">კუვეიტი</territory>
			<territory type="KY" draft="provisional">კაიმანის კუნძულები</territory>
			<territory type="KZ">ყაზახეთი</territory>
			<territory type="LA">ლაოსი</territory>
			<territory type="LB">ლიბანი</territory>
			<territory type="LC">სენტ-ლუსია</territory>
			<territory type="LI" draft="provisional">ლიხტენშტაინი</territory>
			<territory type="LK">შრი-ლანკა</territory>
			<territory type="LR">ლიბერია</territory>
			<territory type="LS" draft="provisional">ლესოთო</territory>
			<territory type="LT">ლიტვა</territory>
			<territory type="LU">ლუქსემბურგი</territory>
			<territory type="LV">ლატვია</territory>
			<territory type="LY">ლიბია</territory>
			<territory type="MA">მაროკო</territory>
			<territory type="MC">მონაკო</territory>
			<territory type="MD">მოლდოვა</territory>
			<territory type="ME" draft="provisional">მონტენეგრო</territory>
			<territory type="MG">მადაგასკარი</territory>
			<territory type="MH">მარშალის კუნძულები</territory>
			<territory type="MK">მაკედონია</territory>
			<territory type="ML">მალი</territory>
			<territory type="MM">მიანმარი</territory>
			<territory type="MN">მონღოლეთი</territory>
			<territory type="MO" draft="provisional">მაკაო</territory>
			<territory type="MO" alt="short" draft="provisional">მაკაო</territory>
			<territory type="MQ" draft="provisional">მარტინიკი</territory>
			<territory type="MR">მავრიტანია</territory>
			<territory type="MS" draft="provisional">მონსერატი</territory>
			<territory type="MT">მალტა</territory>
			<territory type="MU">მავრიკია</territory>
			<territory type="MV">მალდივის კუნძულები</territory>
			<territory type="MW">მალავი</territory>
			<territory type="MX">მექსიკა</territory>
			<territory type="MY">მალაიზია</territory>
			<territory type="MZ">მოზამბიკი</territory>
			<territory type="NA">ნამიბია</territory>
			<territory type="NC" draft="provisional">ახალი კალედონია</territory>
			<territory type="NE">ნიგერი</territory>
			<territory type="NF" draft="provisional">ნორფოლკის კუნძული</territory>
			<territory type="NG">ნიგერია</territory>
			<territory type="NI">ნიკარაგუა</territory>
			<territory type="NL">ნიდერლანდები</territory>
			<territory type="NO">ნორვეგია</territory>
			<territory type="NP">ნეპალი</territory>
			<territory type="NR">ნაურუ</territory>
			<territory type="NZ">ახალი ზელანდია</territory>
			<territory type="OM">ომანი</territory>
			<territory type="PA">პანამა</territory>
			<territory type="PE">პერუ</territory>
			<territory type="PF" draft="provisional">ფრანგული პოლინეზია</territory>
			<territory type="PG">პაპუა-ახალი გვინეა</territory>
			<territory type="PH">ფილიპინები</territory>
			<territory type="PK">პაკისტანი</territory>
			<territory type="PL">პოლონეთი</territory>
			<territory type="PM" draft="provisional">სენტ-პიერი და მიქელონი</territory>
			<territory type="PR" draft="provisional">პუერტო რიკო</territory>
			<territory type="PS" draft="provisional">პალესტინის ტერიტორია</territory>
			<territory type="PT">პორტუგალია</territory>
			<territory type="PW">პალაუ</territory>
			<territory type="PY">პარაგვაი</territory>
			<territory type="QA">კატარი</territory>
			<territory type="QO" draft="provisional">დაშორებული ოკეანია</territory>
			<territory type="QU" draft="provisional">ევროკავშირი</territory>
			<territory type="RE" draft="provisional">რეიუნიონი</territory>
			<territory type="RO">რუმინეთი</territory>
			<territory type="RS" draft="provisional">სერბია</territory>
			<territory type="RU">რუსეთი</territory>
			<territory type="RW">რუანდა</territory>
			<territory type="SA">საუდის არაბეთი</territory>
			<territory type="SB">სოლომონის კუნძულები</territory>
			<territory type="SC">სეიშელის კუნძულები</territory>
			<territory type="SD">სუდანი</territory>
			<territory type="SE">შვეცია</territory>
			<territory type="SG">სინგაპური</territory>
			<territory type="SH" draft="provisional">წმინდა ელენეს კუნძული</territory>
			<territory type="SI">სლოვენია</territory>
			<territory type="SK">სლოვაკეთი</territory>
			<territory type="SL">სიერა-ლეონე</territory>
			<territory type="SM">სან-მარინო</territory>
			<territory type="SN">სენეგალი</territory>
			<territory type="SO">სომალი</territory>
			<territory type="SR">სურინამი</territory>
			<territory type="ST">საო-ტომე და პრინსიპი</territory>
			<territory type="SV">სალვადორი</territory>
			<territory type="SY">სირია</territory>
			<territory type="SZ">სვაზილენდი</territory>
			<territory type="TD">ჩადი</territory>
			<territory type="TG">ტოგო</territory>
			<territory type="TH">ტაილანდი</territory>
			<territory type="TJ">ტაჯიკეთი</territory>
			<territory type="TL" draft="provisional">აღმოსავლეთი ტიმორი</territory>
			<territory type="TM">თურქმენეთი</territory>
			<territory type="TN">ტუნისი</territory>
			<territory type="TO">ტონგა</territory>
			<territory type="TR">თურქეთი</territory>
			<territory type="TT">ტრინიდადი და ტობაგო</territory>
			<territory type="TV">ტუვალუ</territory>
			<territory type="TW">ტაივანი</territory>
			<territory type="TZ">ტანზანია</territory>
			<territory type="UA">უკრაინა</territory>
			<territory type="UG">უგანდა</territory>
			<territory type="UM" draft="provisional">შეერთებული შტატების მცირე დაშორებული კუნძულები</territory>
			<territory type="US">ამერიკის შეერთებული შტატები</territory>
			<territory type="UY">ურუგვაი</territory>
			<territory type="UZ" draft="provisional">უზბეკეთი</territory>
			<territory type="VA">ვატიკანი</territory>
			<territory type="VC">სენტ-ვინსენტი და გრენადინები</territory>
			<territory type="VE">ვენესუელა</territory>
			<territory type="VN">ვიეტნამი</territory>
			<territory type="VU">ვანუატუ</territory>
			<territory type="WF" draft="provisional">ვალისი და ფუტუნა</territory>
			<territory type="WS">სამოა</territory>
			<territory type="YE">იემენი</territory>
			<territory type="ZA">სამხრეთ აფრიკა</territory>
			<territory type="ZM">ზამბია</territory>
			<territory type="ZW">ზიმბაბვე</territory>
			<territory type="ZZ" draft="provisional">უცნობი ან არასწორი რეგიონი</territory>
			<territory type="ZZ" alt="proposed-x1001" draft="unconfirmed">უცნობი ან მცდარი რეგიონი</territory>
		</territories>
		<keys>
			<key type="calendar" draft="provisional">კალენდარი</key>
			<key type="collation" draft="provisional">მიმდევრობა</key>
			<key type="currency" draft="provisional">ვალუტა</key>
		</keys>
		<types>
			<type type="big5han" key="collation" draft="provisional">ტრადიციული ჩინური</type>
			<type type="buddhist" key="calendar" draft="provisional">ბუდისტური კალენდარი</type>
			<type type="chinese" key="calendar" draft="provisional">ჩინური კალენდარი</type>
			<type type="direct" key="collation" draft="provisional">პირდაპირი მიმდევრობა</type>
			<type type="gb2312han" key="collation" draft="provisional">გამარტივებული ჩინური</type>
			<type type="gregorian" key="calendar" draft="provisional">გრიგორიანული კალენდარი</type>
			<type type="hebrew" key="calendar" draft="provisional">ებრაული კალენდარი</type>
			<type type="islamic" key="calendar" draft="provisional">ისლამური კალენდარი</type>
			<type type="islamic-civil" key="calendar" draft="provisional">ისლამური სამოქალაქო კალენდარი</type>
			<type type="japanese" key="calendar" draft="provisional">იაპონური კალენდარი</type>
			<type type="traditional" key="collation" draft="provisional">ტრადიციული</type>
		</types>
		<measurementSystemNames>
			<measurementSystemName type="US" draft="provisional">US</measurementSystemName>
			<measurementSystemName type="metric" draft="provisional">Metric</measurementSystemName>
		</measurementSystemNames>
	</localeDisplayNames>
	<characters>
		<exemplarCharacters>[ა ⴀ ბ ⴁ გ ⴂ დ ⴃ ე ⴄ ვ ⴅ ზ ⴆ ჱ ⴡ თ ⴇ ი ⴈ კ ⴉ ლ ⴊ მ ⴋ ნ ⴌ ჲ ⴢ ო ⴍ პ ⴎ ჟ ⴏ რ ⴐ ს ⴑ ტ ⴒ ჳ ⴣ უ ⴓ ფ ⴔ ქ ⴕ ღ ⴖ ყ ⴗ შ ⴘ ჩ ⴙ ც ⴚ ძ ⴛ წ ⴜ ჭ ⴝ ხ ⴞ ჴ ⴤ ჯ ⴟ ჰ ⴠ ჵ ⴥ ჶ-ჺ]</exemplarCharacters>
	</characters>
	<dates>
		<calendars>
			<calendar type="gregorian">
				<months>
					<monthContext type="format">
						<monthWidth type="abbreviated">
							<month type="1" draft="provisional">იან</month>
							<month type="2" draft="provisional">თებ</month>
							<month type="3" draft="provisional">მარ</month>
							<month type="4" draft="provisional">აპრ</month>
							<month type="5" draft="provisional">მაი</month>
							<month type="6" draft="provisional">ივნ</month>
							<month type="7" draft="provisional">ივლ</month>
							<month type="8" draft="provisional">აგვ</month>
							<month type="9" draft="provisional">სექ</month>
							<month type="10" draft="provisional">ოქტ</month>
							<month type="11" draft="provisional">ნოე</month>
							<month type="12" draft="provisional">დეკ</month>
						</monthWidth>
						<monthWidth type="wide">
							<month type="1" draft="provisional">იანვარი</month>
							<month type="2" draft="provisional">თებერვალი</month>
							<month type="3" draft="provisional">მარტი</month>
							<month type="4" draft="provisional">აპრილი</month>
							<month type="5" draft="provisional">მაისი</month>
							<month type="6" draft="provisional">ივნისი</month>
							<month type="7" draft="provisional">ივლისი</month>
							<month type="8" draft="provisional">აგვისტო</month>
							<month type="9" draft="provisional">სექტემბერი</month>
							<month type="10" draft="provisional">ოქტომბერი</month>
							<month type="11" draft="provisional">ნოემბერი</month>
							<month type="12" draft="provisional">დეკემბერი</month>
						</monthWidth>
					</monthContext>
					<monthContext type="stand-alone">
						<monthWidth type="narrow">
							<month type="1" draft="provisional">ი</month>
							<month type="2" draft="provisional">თ</month>
							<month type="3" draft="provisional">მ</month>
							<month type="4" draft="provisional">ა</month>
							<month type="5" draft="provisional">მ</month>
							<month type="6" draft="provisional">ი</month>
							<month type="7" draft="provisional">ი</month>
							<month type="8" draft="provisional">ა</month>
							<month type="9" draft="provisional">ს</month>
							<month type="10" draft="provisional">ო</month>
							<month type="11" draft="provisional">ნ</month>
							<month type="12" draft="provisional">დ</month>
						</monthWidth>
					</monthContext>
				</months>
				<days>
					<dayContext type="format">
						<dayWidth type="abbreviated">
							<day type="sun" draft="provisional">კვი</day>
							<day type="mon" draft="provisional">ორშ</day>
							<day type="tue" draft="provisional">სამ</day>
							<day type="wed" draft="provisional">ოთხ</day>
							<day type="thu" draft="provisional">ხუთ</day>
							<day type="fri" draft="provisional">პარ</day>
							<day type="sat" draft="provisional">შაბ</day>
						</dayWidth>
						<dayWidth type="wide">
							<day type="sun" draft="provisional">კვირა</day>
							<day type="mon" draft="provisional">ორშაბათი</day>
							<day type="tue" draft="provisional">სამშაბათი</day>
							<day type="wed" draft="provisional">ოთხშაბათი</day>
							<day type="thu" draft="provisional">ხუთშაბათი</day>
							<day type="fri" draft="provisional">პარასკევი</day>
							<day type="sat" draft="provisional">შაბათი</day>
						</dayWidth>
					</dayContext>
					<dayContext type="stand-alone">
						<dayWidth type="narrow">
							<day type="sun" draft="provisional">კ</day>
							<day type="mon" draft="provisional">ო</day>
							<day type="tue" draft="provisional">ს</day>
							<day type="wed" draft="provisional">ო</day>
							<day type="thu" draft="provisional">ხ</day>
							<day type="fri" draft="provisional">პ</day>
							<day type="sat" draft="provisional">შ</day>
						</dayWidth>
					</dayContext>
				</days>
				<quarters>
					<quarterContext type="format">
						<quarterWidth type="abbreviated">
							<quarter type="1">I კვ.</quarter>
							<quarter type="2">II კვ.</quarter>
							<quarter type="3">III კვ.</quarter>
							<quarter type="4">IV კვ.</quarter>
						</quarterWidth>
						<quarterWidth type="wide">
							<quarter type="1">1-ლი კვარტალი</quarter>
							<quarter type="1" alt="proposed-x1001" draft="unconfirmed">I კვარტალი</quarter>
							<quarter type="2">მე-2 კვარტალი</quarter>
							<quarter type="2" alt="proposed-x1001" draft="unconfirmed">II კვარტალი</quarter>
							<quarter type="3">მე-3 კვარტალი</quarter>
							<quarter type="3" alt="proposed-x1001" draft="unconfirmed">III კვარტალი</quarter>
							<quarter type="4">მე-4 კვარტალი</quarter>
							<quarter type="4" alt="proposed-x1001" draft="unconfirmed">IV კვარტალი</quarter>
						</quarterWidth>
					</quarterContext>
					<quarterContext type="stand-alone">
						<quarterWidth type="wide">
							<quarter type="1" draft="provisional">I კვარტალი</quarter>
							<quarter type="2" draft="provisional">II კვარტალი</quarter>
							<quarter type="3" draft="provisional">III კვარტალი</quarter>
							<quarter type="4" draft="provisional">IV კვარტალი</quarter>
						</quarterWidth>
					</quarterContext>
				</quarters>
				<am draft="provisional">დილის</am>
				<am alt="proposed-x1001" draft="unconfirmed">შუადღის</am>
				<am alt="proposed-x1002" draft="unconfirmed">AM</am>
				<pm draft="provisional">საღამოს</pm>
				<pm alt="proposed-x1001" draft="unconfirmed">PM</pm>
				<pm alt="proposed-x1002" draft="unconfirmed">ღამის</pm>
				<eras>
					<eraNames>
						<era type="0" draft="provisional">ჩვენს წელთაღრიცხვამდე</era>
						<era type="0" alt="proposed-x1001" draft="unconfirmed">BCE</era>
						<era type="1" draft="provisional">ჩვენი წელთაღრიცხვით</era>
						<era type="1" alt="proposed-x1001" draft="unconfirmed">CE</era>
					</eraNames>
					<eraAbbr>
						<era type="0" draft="provisional">ჩვენს წელთაღრიცხვამდე</era>
						<era type="0" alt="proposed-x1001" draft="unconfirmed">BCE</era>
						<era type="1" draft="provisional">ჩვენი წელთაღრიცხვით</era>
						<era type="1" alt="proposed-x1001" draft="unconfirmed">CE</era>
					</eraAbbr>
					<eraNarrow>
						<era type="0" draft="provisional">ჩვენს წელთაღრიცხვამდე</era>
						<era type="1" draft="provisional">ჩვენი წელთაღრიცხვით</era>
					</eraNarrow>
				</eras>
				<dateFormats>
					<dateFormatLength type="full">
						<dateFormat>
							<pattern draft="unconfirmed">EEEE, yyyy MMMM dd</pattern>
						</dateFormat>
					</dateFormatLength>
					<dateFormatLength type="long">
						<dateFormat>
							<pattern draft="unconfirmed">yyyy MMMM d</pattern>
						</dateFormat>
					</dateFormatLength>
					<dateFormatLength type="medium">
						<dateFormat>
							<pattern draft="unconfirmed">yyyy MMM d</pattern>
						</dateFormat>
					</dateFormatLength>
					<dateFormatLength type="short">
						<dateFormat>
							<pattern draft="unconfirmed">yy/MM/dd</pattern>
						</dateFormat>
					</dateFormatLength>
				</dateFormats>
				<timeFormats>
					<timeFormatLength type="full">
						<timeFormat>
							<pattern draft="provisional">HH:mm:ss v</pattern>
							<pattern alt="proposed-x1001" draft="unconfirmed">სთ:წთ:წმ</pattern>
							<pattern alt="proposed-x1002" draft="unconfirmed">სთ:წთ:წმ დროის სარტყელი</pattern>
						</timeFormat>
					</timeFormatLength>
					<timeFormatLength type="long">
						<timeFormat>
							<pattern draft="provisional">HH:mm:ss z</pattern>
							<pattern alt="proposed-x1001" draft="unconfirmed">სთ:წთ:წმ</pattern>
						</timeFormat>
					</timeFormatLength>
					<timeFormatLength type="medium">
						<timeFormat>
							<pattern draft="provisional">HH:mm:ss</pattern>
							<pattern alt="proposed-x1001" draft="unconfirmed">სთ:წთ:წმ</pattern>
						</timeFormat>
					</timeFormatLength>
					<timeFormatLength type="short">
						<timeFormat>
							<pattern draft="provisional">HH:mm</pattern>
							<pattern alt="proposed-x1001" draft="unconfirmed">სთ:წთ</pattern>
						</timeFormat>
					</timeFormatLength>
				</timeFormats>
				<dateTimeFormats>
					<dateTimeFormatLength>
						<dateTimeFormat>
							<pattern draft="unconfirmed">{1} {0}</pattern>
						</dateTimeFormat>
					</dateTimeFormatLength>
					<availableFormats>
						<dateFormatItem id="HHmm" draft="unconfirmed">HH:mm</dateFormatItem>
						<dateFormatItem id="HHmmss" draft="unconfirmed">HH:mm:ss</dateFormatItem>
						<dateFormatItem id="MMMdd" draft="unconfirmed">dd MMM</dateFormatItem>
						<dateFormatItem id="MMdd" draft="unconfirmed">MM-dd</dateFormatItem>
						<dateFormatItem id="hhmm" draft="unconfirmed">hh:mm a</dateFormatItem>
						<dateFormatItem id="hhmmss" draft="unconfirmed">hh:mm:ss a</dateFormatItem>
						<dateFormatItem id="yyMM" draft="unconfirmed">MM/yy</dateFormatItem>
						<dateFormatItem id="yyMMMEEEd" draft="unconfirmed">EEE, d MMM, yy</dateFormatItem>
						<dateFormatItem id="yyMMMd" draft="unconfirmed">d MMM, yy</dateFormatItem>
						<dateFormatItem id="yyMMdd" draft="unconfirmed">dd/MM/yy</dateFormatItem>
						<dateFormatItem id="yyQ" draft="unconfirmed">Q yy</dateFormatItem>
						<dateFormatItem id="yyQQQQ" draft="unconfirmed">QQQQ yy</dateFormatItem>
					</availableFormats>
				</dateTimeFormats>
				<fields>
					<field type="era">
						<displayName draft="provisional">ხანა</displayName>
					</field>
					<field type="year">
						<displayName draft="provisional">წელი</displayName>
					</field>
					<field type="month">
						<displayName draft="provisional">თვე</displayName>
					</field>
					<field type="week">
						<displayName draft="provisional">კვირა</displayName>
					</field>
					<field type="day">
						<displayName draft="provisional">დღე</displayName>
						<relative type="0" draft="provisional">დღეს</relative>
						<relative type="1" draft="provisional">ხვალ</relative>
						<relative type="2" draft="provisional">ზეგ</relative>
						<relative type="3" draft="provisional">სამი დღის შემდეგ</relative>
						<relative type="-1" draft="provisional">გუშინ</relative>
						<relative type="-2" draft="provisional">გუშინწინ</relative>
						<relative type="-3" draft="provisional">სამი დღის წინ</relative>
					</field>
					<field type="weekday">
						<displayName draft="provisional">კვირის დღე</displayName>
					</field>
					<field type="dayperiod">
						<displayName draft="provisional">დღის პერიოდი</displayName>
					</field>
					<field type="hour">
						<displayName draft="provisional">საათი</displayName>
					</field>
					<field type="minute">
						<displayName draft="provisional">წუთი</displayName>
					</field>
					<field type="second">
						<displayName draft="provisional">წამი</displayName>
					</field>
					<field type="zone">
						<displayName draft="provisional">ზონა</displayName>
					</field>
				</fields>
			</calendar>
		</calendars>
		<timeZoneNames>
			<hourFormat draft="unconfirmed">+HH:mm;-HH:mm</hourFormat>
			<gmtFormat draft="unconfirmed">GMT{0}</gmtFormat>
			<regionFormat draft="unconfirmed">{0}</regionFormat>
			<zone type="Etc/Unknown">
				<exemplarCity draft="provisional">უცნობი</exemplarCity>
			</zone>
			<zone type="America/Antigua">
				<exemplarCity draft="provisional">ანტიგუა და ბარბუდა</exemplarCity>
			</zone>
			<zone type="America/Anguilla">
				<exemplarCity draft="provisional">ანგილა</exemplarCity>
			</zone>
			<zone type="America/Curacao">
				<exemplarCity draft="provisional">ნიდერლანდის ანტილები</exemplarCity>
			</zone>
			<zone type="Africa/Luanda">
				<exemplarCity draft="provisional">ანგოლა</exemplarCity>
			</zone>
			<zone type="Australia/Adelaide">
				<exemplarCity draft="provisional">ავსტრალია (ადელაიდა)</exemplarCity>
			</zone>
			<zone type="America/Aruba">
				<exemplarCity draft="provisional">არუბა</exemplarCity>
			</zone>
			<zone type="America/Barbados">
				<exemplarCity draft="provisional">ბარბადოსი</exemplarCity>
			</zone>
			<zone type="Africa/Ouagadougou">
				<exemplarCity draft="provisional">ბურკინა ფასო</exemplarCity>
			</zone>
			<zone type="Africa/Bujumbura">
				<exemplarCity draft="provisional">ბურუნდი</exemplarCity>
			</zone>
			<zone type="Africa/Porto-Novo">
				<exemplarCity draft="provisional">ბენინი</exemplarCity>
			</zone>
			<zone type="America/La_Paz">
				<exemplarCity draft="provisional">ბოლივია</exemplarCity>
			</zone>
			<zone type="America/Nassau">
				<exemplarCity draft="provisional">ბაჰამის კუნძულები</exemplarCity>
			</zone>
			<zone type="Africa/Gaborone">
				<exemplarCity draft="provisional">ბოტსვანა</exemplarCity>
			</zone>
			<zone type="America/Belize">
				<exemplarCity draft="provisional">ბელიზი</exemplarCity>
			</zone>
			<zone type="Africa/Bangui">
				<exemplarCity draft="provisional">ცენტრალური აფრიკის რესპუბლიკა</exemplarCity>
			</zone>
			<zone type="Africa/Brazzaville">
				<exemplarCity draft="provisional">კონგო - ბრაზავილი</exemplarCity>
			</zone>
			<zone type="Africa/Abidjan">
				<exemplarCity draft="provisional">სპილოს ძვლის სანაპირო</exemplarCity>
			</zone>
			<zone type="Africa/Douala">
				<exemplarCity draft="provisional">კამერუნი</exemplarCity>
			</zone>
			<zone type="America/Bogota">
				<exemplarCity draft="provisional">კოლუმბია</exemplarCity>
			</zone>
			<zone type="America/Costa_Rica">
				<exemplarCity draft="provisional">კოსტა რიკა</exemplarCity>
			</zone>
			<zone type="America/Havana">
				<exemplarCity draft="provisional">კუბა</exemplarCity>
			</zone>
			<zone type="Africa/Djibouti">
				<exemplarCity draft="provisional">ჯიბუტი</exemplarCity>
			</zone>
			<zone type="America/Dominica">
				<exemplarCity draft="provisional">დომინიკა</exemplarCity>
			</zone>
			<zone type="Africa/Algiers">
				<exemplarCity draft="provisional">ალჟირი</exemplarCity>
			</zone>
			<zone type="Africa/Cairo">
				<exemplarCity draft="provisional">ეგვიპტე</exemplarCity>
			</zone>
			<zone type="Africa/El_Aaiun">
				<exemplarCity draft="provisional">დასავლეთი საჰარა</exemplarCity>
			</zone>
			<zone type="Africa/Asmera">
				<exemplarCity draft="provisional">ერითრეა</exemplarCity>
			</zone>
			<zone type="Africa/Addis_Ababa">
				<exemplarCity draft="provisional">ეთიოპია</exemplarCity>
			</zone>
			<zone type="Africa/Libreville">
				<exemplarCity draft="provisional">გაბონი</exemplarCity>
			</zone>
			<zone type="America/Grenada">
				<exemplarCity draft="provisional">გრენადა</exemplarCity>
			</zone>
			<zone type="America/Cayenne">
				<exemplarCity draft="provisional">ფრანგული გუიანა</exemplarCity>
			</zone>
			<zone type="Africa/Accra">
				<exemplarCity draft="provisional">განა</exemplarCity>
			</zone>
			<zone type="Africa/Banjul">
				<exemplarCity draft="provisional">გამბია</exemplarCity>
			</zone>
			<zone type="Africa/Conakry">
				<exemplarCity draft="provisional">გინეა</exemplarCity>
			</zone>
			<zone type="America/Guadeloupe">
				<exemplarCity draft="provisional">გუადელუპე</exemplarCity>
			</zone>
			<zone type="Africa/Malabo">
				<exemplarCity draft="provisional">ეკვატორული გვინეა</exemplarCity>
			</zone>
			<zone type="America/Guatemala">
				<exemplarCity draft="provisional">გუატემალა</exemplarCity>
			</zone>
			<zone type="Africa/Bissau">
				<exemplarCity draft="provisional">გინეა-ბისაუ</exemplarCity>
			</zone>
			<zone type="America/Guyana">
				<exemplarCity draft="provisional">გუიანა</exemplarCity>
			</zone>
			<zone type="America/Jamaica">
				<exemplarCity draft="provisional">იამაიკა</exemplarCity>
			</zone>
			<zone type="Africa/Nairobi">
				<exemplarCity draft="provisional">კენია</exemplarCity>
			</zone>
			<zone type="America/Cayman">
				<exemplarCity draft="provisional">კაიმანის კუნძულები</exemplarCity>
			</zone>
			<zone type="Asia/Almaty">
				<exemplarCity draft="provisional">ყაზახეთი (ალმატი)</exemplarCity>
			</zone>
			<zone type="Africa/Monrovia">
				<exemplarCity draft="provisional">ლიბერია</exemplarCity>
			</zone>
			<zone type="Africa/Maseru">
				<exemplarCity draft="provisional">ლესოთო</exemplarCity>
			</zone>
			<zone type="Africa/Tripoli">
				<exemplarCity draft="provisional">ლიბია</exemplarCity>
			</zone>
			<zone type="Africa/Casablanca">
				<exemplarCity draft="provisional">მაროკო</exemplarCity>
			</zone>
			<zone type="Africa/Bamako">
				<exemplarCity draft="provisional">მალი</exemplarCity>
			</zone>
			<zone type="America/Martinique">
				<exemplarCity draft="provisional">მარტინიკი</exemplarCity>
			</zone>
			<zone type="Africa/Nouakchott">
				<exemplarCity draft="provisional">მავრიტანია</exemplarCity>
			</zone>
			<zone type="America/Montserrat">
				<exemplarCity draft="provisional">მონსერატი</exemplarCity>
			</zone>
			<zone type="Africa/Blantyre">
				<exemplarCity draft="provisional">მალავი</exemplarCity>
			</zone>
			<zone type="Africa/Maputo">
				<exemplarCity draft="provisional">მოზამბიკი</exemplarCity>
			</zone>
			<zone type="Africa/Windhoek">
				<exemplarCity draft="provisional">ნამიბია</exemplarCity>
			</zone>
			<zone type="Africa/Niamey">
				<exemplarCity draft="provisional">ნიგერი</exemplarCity>
			</zone>
			<zone type="Africa/Lagos">
				<exemplarCity draft="provisional">ნიგერია</exemplarCity>
			</zone>
			<zone type="America/Managua">
				<exemplarCity draft="provisional">ნიკარაგუა</exemplarCity>
			</zone>
			<zone type="America/Lima">
				<exemplarCity draft="provisional">პერუ</exemplarCity>
			</zone>
			<zone type="America/Miquelon">
				<exemplarCity draft="provisional">სენტ პიერი და მიკელონი</exemplarCity>
			</zone>
			<zone type="America/Asuncion">
				<exemplarCity draft="provisional">პარაგვაი</exemplarCity>
			</zone>
			<zone type="Africa/Kigali">
				<exemplarCity draft="provisional">რუანდა</exemplarCity>
			</zone>
			<zone type="Africa/Khartoum">
				<exemplarCity draft="provisional">სუდანი</exemplarCity>
			</zone>
			<zone type="Africa/Freetown">
				<exemplarCity draft="provisional">სიერა ლეონე</exemplarCity>
			</zone>
			<zone type="Africa/Dakar">
				<exemplarCity draft="provisional">სენეგალი</exemplarCity>
			</zone>
			<zone type="Africa/Mogadishu">
				<exemplarCity draft="provisional">სომალია</exemplarCity>
			</zone>
			<zone type="Africa/Sao_Tome">
				<exemplarCity draft="provisional">საო ტომე და პრინსიპე</exemplarCity>
			</zone>
			<zone type="America/El_Salvador">
				<exemplarCity draft="provisional">ელ სალვადორი</exemplarCity>
			</zone>
			<zone type="Africa/Mbabane">
				<exemplarCity draft="provisional">სვაზილენდი</exemplarCity>
			</zone>
			<zone type="America/Grand_Turk">
				<exemplarCity draft="provisional">ტერკის და კაიკოს კუნძულები</exemplarCity>
			</zone>
			<zone type="Africa/Ndjamena">
				<exemplarCity draft="provisional">ჩადი</exemplarCity>
			</zone>
			<zone type="Africa/Lome">
				<exemplarCity draft="provisional">ტოგო</exemplarCity>
			</zone>
			<zone type="Africa/Tunis">
				<exemplarCity draft="provisional">ტუნისი</exemplarCity>
			</zone>
			<zone type="Africa/Dar_es_Salaam">
				<exemplarCity draft="provisional">ტანზანია</exemplarCity>
			</zone>
			<zone type="Africa/Kampala">
				<exemplarCity draft="provisional">უგანდა</exemplarCity>
			</zone>
			<zone type="America/Adak">
				<exemplarCity draft="provisional">ამერიკის შეერთებული შტატები (ადაკი)</exemplarCity>
			</zone>
			<zone type="America/Montevideo">
				<exemplarCity draft="provisional">ურუგვაი</exemplarCity>
			</zone>
			<zone type="America/Caracas">
				<exemplarCity draft="provisional">ვენესუელა</exemplarCity>
			</zone>
			<zone type="Africa/Johannesburg">
				<exemplarCity draft="provisional">სამხრეთი აფრიკა</exemplarCity>
			</zone>
			<zone type="Africa/Lusaka">
				<exemplarCity draft="provisional">ზამბია</exemplarCity>
			</zone>
			<zone type="Africa/Harare">
				<exemplarCity draft="provisional">ზიმბაბვე</exemplarCity>
			</zone>
		</timeZoneNames>
	</dates>
	<numbers>
		<symbols>
			<decimal draft="provisional">,</decimal>
			<group draft="provisional">.</group>
			<group alt="proposed-x1001" draft="unconfirmed"> </group>
		</symbols>
		<decimalFormats>
			<decimalFormatLength>
				<decimalFormat>
					<pattern draft="provisional">#,##0.###</pattern>
				</decimalFormat>
			</decimalFormatLength>
		</decimalFormats>
		<percentFormats>
			<percentFormatLength>
				<percentFormat>
					<pattern draft="provisional">#,##0%</pattern>
				</percentFormat>
			</percentFormatLength>
		</percentFormats>
		<currencyFormats>
			<currencyFormatLength>
				<currencyFormat>
					<pattern draft="provisional">¤ #,##0.00</pattern>
				</currencyFormat>
			</currencyFormatLength>
		</currencyFormats>
		<currencies>
			<currency type="ADP">
				<displayName draft="provisional">ანდორული პესეტა</displayName>
			</currency>
			<currency type="AED">
				<displayName draft="provisional">გაერთიანებული არაბული საემიროების დირჰემი</displayName>
			</currency>
			<currency type="AFA">
				<displayName draft="provisional">ავღანი (1927-2002)</displayName>
			</currency>
			<currency type="AFN">
				<displayName draft="provisional">ავღანი</displayName>
			</currency>
			<currency type="ALL">
				<displayName draft="provisional">ალბანური ლეკი</displayName>
			</currency>
			<currency type="AMD">
				<displayName draft="provisional">სომხური დრამი</displayName>
			</currency>
			<currency type="ANG">
				<displayName draft="provisional">ნიდრელანდების ანტილიის გულდენი</displayName>
			</currency>
			<currency type="AOA">
				<displayName draft="provisional">ანგოლური კვანზა</displayName>
			</currency>
			<currency type="AOK">
				<displayName draft="provisional">ანგოლური კვანზა (1977-1990)</displayName>
			</currency>
			<currency type="AON">
				<displayName draft="provisional">ანგოლური ახალი კვანზა (1990-2000)</displayName>
			</currency>
			<currency type="AOR">
				<displayName draft="provisional">ანგოლური მიტოლებული კვანზა (1995-1999)</displayName>
			</currency>
			<currency type="ARA">
				<displayName draft="provisional">არგენტინული აუსტრალი</displayName>
			</currency>
			<currency type="ARP">
				<displayName draft="provisional">არგენტინული პესო (1983-1985)</displayName>
			</currency>
			<currency type="ARS">
				<displayName draft="provisional">არგენტინული პესო</displayName>
			</currency>
			<currency type="ATS">
				<displayName draft="provisional">ავსტრიული შილინგი</displayName>
			</currency>
			<currency type="AUD">
				<displayName draft="provisional">ავსტრალიური დოლარი</displayName>
			</currency>
			<currency type="AWG">
				<displayName draft="provisional">არუბანული გულდენი</displayName>
			</currency>
			<currency type="AZM">
				<displayName draft="provisional">აზერბაიჯანული მანათი (1993-2006)</displayName>
				<displayName alt="proposed-x1001" draft="unconfirmed">აზერბაიჯანული მანათი</displayName>
			</currency>
			<currency type="AZN">
				<displayName draft="provisional">აზერბაიჯანული მანათი</displayName>
			</currency>
			<currency type="BAD">
				<displayName draft="provisional">ბოსნია-ჰერცოგოვინას დინარი</displayName>
			</currency>
			<currency type="BAM">
				<displayName draft="provisional">ბოსნია-ჰერცოგოვინას კონვერტირებადი მარკა</displayName>
			</currency>
			<currency type="BBD">
				<displayName draft="provisional">ბარბადოსული დოლარი</displayName>
			</currency>
			<currency type="BDT">
				<displayName draft="provisional">ბანგლადეშური ტაკა</displayName>
			</currency>
			<currency type="BEC">
				<displayName draft="provisional">ბელგიური ფრანკი (კოვერტირებადი)</displayName>
			</currency>
			<currency type="BEF">
				<displayName draft="provisional">ბელგიური ფრანკი</displayName>
			</currency>
			<currency type="BEL">
				<displayName draft="provisional">ბელგიური ფრანკი (ფინანსური)</displayName>
			</currency>
			<currency type="BGL">
				<displayName draft="provisional">ბულგარული მყარი ლევი</displayName>
			</currency>
			<currency type="BGN">
				<displayName draft="provisional">ბულგარული ახალი ლევი</displayName>
			</currency>
			<currency type="BHD">
				<displayName draft="provisional">ბაჰრეინული დინარი</displayName>
			</currency>
			<currency type="BIF">
				<displayName draft="provisional">ბურუნდიული ფრანკი</displayName>
			</currency>
			<currency type="BMD">
				<displayName draft="provisional">ბერმუდული დინარი</displayName>
			</currency>
			<currency type="BND">
				<displayName draft="provisional">ბრუნეული დოლარი</displayName>
			</currency>
			<currency type="BOB">
				<displayName draft="provisional">ბოლივიანო</displayName>
			</currency>
			<currency type="BOP">
				<displayName draft="provisional">ბოლივიური პესო</displayName>
			</currency>
			<currency type="BRB">
				<displayName draft="provisional">ბრაზილიური კრუზეირო ნოვო (1967-1986)</displayName>
			</currency>
			<currency type="BRC">
				<displayName draft="provisional">ბრაზილიური კრუზადო</displayName>
			</currency>
			<currency type="BRE">
				<displayName draft="provisional">ბრაზილიური კრუზეირო (1990-1993)</displayName>
			</currency>
			<currency type="BRL">
				<displayName draft="provisional">ბრაზილიური რეალი</displayName>
			</currency>
			<currency type="BRN">
				<displayName draft="provisional">ბრაზილიური კრუზადო ნოვო</displayName>
			</currency>
			<currency type="BRR">
				<displayName draft="provisional">ბრაზილიური კრუზეირო</displayName>
			</currency>
			<currency type="BSD">
				<displayName draft="provisional">ბაჰამური დოლარი</displayName>
			</currency>
			<currency type="BWP">
				<displayName draft="provisional">ბოტსვანიური პულა</displayName>
			</currency>
			<currency type="BYB">
				<displayName draft="provisional">ახალი ბელარუსიული რუბლი (1994-1999)</displayName>
			</currency>
			<currency type="BYR">
				<displayName draft="provisional">ბელარუსიული რუბლი</displayName>
			</currency>
			<currency type="CAD">
				<displayName draft="provisional">კანადური დოლარი</displayName>
			</currency>
			<currency type="CHF">
				<displayName draft="provisional">შვეიცარიული ფრანკი</displayName>
			</currency>
			<currency type="CNY">
				<displayName draft="provisional">ჩინური უანი</displayName>
			</currency>
			<currency type="CRC">
				<displayName draft="provisional">კოსტა რიკული კოლონი</displayName>
			</currency>
			<currency type="CSD">
				<displayName draft="provisional">ძველი სერბიული დინარი</displayName>
			</currency>
			<currency type="CSK">
				<displayName draft="provisional">ჩეხოსლოვაკიის მყარი კრონა</displayName>
			</currency>
			<currency type="CUP">
				<displayName draft="provisional">კუბური პესო</displayName>
			</currency>
			<currency type="CVE">
				<displayName draft="provisional">კაბო ვერდეს ესკუდო</displayName>
			</currency>
			<currency type="CYP">
				<displayName draft="provisional">კვიპროსის გირვანქა</displayName>
			</currency>
			<currency type="CZK">
				<displayName draft="provisional">ჩეხური კრონა</displayName>
			</currency>
			<currency type="DDM">
				<displayName draft="provisional">აღმოსავლეთ გერმანული მარკა</displayName>
			</currency>
			<currency type="DEM">
				<displayName draft="provisional">გერმანული მარკა</displayName>
			</currency>
			<currency type="DJF">
				<displayName draft="provisional">ჯიბუტის ფრანკი</displayName>
			</currency>
			<currency type="DKK">
				<displayName draft="provisional">დანიური კრონა</displayName>
			</currency>
			<currency type="DOP">
				<displayName draft="provisional">დომინიკური პესო</displayName>
			</currency>
			<currency type="DZD">
				<displayName draft="provisional">ალჟირიული დინარი</displayName>
			</currency>
			<currency type="EEK">
				<displayName draft="provisional">ესტონური კრუნა</displayName>
			</currency>
			<currency type="EGP">
				<displayName draft="provisional">ეგვიპტური გირვანქა</displayName>
			</currency>
			<currency type="ESP">
				<displayName draft="provisional">ესპანური პესეტა</displayName>
			</currency>
			<currency type="EUR">
				<displayName draft="provisional">ევრო</displayName>
			</currency>
			<currency type="FIM">
				<displayName draft="provisional">ფინური მარკა</displayName>
			</currency>
			<currency type="FJD">
				<displayName draft="provisional">ფიჯი დოლარი</displayName>
			</currency>
			<currency type="FRF">
				<displayName draft="provisional">ფრანგული ფრანკი</displayName>
			</currency>
			<currency type="GBP">
				<displayName draft="provisional">ინგლისური გირვანქა სტერლინგი</displayName>
			</currency>
			<currency type="GEK">
				<displayName draft="provisional">ქართული კუპონი ლარით</displayName>
			</currency>
			<currency type="GEL">
				<displayName draft="provisional">ქართული ლარი</displayName>
				<symbol draft="provisional">GEL</symbol>
			</currency>
			<currency type="GRD">
				<displayName draft="provisional">ბერძნული დრაჰმა</displayName>
			</currency>
			<currency type="GWE">
				<displayName draft="provisional">პორტუგალიური გინეა ესკუდო</displayName>
			</currency>
			<currency type="HKD">
				<displayName draft="provisional">ჰონგ კონგის დოლარი</displayName>
			</currency>
			<currency type="HNL">
				<displayName draft="provisional">ჰონდურასის ლემპირა</displayName>
			</currency>
			<currency type="HRD">
				<displayName draft="provisional">ხორვატიული დინარი</displayName>
			</currency>
			<currency type="HRK">
				<displayName draft="provisional">ხორვატიული კუნა</displayName>
			</currency>
			<currency type="HUF">
				<displayName draft="provisional">უნგრული ფორინტი</displayName>
			</currency>
			<currency type="IDR">
				<displayName draft="provisional">ინდონეზიური რუპია</displayName>
			</currency>
			<currency type="IEP">
				<displayName draft="provisional">ირლანდიური გირვანქა</displayName>
			</currency>
			<currency type="INR">
				<displayName draft="provisional">ინდური რუპია</displayName>
			</currency>
			<currency type="ISK">
				<displayName draft="provisional">ისლანდიური კრონა</displayName>
			</currency>
			<currency type="ITL">
				<displayName draft="provisional">იტალიური ლირა</displayName>
			</currency>
			<currency type="JMD">
				<displayName draft="provisional">იამაიკური დოლარი</displayName>
			</currency>
			<currency type="JOD">
				<displayName draft="provisional">იორდანიული დოლარი</displayName>
			</currency>
			<currency type="JPY">
				<displayName draft="provisional">იაპონური იენი</displayName>
			</currency>
			<currency type="KES">
				<displayName draft="provisional">კენიური შილინგი</displayName>
			</currency>
			<currency type="KGS">
				<displayName draft="provisional">ყირღიზული სომი</displayName>
			</currency>
			<currency type="KPW">
				<displayName draft="provisional">ჩრდილოეთ კორეული ვონი</displayName>
			</currency>
			<currency type="KRW">
				<displayName draft="provisional">სამხრეთ კორეული ვონი</displayName>
			</currency>
			<currency type="KWD">
				<displayName draft="provisional">კუვეიტური დინარი</displayName>
			</currency>
			<currency type="KYD">
				<displayName draft="provisional">კაიმანის კუნძულების დოლარი</displayName>
			</currency>
			<currency type="KZT">
				<displayName draft="provisional">ყაზახური ტენგე</displayName>
			</currency>
			<currency type="LKR">
				<displayName draft="provisional">შრი ლანკის რუპია</displayName>
			</currency>
			<currency type="LRD">
				<displayName draft="provisional">ლიბერიული დოლარი</displayName>
			</currency>
			<currency type="LSM">
				<displayName draft="provisional">მალოტი</displayName>
			</currency>
			<currency type="LTL">
				<displayName draft="provisional">ლიტვური ლიტა</displayName>
			</currency>
			<currency type="LTT">
				<displayName draft="provisional">ლიტვური ტალონი</displayName>
			</currency>
			<currency type="LUC">
				<displayName draft="provisional">ლუქსემბურგის კონვერტირებადი ფრანკი</displayName>
			</currency>
			<currency type="LUF">
				<displayName draft="provisional">ლუქსემბურგის ფრანკი</displayName>
			</currency>
			<currency type="LUL">
				<displayName draft="provisional">ლუქსემბურგის ფინანსური ფრანკი</displayName>
			</currency>
			<currency type="LVL">
				<displayName draft="provisional">ლატვიური ლატი</displayName>
			</currency>
			<currency type="LVR">
				<displayName draft="provisional">ლატვიური რუბლი</displayName>
			</currency>
			<currency type="LYD">
				<displayName draft="provisional">ლიბიური დინარი</displayName>
			</currency>
			<currency type="MAD">
				<displayName draft="provisional">მაროკოს დირჰამი</displayName>
			</currency>
			<currency type="MAF">
				<displayName draft="provisional">მაროკოს ფრანკი</displayName>
			</currency>
			<currency type="MDL">
				<displayName draft="provisional">მოლდოვური ლეუ</displayName>
			</currency>
			<currency type="MGA">
				<displayName draft="provisional">მადაგასკარის არიარი</displayName>
			</currency>
			<currency type="MGF">
				<displayName draft="provisional">მადაგასკარის ფრანკი</displayName>
			</currency>
			<currency type="MKD">
				<displayName draft="provisional">მაკედონიური დენარი</displayName>
			</currency>
			<currency type="MLF">
				<displayName draft="provisional">მალის ფრანკი</displayName>
			</currency>
			<currency type="MMK">
				<displayName draft="provisional">მიანმარის კიატი</displayName>
			</currency>
			<currency type="MNT">
				<displayName draft="provisional">მონღოლური ტუგრიკი</displayName>
			</currency>
			<currency type="MTL">
				<displayName draft="provisional">მალტის ლირა</displayName>
			</currency>
			<currency type="MTP">
				<displayName draft="provisional">მალტის გირვანქა</displayName>
			</currency>
			<currency type="MUR">
				<displayName draft="provisional">მავრიტანული რუპია</displayName>
			</currency>
			<currency type="MVR">
				<displayName draft="provisional">მალდივური რუფია</displayName>
			</currency>
			<currency type="MWK">
				<displayName draft="provisional">მალავის კვანჩა</displayName>
			</currency>
			<currency type="MXN">
				<displayName draft="provisional">მექსიკური პესო</displayName>
			</currency>
			<currency type="MXP">
				<displayName draft="provisional">მექსიკური ვერცხლის პესო (1861-1992)</displayName>
			</currency>
			<currency type="MYR">
				<displayName draft="provisional">მალაიზიური რინგიტი</displayName>
			</currency>
			<currency type="MZE">
				<displayName draft="provisional">მოზამბიკური ესკუდო</displayName>
			</currency>
			<currency type="MZM">
				<displayName draft="provisional">ძველი მოზამბიკური მეტიკალი</displayName>
			</currency>
			<currency type="MZN">
				<displayName draft="provisional">მოზამბიკური მეტიკალი</displayName>
			</currency>
			<currency type="NAD">
				<displayName draft="provisional">ნამიბიური დოლარი</displayName>
			</currency>
			<currency type="NGN">
				<displayName draft="provisional">ნიგერიული ნაირა</displayName>
			</currency>
			<currency type="NIC">
				<displayName draft="provisional">ნიკარაგუას კორდობა</displayName>
			</currency>
			<currency type="NIO">
				<displayName draft="provisional">ნიკარაგუას ოქროს კორდობა</displayName>
			</currency>
			<currency type="NLG">
				<displayName draft="provisional">ჰოლანდიური გულდენი</displayName>
			</currency>
			<currency type="NOK">
				<displayName draft="provisional">ნორვეგიული კრონა</displayName>
			</currency>
			<currency type="NPR">
				<displayName draft="provisional">ნეპალური რუპია</displayName>
			</currency>
			<currency type="NZD">
				<displayName draft="provisional">ახალი ზელანდიის დოლარი</displayName>
			</currency>
			<currency type="OMR">
				<displayName draft="provisional">ომანის რეალი</displayName>
			</currency>
			<currency type="PEI">
				<displayName draft="provisional">პერუს ინტი</displayName>
			</currency>
			<currency type="PEN">
				<displayName draft="provisional">პერუს ახალი სოლი</displayName>
			</currency>
			<currency type="PES">
				<displayName draft="provisional">პერუს სოლი</displayName>
			</currency>
			<currency type="PHP">
				<displayName draft="provisional">ფილიპინური პესო</displayName>
			</currency>
			<currency type="PKR">
				<displayName draft="provisional">პაკისტანური რუპია</displayName>
			</currency>
			<currency type="PLN">
				<displayName draft="provisional">პოლონური ზლოტი</displayName>
			</currency>
			<currency type="PLZ">
				<displayName draft="provisional">პოლონური ზლოტი (1950-1995)</displayName>
			</currency>
			<currency type="PTE">
				<displayName draft="provisional">პორტუგალიური ესკუდო</displayName>
			</currency>
			<currency type="QAR">
				<displayName draft="provisional">კატარის რიალი</displayName>
			</currency>
			<currency type="RHD">
				<displayName draft="provisional">როდეზიული დოლარი</displayName>
			</currency>
			<currency type="ROL">
				<displayName draft="provisional">ძველი რუმინული ლეუ</displayName>
			</currency>
			<currency type="RON">
				<displayName draft="provisional">რუმინული ლეუ</displayName>
			</currency>
			<currency type="RUB">
				<displayName draft="provisional">რუსული რუბლი</displayName>
			</currency>
			<currency type="RUR">
				<displayName draft="provisional">რუსული რუბლი (1991-1998)</displayName>
			</currency>
			<currency type="RWF">
				<displayName draft="provisional">რუანდული ფრანკი</displayName>
			</currency>
			<currency type="SCR">
				<displayName draft="provisional">სეიშელის რუპია</displayName>
			</currency>
			<currency type="SDD">
				<displayName draft="provisional">სუდანის დინარი</displayName>
			</currency>
			<currency type="SDP">
				<displayName draft="provisional">სუდანის გირვანქა</displayName>
			</currency>
			<currency type="SEK">
				<displayName draft="provisional">შვედური კრონა</displayName>
			</currency>
			<currency type="SGD">
				<displayName draft="provisional">სინგაპურის დოლარი</displayName>
			</currency>
			<currency type="SLL">
				<displayName draft="provisional">სიერა ლეონეს ლეონე</displayName>
			</currency>
			<currency type="SRD">
				<displayName draft="provisional">სურინამის დოლარი</displayName>
			</currency>
			<currency type="SRG">
				<displayName draft="provisional">სურინამის გულდენი</displayName>
			</currency>
			<currency type="SUR">
				<displayName draft="provisional">საბჭოთა რუბლი</displayName>
			</currency>
			<currency type="SYP">
				<displayName draft="provisional">სირიული გირვანქა</displayName>
			</currency>
			<currency type="TJR">
				<displayName draft="provisional">ტაჯიკური რუბლი</displayName>
			</currency>
			<currency type="TJS">
				<displayName draft="provisional">ტაჯიკური სომონი</displayName>
			</currency>
			<currency type="TMM">
				<displayName draft="provisional">თურქმენული მანათი</displayName>
			</currency>
			<currency type="TND">
				<displayName draft="provisional">ტუნისიური დინარი</displayName>
			</currency>
			<currency type="TRL">
				<displayName draft="provisional">თურქული ლირა</displayName>
			</currency>
			<currency type="TRY">
				<displayName draft="provisional">ახალი თურქული ლირა</displayName>
			</currency>
			<currency type="TTD">
				<displayName draft="provisional">ტრინიდად და ტობაგოს დოლარი</displayName>
			</currency>
			<currency type="TWD">
				<displayName draft="provisional">ტაივანური ახალი დოლარი</displayName>
			</currency>
			<currency type="TZS">
				<displayName draft="provisional">ტანზანიური შილინგი</displayName>
			</currency>
			<currency type="UAH">
				<displayName draft="provisional">უკრაინული გრივნა</displayName>
			</currency>
			<currency type="UAK">
				<displayName draft="provisional">უკრაინული კარბოვანეცი</displayName>
			</currency>
			<currency type="UGS">
				<displayName draft="provisional">უგანდური შილინგი (1966-1987)</displayName>
			</currency>
			<currency type="UGX">
				<displayName draft="provisional">უგანდური შილინგი</displayName>
			</currency>
			<currency type="USD">
				<displayName draft="provisional">აშშ დოლარი</displayName>
			</currency>
			<currency type="USN">
				<displayName draft="provisional">აშშ დოლარი (შემდეგი დღე)</displayName>
			</currency>
			<currency type="USS">
				<displayName draft="provisional">აშშ დოლარი (იგივე დღე)</displayName>
			</currency>
			<currency type="UYP">
				<displayName draft="provisional">ურუგვაის პესო (1975-1993)</displayName>
			</currency>
			<currency type="UYU">
				<displayName draft="provisional">ურუგვაის პესო ურუგვაიო</displayName>
			</currency>
			<currency type="UZS">
				<displayName draft="provisional">უზბეკური სუმი</displayName>
			</currency>
			<currency type="VEB">
				<displayName draft="provisional">ვენესუელის ბოლივარი</displayName>
			</currency>
			<currency type="VND">
				<displayName draft="provisional">ვიეტნამური დონგი</displayName>
			</currency>
			<currency type="VUV">
				<displayName draft="provisional">ვანატუს ვატუ</displayName>
			</currency>
			<currency type="WST">
				<displayName draft="provisional">დასავლეთ სამოას ტალა</displayName>
			</currency>
			<currency type="XAG">
				<displayName draft="provisional">ვერცხლი</displayName>
			</currency>
			<currency type="XBA">
				<displayName draft="provisional">ევროპული კომპპოზიტური ერთეული</displayName>
			</currency>
			<currency type="XBB">
				<displayName draft="provisional">ევროპული ფულადი ერთეული</displayName>
			</currency>
			<currency type="XCD">
				<displayName draft="provisional">აღმოსავლეთ კარიბიული დოლარი</displayName>
			</currency>
			<currency type="XEU">
				<displayName draft="provisional">ევროპული სავალუტო ერთეული</displayName>
			</currency>
			<currency type="XFO">
				<displayName draft="provisional">ფრანგული ოქროს ფრანკი</displayName>
			</currency>
			<currency type="XXX">
				<displayName draft="provisional">უცნობი ან არასწორი ვალუტა</displayName>
				<symbol draft="provisional">XXX</symbol>
			</currency>
			<currency type="YDD">
				<displayName draft="provisional">იემენის დინარი</displayName>
			</currency>
			<currency type="YER">
				<displayName draft="provisional">იემენის რეალი</displayName>
			</currency>
			<currency type="YUD">
				<displayName draft="provisional">იუგოსლავიური მყარი დინარი</displayName>
			</currency>
			<currency type="YUM">
				<displayName draft="provisional">იუგოსლავიური ახალი დინარი</displayName>
			</currency>
			<currency type="YUN">
				<displayName draft="provisional">იუგოსლავიური კონვერტირებადი დინარი</displayName>
			</currency>
			<currency type="ZMK">
				<displayName draft="provisional">ზამბიური კვანჩა</displayName>
			</currency>
			<currency type="ZRN">
				<displayName draft="provisional">ზაირის ახალი ზაირი</displayName>
			</currency>
			<currency type="ZRZ">
				<displayName draft="provisional">ზაირის ზაირი</displayName>
			</currency>
			<currency type="ZWD">
				<displayName draft="provisional">ზიმბაბვეს დოლარი</displayName>
			</currency>
		</currencies>
	</numbers>
	<posix>
		<messages>
			<yesstr draft="provisional">დიახ</yesstr>
			<nostr draft="provisional">არა</nostr>
		</messages>
	</posix>
</ldml>

