<?xml version="1.0" encoding="UTF-8" ?>
<!DOCTYPE ldml SYSTEM "http://www.unicode.org/cldr/dtd/1.5/ldml.dtd">
<ldml>
	<identity>
		<version number="$Revision: 1.17 $"/>
		<generation date="$Date: 2007/07/19 22:31:39 $"/>
		<language type="kaj"/>
	</identity>
	<characters>
		<exemplarCharacters draft="unconfirmed">[a-z]</exemplarCharacters>
	</characters>
	<dates>
		<calendars>
			<calendar type="gregorian">
				<months>
					<monthContext type="format">
						<monthWidth type="abbreviated">
							<month type="1" draft="unconfirmed">A̱yr</month>
							<month type="2" draft="unconfirmed">A̱hw</month>
							<month type="3" draft="unconfirmed">A̱ta</month>
							<month type="4" draft="unconfirmed">A̱na</month>
							<month type="5" draft="unconfirmed">A̱pf</month>
							<month type="6" draft="unconfirmed">A̱ki</month>
							<month type="7" draft="unconfirmed">A̱ty</month>
							<month type="8" draft="unconfirmed">A̱ni</month>
							<month type="9" draft="unconfirmed">A̱ku</month>
							<month type="10" draft="unconfirmed">Swa</month>
							<month type="11" draft="unconfirmed">Sby</month>
							<month type="12" draft="unconfirmed">Sbh</month>
						</monthWidth>
						<monthWidth type="wide">
							<month type="1" draft="unconfirmed">Hywan A̱yrnig</month>
							<month type="2" draft="unconfirmed">Hywan A̱hwa</month>
							<month type="3" draft="unconfirmed">Hywan A̱tat</month>
							<month type="4" draft="unconfirmed">Hywan A̱naai</month>
							<month type="5" draft="unconfirmed">Hywan A̱pfwon</month>
							<month type="6" draft="unconfirmed">Hywan A̱kitat</month>
							<month type="7" draft="unconfirmed">Hywan A̱tyirin</month>
							<month type="8" draft="unconfirmed">Hywan A̱ninai</month>
							<month type="9" draft="unconfirmed">Hywan A̱kumviriyin</month>
							<month type="10" draft="unconfirmed">Hywan Swak</month>
							<month type="11" draft="unconfirmed">Hywan Swak B'a̱yrnig</month>
							<month type="12" draft="unconfirmed">Hywan Swak B'a̱hwa</month>
						</monthWidth>
					</monthContext>
					<monthContext type="stand-alone">
						<monthWidth type="narrow">
							<month type="1" draft="unconfirmed">1</month>
							<month type="2" draft="unconfirmed">2</month>
							<month type="3" draft="unconfirmed">3</month>
							<month type="4" draft="unconfirmed">4</month>
							<month type="5" draft="unconfirmed">5</month>
							<month type="6" draft="unconfirmed">6</month>
							<month type="7" draft="unconfirmed">7</month>
							<month type="8" draft="unconfirmed">8</month>
							<month type="9" draft="unconfirmed">9</month>
							<month type="10" draft="unconfirmed">10</month>
							<month type="11" draft="unconfirmed">11</month>
							<month type="12" draft="unconfirmed">12</month>
						</monthWidth>
					</monthContext>
				</months>
				<days>
					<dayContext type="format">
						<dayWidth type="abbreviated">
							<day type="sun" draft="unconfirmed">Lad</day>
							<day type="mon" draft="unconfirmed">Lin</day>
							<day type="tue" draft="unconfirmed">Tal</day>
							<day type="wed" draft="unconfirmed">Lar</day>
							<day type="thu" draft="unconfirmed">Lam</day>
							<day type="fri" draft="unconfirmed">Jum</day>
							<day type="sat" draft="unconfirmed">Asa</day>
						</dayWidth>
						<dayWidth type="wide">
							<day type="sun" draft="unconfirmed">Ladi</day>
							<day type="mon" draft="unconfirmed">Lintani</day>
							<day type="tue" draft="unconfirmed">Talata</day>
							<day type="wed" draft="unconfirmed">Larba</day>
							<day type="thu" draft="unconfirmed">Lamit</day>
							<day type="fri" draft="unconfirmed">Juma</day>
							<day type="sat" draft="unconfirmed">Asabar</day>
						</dayWidth>
					</dayContext>
					<dayContext type="stand-alone">
						<dayWidth type="narrow">
							<day type="sun" draft="unconfirmed">1</day>
							<day type="mon" draft="unconfirmed">2</day>
							<day type="tue" draft="unconfirmed">3</day>
							<day type="wed" draft="unconfirmed">4</day>
							<day type="thu" draft="unconfirmed">5</day>
							<day type="fri" draft="unconfirmed">6</day>
							<day type="sat" draft="unconfirmed">7</day>
						</dayWidth>
					</dayContext>
				</days>
				<quarters>
					<quarterContext type="format">
						<quarterWidth type="abbreviated">
							<quarter type="1" draft="unconfirmed">Q1</quarter>
							<quarter type="2" draft="unconfirmed">Q2</quarter>
							<quarter type="3" draft="unconfirmed">Q3</quarter>
							<quarter type="4" draft="unconfirmed">Q4</quarter>
						</quarterWidth>
						<quarterWidth type="wide">
							<quarter type="1" draft="unconfirmed">Q1</quarter>
							<quarter type="2" draft="unconfirmed">Q2</quarter>
							<quarter type="3" draft="unconfirmed">Q3</quarter>
							<quarter type="4" draft="unconfirmed">Q4</quarter>
						</quarterWidth>
					</quarterContext>
				</quarters>
				<am draft="unconfirmed">A.M.</am>
				<pm draft="unconfirmed">P.M.</pm>
				<eras>
					<eraNames>
						<era type="0" draft="unconfirmed">Gabanin Miladi</era>
						<era type="1" draft="unconfirmed">Miladi</era>
					</eraNames>
					<eraAbbr>
						<era type="0" draft="unconfirmed">G.M.</era>
						<era type="1" draft="unconfirmed">M.</era>
					</eraAbbr>
				</eras>
				<dateFormats>
					<dateFormatLength type="full">
						<dateFormat>
							<pattern draft="unconfirmed">EEEE, yyyy MMMM dd</pattern>
						</dateFormat>
					</dateFormatLength>
					<dateFormatLength type="long">
						<dateFormat>
							<pattern draft="unconfirmed">yyyy MMMM d</pattern>
						</dateFormat>
					</dateFormatLength>
					<dateFormatLength type="medium">
						<dateFormat>
							<pattern draft="unconfirmed">yyyy MMM d</pattern>
						</dateFormat>
					</dateFormatLength>
					<dateFormatLength type="short">
						<dateFormat>
							<pattern draft="unconfirmed">yy/MM/dd</pattern>
						</dateFormat>
					</dateFormatLength>
				</dateFormats>
				<timeFormats>
					<timeFormatLength type="full">
						<timeFormat>
							<pattern draft="unconfirmed">HH:mm:ss v</pattern>
						</timeFormat>
					</timeFormatLength>
					<timeFormatLength type="long">
						<timeFormat>
							<pattern draft="unconfirmed">HH:mm:ss z</pattern>
						</timeFormat>
					</timeFormatLength>
					<timeFormatLength type="medium">
						<timeFormat>
							<pattern draft="unconfirmed">HH:mm:ss</pattern>
						</timeFormat>
					</timeFormatLength>
					<timeFormatLength type="short">
						<timeFormat>
							<pattern draft="unconfirmed">HH:mm</pattern>
						</timeFormat>
					</timeFormatLength>
				</timeFormats>
				<dateTimeFormats>
					<dateTimeFormatLength>
						<dateTimeFormat>
							<pattern draft="unconfirmed">{1} {0}</pattern>
						</dateTimeFormat>
					</dateTimeFormatLength>
					<availableFormats>
						<dateFormatItem id="yyQ" draft="unconfirmed">Q yy</dateFormatItem>
					</availableFormats>
				</dateTimeFormats>
			</calendar>
		</calendars>
		<timeZoneNames>
			<hourFormat draft="unconfirmed">+HH:mm;-HH:mm</hourFormat>
			<gmtFormat draft="unconfirmed">GMT{0}</gmtFormat>
			<regionFormat draft="unconfirmed">{0}</regionFormat>
		</timeZoneNames>
	</dates>
	<numbers>
		<currencies>
			<currency type="NGN">
				<displayName draft="unconfirmed">A̱naira</displayName>
				<symbol draft="unconfirmed">₦</symbol>
			</currency>
		</currencies>
	</numbers>
</ldml>

