<?xml version="1.0" encoding="UTF-8" ?>
<!DOCTYPE ldml SYSTEM "http://www.unicode.org/cldr/dtd/1.5/ldml.dtd">
<ldml>
	<identity>
		<version number="$Revision: 1.19 $"/>
		<generation date="$Date: 2007/07/19 22:31:39 $"/>
		<language type="kfo"/>
	</identity>
	<characters>
		<exemplarCharacters draft="unconfirmed">[a ā b-e ē f g {gb} h-k {kh} l-p {pk} r-u w y z]</exemplarCharacters>
	</characters>
	<dates>
		<calendars>
			<calendar type="gregorian">
				<months>
					<monthContext type="format">
						<monthWidth type="abbreviated">
							<month type="1" draft="unconfirmed">Wey</month>
							<month type="2" draft="unconfirmed">Fan</month>
							<month type="3" draft="unconfirmed">Tat</month>
							<month type="4" draft="unconfirmed">Nan</month>
							<month type="5" draft="unconfirmed">Tuy</month>
							<month type="6" draft="unconfirmed">Tso</month>
							<month type="7" draft="unconfirmed">Taf</month>
							<month type="8" draft="unconfirmed">War</month>
							<month type="9" draft="unconfirmed">Kun</month>
							<month type="10" draft="unconfirmed">Ban</month>
							<month type="11" draft="unconfirmed">Kom</month>
							<month type="12" draft="unconfirmed">Sau</month>
						</monthWidth>
						<monthWidth type="wide">
							<month type="1" draft="unconfirmed">Fai Weyene</month>
							<month type="2" draft="unconfirmed">Fai Fani</month>
							<month type="3" draft="unconfirmed">Fai Tataka</month>
							<month type="4" draft="unconfirmed">Fai Nangra</month>
							<month type="5" draft="unconfirmed">Fai Tuyo</month>
							<month type="6" draft="unconfirmed">Fai Tsoyi</month>
							<month type="7" draft="unconfirmed">Fai Tafaka</month>
							<month type="8" draft="unconfirmed">Fai Warachi</month>
							<month type="9" draft="unconfirmed">Fai Kunobok</month>
							<month type="10" draft="unconfirmed">Fai Bansok</month>
							<month type="11" draft="unconfirmed">Fai Kom</month>
							<month type="12" draft="unconfirmed">Fai Sauk</month>
						</monthWidth>
					</monthContext>
					<monthContext type="stand-alone">
						<monthWidth type="narrow">
							<month type="1" draft="unconfirmed">1</month>
							<month type="2" draft="unconfirmed">2</month>
							<month type="3" draft="unconfirmed">3</month>
							<month type="4" draft="unconfirmed">4</month>
							<month type="5" draft="unconfirmed">5</month>
							<month type="6" draft="unconfirmed">6</month>
							<month type="7" draft="unconfirmed">7</month>
							<month type="8" draft="unconfirmed">8</month>
							<month type="9" draft="unconfirmed">9</month>
							<month type="10" draft="unconfirmed">10</month>
							<month type="11" draft="unconfirmed">11</month>
							<month type="12" draft="unconfirmed">12</month>
						</monthWidth>
					</monthContext>
				</months>
				<days>
					<dayContext type="format">
						<dayWidth type="abbreviated">
							<day type="sun" draft="unconfirmed">Lah</day>
							<day type="mon" draft="unconfirmed">Kub</day>
							<day type="tue" draft="unconfirmed">Gba</day>
							<day type="wed" draft="unconfirmed">Tan</day>
							<day type="thu" draft="unconfirmed">Yei</day>
							<day type="fri" draft="unconfirmed">Koy</day>
							<day type="sat" draft="unconfirmed">Sat</day>
						</dayWidth>
						<dayWidth type="wide">
							<day type="sun" draft="unconfirmed">Lahadi</day>
							<day type="mon" draft="unconfirmed">Je-Kubacha</day>
							<day type="tue" draft="unconfirmed">Je-Gbai</day>
							<day type="wed" draft="unconfirmed">Tansati</day>
							<day type="thu" draft="unconfirmed">Je-Yei</day>
							<day type="fri" draft="unconfirmed">Je-Koye</day>
							<day type="sat" draft="unconfirmed">Sati</day>
						</dayWidth>
					</dayContext>
					<dayContext type="stand-alone">
						<dayWidth type="narrow">
							<day type="sun" draft="unconfirmed">1</day>
							<day type="mon" draft="unconfirmed">2</day>
							<day type="tue" draft="unconfirmed">3</day>
							<day type="wed" draft="unconfirmed">4</day>
							<day type="thu" draft="unconfirmed">5</day>
							<day type="fri" draft="unconfirmed">6</day>
							<day type="sat" draft="unconfirmed">7</day>
						</dayWidth>
					</dayContext>
				</days>
				<quarters>
					<quarterContext type="format">
						<quarterWidth type="abbreviated">
							<quarter type="1" draft="unconfirmed">Q1</quarter>
							<quarter type="2" draft="unconfirmed">Q2</quarter>
							<quarter type="3" draft="unconfirmed">Q3</quarter>
							<quarter type="4" draft="unconfirmed">Q4</quarter>
						</quarterWidth>
						<quarterWidth type="wide">
							<quarter type="1" draft="unconfirmed">Q1</quarter>
							<quarter type="2" draft="unconfirmed">Q2</quarter>
							<quarter type="3" draft="unconfirmed">Q3</quarter>
							<quarter type="4" draft="unconfirmed">Q4</quarter>
						</quarterWidth>
					</quarterContext>
				</quarters>
				<am draft="unconfirmed">AM</am>
				<pm draft="unconfirmed">PM</pm>
				<eras>
					<eraNames>
						<era type="0" draft="unconfirmed">Kafi Mar Wenom</era>
						<era type="1" draft="unconfirmed">Bayan Chi Wenom</era>
					</eraNames>
					<eraAbbr>
						<era type="0" draft="unconfirmed">KMW</era>
						<era type="1" draft="unconfirmed">BCW</era>
					</eraAbbr>
				</eras>
				<dateFormats>
					<dateFormatLength type="full">
						<dateFormat>
							<pattern draft="unconfirmed">EEEE, yyyy MMMM dd</pattern>
						</dateFormat>
					</dateFormatLength>
					<dateFormatLength type="long">
						<dateFormat>
							<pattern draft="unconfirmed">yyyy MMMM d</pattern>
						</dateFormat>
					</dateFormatLength>
					<dateFormatLength type="medium">
						<dateFormat>
							<pattern draft="unconfirmed">yyyy MMM d</pattern>
						</dateFormat>
					</dateFormatLength>
					<dateFormatLength type="short">
						<dateFormat>
							<pattern draft="unconfirmed">yy/MM/dd</pattern>
						</dateFormat>
					</dateFormatLength>
				</dateFormats>
				<timeFormats>
					<timeFormatLength type="full">
						<timeFormat>
							<pattern draft="unconfirmed">HH:mm:ss v</pattern>
						</timeFormat>
					</timeFormatLength>
					<timeFormatLength type="long">
						<timeFormat>
							<pattern draft="unconfirmed">HH:mm:ss z</pattern>
						</timeFormat>
					</timeFormatLength>
					<timeFormatLength type="medium">
						<timeFormat>
							<pattern draft="unconfirmed">HH:mm:ss</pattern>
						</timeFormat>
					</timeFormatLength>
					<timeFormatLength type="short">
						<timeFormat>
							<pattern draft="unconfirmed">HH:mm</pattern>
						</timeFormat>
					</timeFormatLength>
				</timeFormats>
				<dateTimeFormats>
					<dateTimeFormatLength>
						<dateTimeFormat>
							<pattern draft="unconfirmed">{1} {0}</pattern>
						</dateTimeFormat>
					</dateTimeFormatLength>
					<availableFormats>
						<dateFormatItem id="yyQ" draft="unconfirmed">Q yy</dateFormatItem>
					</availableFormats>
				</dateTimeFormats>
			</calendar>
		</calendars>
		<timeZoneNames>
			<hourFormat draft="unconfirmed">+HH:mm;-HH:mm</hourFormat>
			<gmtFormat draft="unconfirmed">GMT{0}</gmtFormat>
			<regionFormat draft="unconfirmed">{0}</regionFormat>
		</timeZoneNames>
	</dates>
	<numbers>
		<currencies>
			<currency type="NGN">
				<displayName draft="unconfirmed">Neira</displayName>
				<symbol draft="unconfirmed">₦</symbol>
			</currency>
		</currencies>
	</numbers>
</ldml>

