<?xml version="1.0" encoding="UTF-8" ?>
<!DOCTYPE ldml SYSTEM "http://www.unicode.org/cldr/dtd/1.5/ldml.dtd">
<ldml>
	<identity>
		<version number="$Revision: 1.13 $"/>
		<generation date="$Date: 2007/07/19 22:31:39 $"/>
		<language type="ku"/>
		<script type="Arab"/>
	</identity>
	<localeDisplayNames>
		<languages>
			<language type="af" draft="unconfirmed">ئه‌فریكای</language>
			<language type="am" draft="unconfirmed">ئه‌مهه‌رینجی</language>
			<language type="ar" draft="unconfirmed">عه‌ره‌بی</language>
			<language type="as" draft="unconfirmed">ئا سسامی (زوبان)</language>
			<language type="az" draft="unconfirmed">ئازه‌ربایجانی</language>
			<language type="be" draft="unconfirmed">بێلاڕووسی</language>
			<language type="bg" draft="unconfirmed">بۆلگاری</language>
			<language type="bh" draft="unconfirmed">بیهاری</language>
			<language type="bn" draft="unconfirmed">به‌نگلادێشی</language>
			<language type="br" draft="unconfirmed">برێتونی</language>
			<language type="bs" draft="unconfirmed">بۆسنی</language>
			<language type="ca" draft="unconfirmed">كاتالۆنی</language>
			<language type="cs" draft="unconfirmed">چه‌كی</language>
			<language type="cy" draft="unconfirmed">وێلزی</language>
			<language type="da" draft="unconfirmed">دانماركی</language>
			<language type="de" draft="unconfirmed">ئاڵمانی</language>
			<language type="el" draft="unconfirmed">یۆنانی</language>
			<language type="en" draft="unconfirmed">ئینگلیزی</language>
			<language type="eo" draft="unconfirmed">ئێسپیرانتۆ</language>
			<language type="es" draft="unconfirmed">ئیسپانی</language>
			<language type="et" draft="unconfirmed">ئیستۆنی</language>
			<language type="eu" draft="unconfirmed">باسكی</language>
			<language type="fa" draft="unconfirmed">فارسی</language>
			<language type="fi" draft="unconfirmed">فینله‌ندی</language>
			<language type="fil" draft="unconfirmed">تاگالۆگی</language>
			<language type="fo" draft="unconfirmed">فه‌رئۆیی</language>
			<language type="fr" draft="unconfirmed">فه‌رانسی</language>
			<language type="fy" draft="unconfirmed">فریسی</language>
			<language type="ga" draft="unconfirmed">ئیرله‌ندی</language>
			<language type="gd" draft="unconfirmed">گه‌لیكی سكۆتله‌ندی</language>
			<language type="gl" draft="unconfirmed">گالیسی</language>
			<language type="gn" draft="unconfirmed">گووارانی</language>
			<language type="gu" draft="unconfirmed">گوجاراتی</language>
			<language type="he" draft="unconfirmed">هیبرێ</language>
			<language type="hi" draft="unconfirmed">هیندی</language>
			<language type="hr" draft="unconfirmed">كرواتی</language>
			<language type="hu" draft="unconfirmed">هه‌نگاری (مه‌جاری)</language>
			<language type="hy" draft="unconfirmed">ئه رمه نی</language>
			<language type="ia" draft="unconfirmed">ئینترلینگوی</language>
			<language type="id" draft="unconfirmed">ئێه‌ندونیزی</language>
			<language type="ie" draft="unconfirmed">ئه نته ر لينگ (زوبان)</language>
			<language type="is" draft="unconfirmed">ئیسله‌ندی</language>
			<language type="it" draft="unconfirmed">ئیتالی</language>
			<language type="ja" draft="unconfirmed">ژاپۆنی</language>
			<language type="jv" draft="unconfirmed">جاڤانی</language>
			<language type="ka" draft="unconfirmed">گۆرجستانی</language>
			<language type="km" draft="unconfirmed">کامبۆجی (زوبان)</language>
			<language type="kn" draft="unconfirmed">كه‌نه‌دایی</language>
			<language type="ko" draft="unconfirmed">كۆری</language>
			<language type="ku" draft="unconfirmed">كوردی</language>
			<language type="ky" draft="unconfirmed">كرگیزی</language>
			<language type="la" draft="unconfirmed">لاتینی</language>
			<language type="ln" draft="unconfirmed">لينگالا</language>
			<language type="lo" draft="unconfirmed">لاو‏ى</language>
			<language type="lt" draft="unconfirmed">لیتوانی</language>
			<language type="lv" draft="unconfirmed">لێتۆنی</language>
			<language type="mk" draft="unconfirmed">ماكێدۆنی</language>
			<language type="ml" draft="unconfirmed">مالایلام</language>
			<language type="mn" draft="unconfirmed">مه‌نگۆلی</language>
			<language type="mr" draft="unconfirmed">ماراتی</language>
			<language type="ms" draft="unconfirmed">مالیزی</language>
			<language type="mt" draft="unconfirmed">ماڵتایی</language>
			<language type="ne" draft="unconfirmed">نێپالی</language>
			<language type="nl" draft="unconfirmed">هۆڵه‌ندی</language>
			<language type="no" draft="unconfirmed">نۆروێژی</language>
			<language type="oc" draft="unconfirmed">ئۆسیتانی</language>
			<language type="or" draft="unconfirmed">ئۆرییا</language>
			<language type="pa" draft="unconfirmed">په‌نجابی</language>
			<language type="pl" draft="unconfirmed">پۆڵۆنیایی (له‌هستانی)</language>
			<language type="ps" draft="unconfirmed">په‌شتوو</language>
			<language type="pt" draft="unconfirmed">پۆرتۆگالی</language>
			<language type="pt_BR" draft="unconfirmed">پورتوگاڵی (برازیل)</language>
			<language type="pt_PT" draft="unconfirmed">پورتوگاڵی (پورتوگاڵ)</language>
			<language type="ro" draft="unconfirmed">ڕۆمانی</language>
			<language type="ru" draft="unconfirmed">ڕووسی</language>
			<language type="sa" draft="unconfirmed">سانسکريت</language>
			<language type="sd" draft="unconfirmed">سيندی(زوبان)</language>
			<language type="si" draft="unconfirmed">سینهه‌لی</language>
			<language type="sk" draft="unconfirmed">سلۆڤاكی</language>
			<language type="sl" draft="unconfirmed">سلۆڤێنی</language>
			<language type="so" draft="unconfirmed">سۆمالی</language>
			<language type="sq" draft="unconfirmed">ئاڵبانی</language>
			<language type="sr" draft="unconfirmed">سه‌ربی</language>
			<language type="st" draft="unconfirmed">سێسۆتۆ</language>
			<language type="su" draft="unconfirmed">سودانی</language>
			<language type="sv" draft="unconfirmed">سویدی</language>
			<language type="sw" draft="unconfirmed">سواهیلی</language>
			<language type="ta" draft="unconfirmed">تامیلی</language>
			<language type="te" draft="unconfirmed">ته‌لۆگوی</language>
			<language type="th" draft="unconfirmed">تایله‌ندی</language>
			<language type="ti" draft="unconfirmed">تیگرینیای</language>
			<language type="tk" draft="unconfirmed">تروكمانی</language>
			<language type="tlh" draft="unconfirmed">كلینگۆن</language>
			<language type="tr" draft="unconfirmed">توركی</language>
			<language type="tw" draft="unconfirmed">توی</language>
			<language type="ug" draft="unconfirmed">ئويخووری</language>
			<language type="uk" draft="unconfirmed">ئۆكراینی</language>
			<language type="ur" draft="unconfirmed">ئۆردو‌و</language>
			<language type="uz" draft="unconfirmed">ئۆزبه‌كی</language>
			<language type="vi" draft="unconfirmed">ڤیه‌تنامی</language>
			<language type="xh" draft="unconfirmed">سسوسا</language>
			<language type="yi" draft="unconfirmed">یوددی</language>
			<language type="zu" draft="unconfirmed">زولو</language>
		</languages>
	</localeDisplayNames>
	<characters>
		<exemplarCharacters>[ئ-ب پ ت ج چ ح-د ر ز ڕ ژ س ش ع غ ف ڤ ق ک گ ل ڵ م-ه ھ و ۆ ی ێ]</exemplarCharacters>
		<exemplarCharacters type="auxiliary">[ً-ْ ء-ة ث ذ ص-ظ ك ى ي]</exemplarCharacters>
	</characters>
</ldml>

