<?xml version="1.0" encoding="UTF-8" ?>
<!DOCTYPE ldml SYSTEM "http://www.unicode.org/cldr/dtd/1.5/ldml.dtd">
<ldml>
	<identity>
		<version number="$Revision: 1.35 $"/>
		<generation date="$Date: 2007/07/19 22:31:39 $"/>
		<language type="ky"/>
	</identity>
	<localeDisplayNames>
		<languages>
			<language type="af" draft="unconfirmed">африкаанча</language>
			<language type="ar" draft="unconfirmed">арабча</language>
			<language type="az" draft="unconfirmed">азербайжанча</language>
			<language type="be" draft="unconfirmed">беларусча</language>
			<language type="bg" draft="unconfirmed">болгарияча</language>
			<language type="bh" draft="unconfirmed">бихариче</language>
			<language type="bn" draft="unconfirmed">бангладешче</language>
			<language type="br" draft="unconfirmed">бретон</language>
			<language type="bs" draft="unconfirmed">боснияча</language>
			<language type="ca" draft="unconfirmed">каталанча</language>
			<language type="cs" draft="unconfirmed">чех тили</language>
			<language type="da" draft="unconfirmed">датча</language>
			<language type="de">немисче</language>
			<language type="el" draft="unconfirmed">грекче</language>
			<language type="en">англисче</language>
			<language type="es">испанча</language>
			<language type="et" draft="unconfirmed">эстончо</language>
			<language type="fa" draft="unconfirmed">фарзча</language>
			<language type="fi" draft="unconfirmed">финче</language>
			<language type="fil" draft="unconfirmed">тагалча</language>
			<language type="fr">французча</language>
			<language type="ga" draft="unconfirmed">ирландча</language>
			<language type="gn" draft="unconfirmed">гуараш</language>
			<language type="gu" draft="unconfirmed">гужаратча</language>
			<language type="he" draft="unconfirmed">еврейче</language>
			<language type="hi" draft="unconfirmed">индусча</language>
			<language type="hr" draft="unconfirmed">хорватча</language>
			<language type="hu" draft="unconfirmed">венгрияча</language>
			<language type="id" draft="unconfirmed">индонезияча</language>
			<language type="is" draft="unconfirmed">исландча</language>
			<language type="it">италиянча</language>
			<language type="ja">япончо</language>
			<language type="ja" alt="proposed-x1001" draft="unconfirmed">жапончо</language>
			<language type="jv" draft="unconfirmed">жаванизче</language>
			<language type="ka" draft="unconfirmed">грузинче</language>
			<language type="kn" draft="unconfirmed">каннадача</language>
			<language type="ko" draft="unconfirmed">корейче</language>
			<language type="ku" draft="unconfirmed">курт</language>
			<language type="ky" draft="unconfirmed">Кыргыз</language>
			<language type="la" draft="unconfirmed">латынча</language>
			<language type="lt" draft="unconfirmed">литвача</language>
			<language type="lv" draft="unconfirmed">латвияча</language>
			<language type="mk" draft="unconfirmed">македонияча</language>
			<language type="ml" draft="unconfirmed">малайаламча</language>
			<language type="mr" draft="unconfirmed">маратиче</language>
			<language type="ms" draft="unconfirmed">малайча</language>
			<language type="mt" draft="unconfirmed">малтизче</language>
			<language type="ne" draft="unconfirmed">непалча</language>
			<language type="nl" draft="unconfirmed">голландча</language>
			<language type="nn" draft="unconfirmed">норвегияча</language>
			<language type="no" draft="unconfirmed">норвежче</language>
			<language type="or" draft="unconfirmed">ория</language>
			<language type="pa" draft="unconfirmed">пунжабиче</language>
			<language type="pl" draft="unconfirmed">полякча</language>
			<language type="ps" draft="unconfirmed">пашто</language>
			<language type="pt">португалча</language>
			<language type="ro" draft="unconfirmed">румынияча</language>
			<language type="ru">орусча</language>
			<language type="sh" draft="unconfirmed">серб-хорват</language>
			<language type="si" draft="unconfirmed">сингалача</language>
			<language type="sk" draft="unconfirmed">словакча</language>
			<language type="sl" draft="unconfirmed">словенче</language>
			<language type="sq" draft="unconfirmed">албанча</language>
			<language type="sr" draft="unconfirmed">сербче</language>
			<language type="st" draft="unconfirmed">сесото</language>
			<language type="su" draft="unconfirmed">сунданча</language>
			<language type="sv" draft="unconfirmed">шведче</language>
			<language type="sw" draft="unconfirmed">суахиличе</language>
			<language type="ta" draft="unconfirmed">тамилче</language>
			<language type="te" draft="unconfirmed">телугуча</language>
			<language type="th" draft="unconfirmed">тайча</language>
			<language type="tk" draft="unconfirmed">түркмөн</language>
			<language type="tlh" draft="unconfirmed">клингончо</language>
			<language type="tr" draft="unconfirmed">туркчо</language>
			<language type="tw" draft="unconfirmed">тви</language>
			<language type="uk" draft="unconfirmed">украинче</language>
			<language type="ur" draft="unconfirmed">урдуча</language>
			<language type="uz" draft="unconfirmed">озбекче</language>
			<language type="vi" draft="unconfirmed">вьетнамча</language>
			<language type="yi" draft="unconfirmed">еврей</language>
			<language type="zh">кытайча</language>
		</languages>
		<territories>
			<territory type="KG" draft="unconfirmed">Кыргызстан</territory>
		</territories>
	</localeDisplayNames>
	<characters>
		<exemplarCharacters>[а б г-е ё ж-н ӊ о ө п-у ү х ч ш ъ ы э-я]</exemplarCharacters>
		<exemplarCharacters type="auxiliary">[в ф ц щ ь]</exemplarCharacters>
	</characters>
	<dates>
		<calendars>
			<calendar type="gregorian">
				<months>
					<monthContext type="format">
						<monthWidth type="abbreviated">
							<month type="1" draft="unconfirmed">1</month>
							<month type="2" draft="unconfirmed">2</month>
							<month type="3" draft="unconfirmed">3</month>
							<month type="4" draft="unconfirmed">4</month>
							<month type="5" draft="unconfirmed">5</month>
							<month type="6" draft="unconfirmed">6</month>
							<month type="7" draft="unconfirmed">7</month>
							<month type="8" draft="unconfirmed">8</month>
							<month type="9" draft="unconfirmed">9</month>
							<month type="10" draft="unconfirmed">10</month>
							<month type="11" draft="unconfirmed">11</month>
							<month type="12" draft="unconfirmed">12</month>
						</monthWidth>
						<monthWidth type="wide">
							<month type="1" draft="unconfirmed">1</month>
							<month type="2" draft="unconfirmed">2</month>
							<month type="3" draft="unconfirmed">3</month>
							<month type="4" draft="unconfirmed">4</month>
							<month type="5" draft="unconfirmed">5</month>
							<month type="6" draft="unconfirmed">6</month>
							<month type="7" draft="unconfirmed">7</month>
							<month type="8" draft="unconfirmed">8</month>
							<month type="9" draft="unconfirmed">9</month>
							<month type="10" draft="unconfirmed">10</month>
							<month type="11" draft="unconfirmed">11</month>
							<month type="12" draft="unconfirmed">12</month>
						</monthWidth>
					</monthContext>
					<monthContext type="stand-alone">
						<monthWidth type="narrow">
							<month type="1" draft="unconfirmed">1</month>
							<month type="2" draft="unconfirmed">2</month>
							<month type="3" draft="unconfirmed">3</month>
							<month type="4" draft="unconfirmed">4</month>
							<month type="5" draft="unconfirmed">5</month>
							<month type="6" draft="unconfirmed">6</month>
							<month type="7" draft="unconfirmed">7</month>
							<month type="8" draft="unconfirmed">8</month>
							<month type="9" draft="unconfirmed">9</month>
							<month type="10" draft="unconfirmed">10</month>
							<month type="11" draft="unconfirmed">11</month>
							<month type="12" draft="unconfirmed">12</month>
						</monthWidth>
					</monthContext>
				</months>
				<days>
					<dayContext type="format">
						<dayWidth type="abbreviated">
							<day type="sun" draft="unconfirmed">1</day>
							<day type="mon" draft="unconfirmed">2</day>
							<day type="tue" draft="unconfirmed">3</day>
							<day type="wed" draft="unconfirmed">4</day>
							<day type="thu" draft="unconfirmed">5</day>
							<day type="fri" draft="unconfirmed">6</day>
							<day type="sat" draft="unconfirmed">7</day>
						</dayWidth>
						<dayWidth type="wide">
							<day type="sun" draft="unconfirmed">1</day>
							<day type="mon" draft="unconfirmed">2</day>
							<day type="tue" draft="unconfirmed">3</day>
							<day type="wed" draft="unconfirmed">4</day>
							<day type="thu" draft="unconfirmed">5</day>
							<day type="fri" draft="unconfirmed">6</day>
							<day type="sat" draft="unconfirmed">7</day>
						</dayWidth>
					</dayContext>
					<dayContext type="stand-alone">
						<dayWidth type="narrow">
							<day type="sun" draft="unconfirmed">1</day>
							<day type="mon" draft="unconfirmed">2</day>
							<day type="tue" draft="unconfirmed">3</day>
							<day type="wed" draft="unconfirmed">4</day>
							<day type="thu" draft="unconfirmed">5</day>
							<day type="fri" draft="unconfirmed">6</day>
							<day type="sat" draft="unconfirmed">7</day>
						</dayWidth>
					</dayContext>
				</days>
				<quarters>
					<quarterContext type="format">
						<quarterWidth type="abbreviated">
							<quarter type="1" draft="unconfirmed">Q1</quarter>
							<quarter type="2" draft="unconfirmed">Q2</quarter>
							<quarter type="3" draft="unconfirmed">Q3</quarter>
							<quarter type="4" draft="unconfirmed">Q4</quarter>
						</quarterWidth>
						<quarterWidth type="wide">
							<quarter type="1" draft="unconfirmed">Q1</quarter>
							<quarter type="2" draft="unconfirmed">Q2</quarter>
							<quarter type="3" draft="unconfirmed">Q3</quarter>
							<quarter type="4" draft="unconfirmed">Q4</quarter>
						</quarterWidth>
					</quarterContext>
				</quarters>
				<am draft="unconfirmed">AM</am>
				<pm draft="unconfirmed">PM</pm>
				<eras>
					<eraAbbr>
						<era type="0" draft="unconfirmed">BCE</era>
						<era type="1" draft="unconfirmed">CE</era>
					</eraAbbr>
				</eras>
				<dateFormats>
					<dateFormatLength type="full">
						<dateFormat>
							<pattern draft="unconfirmed">EEEE, yyyy MMMM dd</pattern>
						</dateFormat>
					</dateFormatLength>
					<dateFormatLength type="long">
						<dateFormat>
							<pattern draft="unconfirmed">yyyy MMMM d</pattern>
						</dateFormat>
					</dateFormatLength>
					<dateFormatLength type="medium">
						<dateFormat>
							<pattern draft="unconfirmed">yyyy MMM d</pattern>
						</dateFormat>
					</dateFormatLength>
					<dateFormatLength type="short">
						<dateFormat>
							<pattern draft="unconfirmed">yy/MM/dd</pattern>
						</dateFormat>
					</dateFormatLength>
				</dateFormats>
				<timeFormats>
					<timeFormatLength type="full">
						<timeFormat>
							<pattern draft="unconfirmed">HH:mm:ss v</pattern>
						</timeFormat>
					</timeFormatLength>
					<timeFormatLength type="long">
						<timeFormat>
							<pattern draft="unconfirmed">HH:mm:ss z</pattern>
						</timeFormat>
					</timeFormatLength>
					<timeFormatLength type="medium">
						<timeFormat>
							<pattern draft="unconfirmed">HH:mm:ss</pattern>
						</timeFormat>
					</timeFormatLength>
					<timeFormatLength type="short">
						<timeFormat>
							<pattern draft="unconfirmed">HH:mm</pattern>
						</timeFormat>
					</timeFormatLength>
				</timeFormats>
				<dateTimeFormats>
					<dateTimeFormatLength>
						<dateTimeFormat>
							<pattern draft="unconfirmed">{1} {0}</pattern>
						</dateTimeFormat>
					</dateTimeFormatLength>
					<availableFormats>
						<dateFormatItem id="yyQ" draft="unconfirmed">Q yy</dateFormatItem>
					</availableFormats>
				</dateTimeFormats>
			</calendar>
		</calendars>
		<timeZoneNames>
			<hourFormat draft="unconfirmed">+HH:mm;-HH:mm</hourFormat>
			<gmtFormat draft="unconfirmed">GMT{0}</gmtFormat>
			<regionFormat draft="unconfirmed">{0}</regionFormat>
		</timeZoneNames>
	</dates>
	<numbers>
		<symbols>
			<decimal draft="unconfirmed">,</decimal>
			<group draft="unconfirmed"> </group>
		</symbols>
		<currencies>
			<currency type="KGS">
				<symbol draft="unconfirmed">сом</symbol>
			</currency>
		</currencies>
	</numbers>
</ldml>

