<?xml version="1.0" encoding="UTF-8" ?>
<!DOCTYPE ldml SYSTEM "http://www.unicode.org/cldr/dtd/1.5/ldml.dtd">
<ldml>
	<identity>
		<version number="$Revision: 1.31 $"/>
		<generation date="$Date: 2007/07/19 23:30:28 $"/>
		<language type="ln"/>
	</identity>
	<localeDisplayNames>
		<languages>
			<language type="af" draft="unconfirmed">afrikánsi</language>
			<language type="af" alt="proposed-x1001" draft="unconfirmed">afrikansi</language>
			<language type="afh" alt="proposed-x1001" draft="unconfirmed">afríhili</language>
			<language type="afh" alt="proposed-x1002" draft="unconfirmed">afrihili</language>
			<language type="ak" draft="unconfirmed">akan</language>
			<language type="am" draft="unconfirmed">liamariki</language>
			<language type="am" alt="proposed-x1001" draft="unconfirmed">kiamariki</language>
			<language type="ar" draft="unconfirmed">liarabu</language>
			<language type="ar" alt="proposed-x1001" draft="unconfirmed">kiarabi</language>
			<language type="as" draft="unconfirmed">liasame</language>
			<language type="as" alt="proposed-x1001" draft="unconfirmed">ki-asame</language>
			<language type="az" draft="unconfirmed">liazerbayani</language>
			<language type="az" alt="proposed-x1001" draft="unconfirmed">kiazerbayani</language>
			<language type="bai" draft="unconfirmed">nkótá ya Bamileke</language>
			<language type="be" draft="contributed">belarusi</language>
			<language type="bg" draft="unconfirmed">kibulgaria</language>
			<language type="bh" draft="unconfirmed">libiyari</language>
			<language type="bh" alt="proposed-x1001" draft="unconfirmed">kibiyari</language>
			<language type="bm" draft="unconfirmed">bambara</language>
			<language type="bn" draft="contributed">bengali</language>
			<language type="br" draft="unconfirmed">breton</language>
			<language type="bs" draft="unconfirmed">libosinia</language>
			<language type="bs" alt="proposed-x1001" draft="unconfirmed">kibosinia</language>
			<language type="ca" draft="contributed">katalani</language>
			<language type="cs" draft="unconfirmed">litshɛki</language>
			<language type="cs" alt="proposed-x1001" draft="unconfirmed">kitseki</language>
			<language type="cy" draft="unconfirmed">liwelesi</language>
			<language type="cy" alt="proposed-x1001" draft="unconfirmed">kiwelesi</language>
			<language type="da" draft="unconfirmed">lidanemark</language>
			<language type="da" alt="proposed-x1001" draft="unconfirmed">kidanemark</language>
			<language type="de" draft="unconfirmed">lialemani</language>
			<language type="de" alt="proposed-x1001" draft="unconfirmed">kialemani</language>
			<language type="de" alt="proposed-x1002" draft="unconfirmed">alemani</language>
			<language type="el" draft="unconfirmed">ligreki</language>
			<language type="el" alt="proposed-x1001" draft="unconfirmed">greki</language>
			<language type="el" alt="proposed-x1002" draft="unconfirmed">kigrek</language>
			<language type="en" draft="unconfirmed">lingɛlɛ́sa</language>
			<language type="en" alt="proposed-x1001" draft="unconfirmed">lingɛlɛsi</language>
			<language type="en" alt="proposed-x1002" draft="unconfirmed">ngɛlɛ́sa</language>
			<language type="en_CA" draft="unconfirmed">lingɛlɛ́sa (CA)</language>
			<language type="en_CA" alt="proposed-x1001" draft="unconfirmed">ngɛlɛ́sa (Kanadá)</language>
			<language type="eo" draft="unconfirmed">lisipelanto</language>
			<language type="eo" alt="proposed-x1001" draft="unconfirmed">kisipelanto</language>
			<language type="es" draft="unconfirmed">lispanyola</language>
			<language type="es" alt="proposed-x1001" draft="unconfirmed">kiespanyola</language>
			<language type="et" draft="unconfirmed">liestonia</language>
			<language type="et" alt="proposed-x1001" draft="unconfirmed">kiestonia</language>
			<language type="eu" draft="unconfirmed">libaske</language>
			<language type="eu" alt="proposed-x1001" draft="unconfirmed">kibaske</language>
			<language type="fa" draft="unconfirmed">lipɛrsi</language>
			<language type="fa" alt="proposed-x1001" draft="unconfirmed">kipersi</language>
			<language type="fi" draft="unconfirmed">lifilandi</language>
			<language type="fi" alt="proposed-x1001" draft="unconfirmed">lifelandi</language>
			<language type="fil" draft="unconfirmed">litagalog</language>
			<language type="fil" alt="proposed-x1001" draft="unconfirmed">kitagalog</language>
			<language type="fo" draft="unconfirmed">lifarose</language>
			<language type="fo" alt="proposed-x1001" draft="unconfirmed">kifarose</language>
			<language type="fr" draft="unconfirmed">lifalansé</language>
			<language type="fr" alt="proposed-x1001" draft="unconfirmed">falansé</language>
			<language type="fr" alt="proposed-x1002" draft="unconfirmed">lifalansé</language>
			<language type="fr_CA" draft="unconfirmed">lifalansé (CA)</language>
			<language type="fr_CA" alt="proposed-x1001" draft="unconfirmed">falansé (Kanadá)</language>
			<language type="fr_CH" alt="proposed-x1001" draft="unconfirmed">falansé (Swisi)</language>
			<language type="fy" draft="unconfirmed">lifrisi</language>
			<language type="fy" alt="proposed-x1001" draft="unconfirmed">kifrisi</language>
			<language type="ga" draft="unconfirmed">lirlande</language>
			<language type="ga" alt="proposed-x1001" draft="unconfirmed">kirlande</language>
			<language type="gd" draft="unconfirmed">ligaeliki</language>
			<language type="gd" alt="proposed-x1001" draft="unconfirmed">kigaeliki</language>
			<language type="gl" draft="unconfirmed">ligalicia</language>
			<language type="gl" alt="proposed-x1001" draft="unconfirmed">kigalicia</language>
			<language type="gn" draft="unconfirmed">ligwarani</language>
			<language type="gn" alt="proposed-x1001" draft="unconfirmed">guarani</language>
			<language type="gu" draft="unconfirmed">liguzarati</language>
			<language type="gu" alt="proposed-x1001" draft="unconfirmed">guyarati</language>
			<language type="he" draft="unconfirmed">liyuda</language>
			<language type="he" alt="proposed-x1001" draft="unconfirmed">kiyuda</language>
			<language type="hi" draft="unconfirmed">lihindi</language>
			<language type="hi" alt="proposed-x1001" draft="unconfirmed">kihindi</language>
			<language type="hr" draft="unconfirmed">likroasia</language>
			<language type="hr" alt="proposed-x1001" draft="unconfirmed">kikroasia</language>
			<language type="hu" draft="unconfirmed">liungaria</language>
			<language type="hu" alt="proposed-x1001" draft="unconfirmed">kiungaria</language>
			<language type="hy" draft="unconfirmed">liarmenya</language>
			<language type="hy" alt="proposed-x1001" draft="unconfirmed">kiarmenya</language>
			<language type="ia" draft="unconfirmed">interlingua</language>
			<language type="id" draft="unconfirmed">lindonesi</language>
			<language type="id" alt="proposed-x1001" draft="unconfirmed">kindonesi</language>
			<language type="ie" draft="unconfirmed">interlingue</language>
			<language type="is" draft="unconfirmed">lislanda</language>
			<language type="is" alt="proposed-x1001" draft="unconfirmed">kislanda</language>
			<language type="it" draft="unconfirmed">litaliano</language>
			<language type="it" alt="proposed-x1001" draft="unconfirmed">kitaliano</language>
			<language type="ja" draft="contributed">liyapani</language>
			<language type="jv" draft="unconfirmed">lizava</language>
			<language type="jv" alt="proposed-x1001" draft="unconfirmed">kiyava</language>
			<language type="ka" draft="unconfirmed">lizorzi</language>
			<language type="ka" alt="proposed-x1001" draft="unconfirmed">kizorzi</language>
			<language type="kg" references="R193" draft="unconfirmed">kikɔ́ngɔ</language>
			<language type="km" draft="unconfirmed">likambodia</language>
			<language type="km" alt="proposed-x1001" draft="unconfirmed">kikambodia</language>
			<language type="kn" draft="contributed">kanada</language>
			<language type="ko" draft="contributed">likorea</language>
			<language type="ku" draft="unconfirmed">likurdi</language>
			<language type="ku" alt="proposed-x1001" draft="unconfirmed">kurdish</language>
			<language type="ky" draft="unconfirmed">kirgizi</language>
			<language type="ky" alt="proposed-x1001" draft="unconfirmed">kyrgyz</language>
			<language type="la" draft="unconfirmed">kilatini</language>
			<language type="la" alt="proposed-x1001" draft="unconfirmed">lilatini</language>
			<language type="la" alt="proposed-x1002" draft="unconfirmed">latɛ́</language>
			<language type="ln" draft="unconfirmed">lingála</language>
			<language type="ln" alt="proposed-x1001" draft="unconfirmed">lingala</language>
			<language type="lo" draft="unconfirmed">lilao</language>
			<language type="lo" alt="proposed-x1001" draft="unconfirmed">mutu ya laos</language>
			<language type="lt" draft="contributed">lituani</language>
			<language type="lu" alt="proposed-x1001" draft="unconfirmed">ciluba ya Katanga</language>
			<language type="lu" alt="proposed-x1002" draft="unconfirmed">tshiluba ya Katanga</language>
			<language type="lua" draft="unconfirmed">ciluba</language>
			<language type="lua" alt="proposed-x1001" draft="unconfirmed">tshiluba</language>
			<language type="lun" draft="unconfirmed">lunda</language>
			<language type="lv" draft="unconfirmed">lilativa</language>
			<language type="lv" alt="proposed-x1001" draft="unconfirmed">kilatvia</language>
			<language type="mk" draft="unconfirmed">limasedonia</language>
			<language type="mk" alt="proposed-x1001" draft="unconfirmed">kimasedonia</language>
			<language type="ml" draft="unconfirmed">limalayalami</language>
			<language type="ml" alt="proposed-x1001" draft="unconfirmed">kimalayalami</language>
			<language type="mn" draft="unconfirmed">limongoli</language>
			<language type="mn" alt="proposed-x1001" draft="unconfirmed">mutu ya mongoli</language>
			<language type="mr" draft="unconfirmed">limarati</language>
			<language type="mr" alt="proposed-x1001" draft="unconfirmed">kimarati</language>
			<language type="ms" draft="unconfirmed">limalasi</language>
			<language type="ms" alt="proposed-x1001" draft="unconfirmed">kimalasi</language>
			<language type="mt" draft="unconfirmed">limalta</language>
			<language type="mt" alt="proposed-x1001" draft="unconfirmed">kimalta</language>
			<language type="mul" draft="unconfirmed">nkótá míngi</language>
			<language type="ne" draft="unconfirmed">linepali</language>
			<language type="ne" alt="proposed-x1001" draft="unconfirmed">nepali</language>
			<language type="nl" draft="unconfirmed">lifalamá</language>
			<language type="nl" alt="proposed-x1001" draft="unconfirmed">falama</language>
			<language type="nl" alt="proposed-x1002" draft="unconfirmed">lifalama</language>
			<language type="nl_BE" alt="proposed-x1001" draft="unconfirmed">falama (Bɛ́ljika)</language>
			<language type="nn" draft="unconfirmed">linovezi-nynorsk</language>
			<language type="nn" alt="proposed-x1001" draft="unconfirmed">nynorsk</language>
			<language type="no" draft="unconfirmed">linovezi</language>
			<language type="no" alt="proposed-x1001" draft="unconfirmed">lisverige</language>
			<language type="oc" draft="unconfirmed">liosita</language>
			<language type="oc" alt="proposed-x1001" draft="unconfirmed">kiosita</language>
			<language type="or" draft="contributed">oriya</language>
			<language type="pa" draft="unconfirmed">lipunzabi</language>
			<language type="pa" alt="proposed-x1001" draft="unconfirmed">kipunzabi</language>
			<language type="pl" draft="unconfirmed">lipoloni</language>
			<language type="pl" alt="proposed-x1001" draft="unconfirmed">kipoloni</language>
			<language type="ps" draft="contributed">pashto</language>
			<language type="pt" draft="unconfirmed">lipulutugɛ́si</language>
			<language type="pt" alt="proposed-x1001" draft="unconfirmed">liportugesi</language>
			<language type="pt_BR" draft="unconfirmed">lipulutugɛ́si (Brazil)</language>
			<language type="pt_BR" alt="proposed-x1001" draft="unconfirmed">liputrugɛ́si</language>
			<language type="pt_BR" alt="proposed-x1002" draft="unconfirmed">kiportugesa (brazil)</language>
			<language type="pt_PT" alt="proposed-x1001" draft="unconfirmed">kiportugesa</language>
			<language type="pt_PT" alt="proposed-x1002" draft="unconfirmed">lipulutugɛ́si</language>
			<language type="ro" draft="unconfirmed">lirumani</language>
			<language type="ro" alt="proposed-x1001" draft="unconfirmed">kirumani</language>
			<language type="ru" draft="unconfirmed">lirusi</language>
			<language type="ru" alt="proposed-x1001" draft="unconfirmed">kirusi</language>
			<language type="sa" draft="contributed">indu-ya-kala</language>
			<language type="sd" draft="unconfirmed">lisindi</language>
			<language type="sd" alt="proposed-x1001" draft="unconfirmed">kisindi</language>
			<language type="sg" draft="unconfirmed">sango</language>
			<language type="sh" draft="unconfirmed">liserbokroata</language>
			<language type="sh" alt="proposed-x1001" draft="unconfirmed">serbo-kroatia</language>
			<language type="si" draft="unconfirmed">lisinalɛ́si</language>
			<language type="si" alt="proposed-x1001" draft="unconfirmed">sinalese</language>
			<language type="sk" draft="unconfirmed">lisolovaki</language>
			<language type="sk" alt="proposed-x1001" draft="unconfirmed">kisolovaki</language>
			<language type="sl" draft="unconfirmed">lisoloveni</language>
			<language type="sl" alt="proposed-x1001" draft="unconfirmed">kisoloveni</language>
			<language type="so" draft="unconfirmed">lisomali</language>
			<language type="so" alt="proposed-x1001" draft="unconfirmed">kisomali</language>
			<language type="sq" draft="unconfirmed">lialbania</language>
			<language type="sq" alt="proposed-x1001" draft="unconfirmed">kilabania</language>
			<language type="sr" draft="unconfirmed">liserbia</language>
			<language type="sr" alt="proposed-x1001" draft="unconfirmed">kiserbia</language>
			<language type="st" draft="unconfirmed">Sotho ya Sidi</language>
			<language type="st" alt="proposed-x1001" draft="unconfirmed">sesotho</language>
			<language type="su" draft="unconfirmed">lisundanɛ́si</language>
			<language type="su" alt="proposed-x1001" draft="unconfirmed">kisundanesi</language>
			<language type="sv" draft="unconfirmed">liswédwa</language>
			<language type="sv" alt="proposed-x1001" draft="unconfirmed">lisverge</language>
			<language type="sw" draft="contributed">kiswahili</language>
			<language type="sw" alt="proposed-x1001" draft="unconfirmed">swahili</language>
			<language type="ta" draft="contributed">tamili</language>
			<language type="te" draft="unconfirmed">litelegu</language>
			<language type="te" alt="proposed-x1001" draft="unconfirmed">kitelugu</language>
			<language type="th" draft="contributed">thai</language>
			<language type="ti" draft="contributed">tigirinya</language>
			<language type="tk" draft="unconfirmed">turkmen</language>
			<language type="tlh" draft="contributed">kilingoni</language>
			<language type="tr" draft="unconfirmed">turk</language>
			<language type="tw" draft="contributed">twi</language>
			<language type="ug" draft="unconfirmed">uighur</language>
			<language type="uk" draft="unconfirmed">liukrenia</language>
			<language type="uk" alt="proposed-x1001" draft="unconfirmed">kiukrenia</language>
			<language type="und" draft="unconfirmed">lokótá eyébámí tɛ́</language>
			<language type="ur" draft="unconfirmed">liurdu</language>
			<language type="ur" alt="proposed-x1001" draft="unconfirmed">kiurdu</language>
			<language type="uz" draft="unconfirmed">liusibeki</language>
			<language type="uz" alt="proposed-x1001" draft="unconfirmed">kiusibeki</language>
			<language type="vi" draft="unconfirmed">livietnami</language>
			<language type="vi" alt="proposed-x1001" draft="unconfirmed">kivietnami</language>
			<language type="xh" draft="unconfirmed">xhosa</language>
			<language type="yi" draft="unconfirmed">yiddish</language>
			<language type="zu" draft="unconfirmed">zulu</language>
		</languages>
		<scripts>
			<script type="Arab" draft="unconfirmed">arabu</script>
			<script type="Latn" draft="unconfirmed">latɛ́</script>
			<script type="Zxxx" draft="unconfirmed">ekomí tɛ́</script>
			<script type="Zzzz" draft="unconfirmed">bokomi boyébámí tɛ́</script>
		</scripts>
		<territories>
			<territory type="001" draft="unconfirmed">mokili mobimba</territory>
			<territory type="001" alt="proposed-x1001" draft="unconfirmed">mokili mobima</territory>
			<territory type="002" draft="unconfirmed">Afríka</territory>
			<territory type="005" draft="unconfirmed">Ameríka ya Sídi</territory>
			<territory type="005" alt="proposed-x1001" draft="unconfirmed">Amérika ya Sudi</territory>
			<territory type="005" alt="proposed-x1002" draft="unconfirmed">Amérika ya nsé</territory>
			<territory type="011" draft="unconfirmed">Afríka ya límbe</territory>
			<territory type="015" draft="unconfirmed">Afríka ya Nola</territory>
			<territory type="015" alt="proposed-x1001" draft="unconfirmed">Afríka ya likoló</territory>
			<territory type="018" draft="unconfirmed">Afríka ya Sídi</territory>
			<territory type="018" alt="proposed-x1001" draft="unconfirmed">Nsé ya Afríka</territory>
			<territory type="018" alt="proposed-x1002" draft="unconfirmed">Sudi ya Afríka</territory>
			<territory type="142" draft="unconfirmed">Azía</territory>
			<territory type="142" alt="proposed-x1001" draft="unconfirmed">Azia</territory>
			<territory type="150" draft="unconfirmed">Erópa</territory>
			<territory type="150" alt="proposed-x1001" draft="unconfirmed">Eropa</territory>
			<territory type="155" draft="unconfirmed">Erópa ya límbe</territory>
			<territory type="155" alt="proposed-x1001" draft="unconfirmed">Eropa ya límbe</territory>
			<territory type="AO" draft="unconfirmed">Angóla</territory>
			<territory type="BE" draft="unconfirmed">Bɛ́ljika</territory>
			<territory type="BF" draft="unconfirmed">Burkina Faso</territory>
			<territory type="BI" draft="unconfirmed">Burundi</territory>
			<territory type="BR" draft="unconfirmed">Bresíli</territory>
			<territory type="BW" draft="unconfirmed">Botswana</territory>
			<territory type="CA" draft="unconfirmed">Kanadá</territory>
			<territory type="CD" draft="unconfirmed">Kongó-Kinsásá</territory>
			<territory type="CD" alt="proposed-x1001" draft="unconfirmed">Kɔngɔ́ (Kinshasa)</territory>
			<territory type="CF" draft="unconfirmed">Santrafríka</territory>
			<territory type="CF" alt="proposed-x1001" draft="unconfirmed">Bê Afríka</territory>
			<territory type="CG" draft="unconfirmed">Kongó-Brazzaville</territory>
			<territory type="CG" alt="proposed-x1001" draft="unconfirmed">Kɔngɔ́ (Brazzaville)</territory>
			<territory type="CH" draft="unconfirmed">Swisi</territory>
			<territory type="CM" draft="unconfirmed">Kamerun</territory>
			<territory type="DE" draft="unconfirmed">Alémanyi</territory>
			<territory type="DJ" draft="unconfirmed">Djibuti</territory>
			<territory type="EG" draft="unconfirmed">Ejipti</territory>
			<territory type="EH" draft="unconfirmed">Sahara ya límbe</territory>
			<territory type="ET" draft="unconfirmed">Etiopya</territory>
			<territory type="FR" draft="unconfirmed">Falansia</territory>
			<territory type="GB" draft="unconfirmed">Ingɛlɛ́tɛlɛ</territory>
			<territory type="GH" draft="unconfirmed">Ghana</territory>
			<territory type="GM" draft="unconfirmed">Gambia</territory>
			<territory type="GN" draft="unconfirmed">Gine</territory>
			<territory type="GW" draft="unconfirmed">Gine-Bisau</territory>
			<territory type="IN" draft="unconfirmed">Ɛndɛ</territory>
			<territory type="IT" draft="unconfirmed">Italia</territory>
			<territory type="KE" draft="unconfirmed">Kenya</territory>
			<territory type="LR" draft="unconfirmed">Liberia</territory>
			<territory type="LY" draft="unconfirmed">Libíya</territory>
			<territory type="LY" alt="proposed-x1001" draft="unconfirmed">Libîya</territory>
			<territory type="ML" draft="unconfirmed">Mali</territory>
			<territory type="MZ" draft="unconfirmed">Mozambíki</territory>
			<territory type="MZ" alt="proposed-x1001" draft="unconfirmed">Mozambiki</territory>
			<territory type="NA" draft="unconfirmed">Namibia</territory>
			<territory type="NE" draft="unconfirmed">Nijé</territory>
			<territory type="NG" draft="unconfirmed">Nijeria</territory>
			<territory type="RW" draft="unconfirmed">Rwanda</territory>
			<territory type="SD" draft="unconfirmed">Sudani</territory>
			<territory type="SO" draft="unconfirmed">Somalia</territory>
			<territory type="ST" draft="unconfirmed">Sǎo Tomé na Principe</territory>
			<territory type="ST" alt="proposed-x1001" draft="unconfirmed">Sao Tomé na Prinsipe</territory>
			<territory type="ST" alt="proposed-x1002" draft="unconfirmed">Santu Tomé mpé Príncipe</territory>
			<territory type="TG" draft="unconfirmed">Togo</territory>
			<territory type="TN" draft="unconfirmed">Tunizia</territory>
			<territory type="US" draft="unconfirmed">Etazíni</territory>
			<territory type="ZA" draft="unconfirmed">Sidafríka</territory>
			<territory type="ZA" alt="proposed-x1001" draft="unconfirmed">Afríka ya Sudi</territory>
			<territory type="ZA" alt="proposed-x1002" draft="unconfirmed">Afríka ya Nsé</territory>
			<territory type="ZM" draft="unconfirmed">Zambia</territory>
			<territory type="ZW" draft="unconfirmed">Zimbabwe</territory>
			<territory type="ZZ" draft="unconfirmed">Esíká eyébámí tɛ́</territory>
		</territories>
		<keys>
			<key type="calendar" draft="unconfirmed">manáka</key>
			<key type="collation" draft="unconfirmed">elandiseli</key>
			<key type="currency" draft="unconfirmed">mbɔ́ngɔ</key>
		</keys>
		<types>
			<type type="gregorian" key="calendar" draft="unconfirmed">manáka ya Gregor</type>
		</types>
		<measurementSystemNames>
			<measurementSystemName type="US" draft="unconfirmed">na míli</measurementSystemName>
			<measurementSystemName type="metric" draft="unconfirmed">na mɛ́tɛlɛ</measurementSystemName>
		</measurementSystemNames>
	</localeDisplayNames>
	<characters>
		<exemplarCharacters>[a á â ǎ b-e é ê ě ɛ {ɛ́} {ɛ̂} {ɛ̌} f g {gb} h i í î ǐ k-m {mb} {mp} n {nd} {ng} {nk} {ns} {nt} {nz} o ó ô ǒ ɔ {ɔ́} {ɔ̂} {ɔ̌} p r-u ú û ǔ v w y z]</exemplarCharacters>
		<exemplarCharacters type="auxiliary">[j q x]</exemplarCharacters>
		<exemplarCharacters alt="proposed-x1001" draft="unconfirmed">[a á â ǎ b-e é ê ě ɛ {ɛ́} {ɛ̂} {ɛ̌} f g {gb} h i í î ǐ j-m {mb} {mp} n {nd} {ng} {ngb} {nk} {ns} {nt} {nz} o ó ô ǒ ɔ {ɔ́} {ɔ̂} {ɔ̌} p-u ú û ǔ v-z]</exemplarCharacters>
	</characters>
	<delimiters>
		<quotationStart draft="unconfirmed">«</quotationStart>
		<quotationEnd draft="unconfirmed">»</quotationEnd>
		<alternateQuotationStart draft="unconfirmed">“</alternateQuotationStart>
		<alternateQuotationEnd draft="unconfirmed">”</alternateQuotationEnd>
	</delimiters>
	<dates>
		<calendars>
			<calendar type="gregorian">
				<months>
					<monthContext type="format">
						<monthWidth type="abbreviated">
							<month type="1" draft="unconfirmed">s1</month>
							<month type="2" draft="unconfirmed">s2</month>
							<month type="3" draft="unconfirmed">s3</month>
							<month type="4" draft="unconfirmed">s4</month>
							<month type="5" draft="unconfirmed">s5</month>
							<month type="6" draft="unconfirmed">s6</month>
							<month type="7" draft="unconfirmed">s7</month>
							<month type="8" draft="unconfirmed">s8</month>
							<month type="9" draft="unconfirmed">s9</month>
							<month type="10" draft="unconfirmed">s10</month>
							<month type="11" draft="unconfirmed">s11</month>
							<month type="12" draft="unconfirmed">s12</month>
						</monthWidth>
						<monthWidth type="wide">
							<month type="1" draft="unconfirmed">sánzá ya yambo</month>
							<month type="2" draft="unconfirmed">sánzá ya míbalé</month>
							<month type="3" draft="unconfirmed">sánzá ya mísáto</month>
							<month type="4" draft="unconfirmed">sánzá ya mínei</month>
							<month type="4" alt="proposed-x1001" draft="unconfirmed">sánzá ya mínéi</month>
							<month type="5" draft="unconfirmed">sánzá ya mítáno</month>
							<month type="6" draft="unconfirmed">sánzá ya motóbá</month>
							<month type="7" draft="unconfirmed">sánzá ya nsambo</month>
							<month type="8" draft="unconfirmed">sánzá ya mwambe</month>
							<month type="9" draft="unconfirmed">sánzá ya libwa</month>
							<month type="10" draft="unconfirmed">sánzá ya zómi</month>
							<month type="10" alt="proposed-x1001" draft="unconfirmed">sánzá ya zómí</month>
							<month type="11" draft="unconfirmed">sánzá ya zómi na mɔ̌kɔ́</month>
							<month type="11" alt="proposed-x1001" draft="unconfirmed">sánzá ya zómí na mɔ̌kɔ́</month>
							<month type="12" draft="unconfirmed">sánzá ya zómi na míbalé</month>
							<month type="12" alt="proposed-x1001" draft="unconfirmed">sánzá ya zómí na míbalé</month>
						</monthWidth>
					</monthContext>
					<monthContext type="stand-alone">
						<monthWidth type="narrow">
							<month type="1" draft="unconfirmed">1</month>
							<month type="2" draft="unconfirmed">2</month>
							<month type="3" draft="unconfirmed">3</month>
							<month type="4" draft="unconfirmed">4</month>
							<month type="5" draft="unconfirmed">5</month>
							<month type="6" draft="unconfirmed">6</month>
							<month type="7" draft="unconfirmed">7</month>
							<month type="8" draft="unconfirmed">8</month>
							<month type="9" draft="unconfirmed">9</month>
							<month type="10" draft="unconfirmed">10</month>
							<month type="11" draft="unconfirmed">11</month>
							<month type="12" draft="unconfirmed">12</month>
						</monthWidth>
					</monthContext>
				</months>
				<days>
					<dayContext type="format">
						<dayWidth type="abbreviated">
							<day type="sun" draft="unconfirmed">eye</day>
							<day type="mon" draft="unconfirmed">m1</day>
							<day type="tue" draft="unconfirmed">m2</day>
							<day type="wed" draft="unconfirmed">m3</day>
							<day type="thu" draft="unconfirmed">m4</day>
							<day type="fri" draft="unconfirmed">m5</day>
							<day type="sat" draft="unconfirmed">mps</day>
						</dayWidth>
						<dayWidth type="wide">
							<day type="sun" draft="unconfirmed">eyenga</day>
							<day type="mon" draft="unconfirmed">mokɔlɔ ya libosó</day>
							<day type="tue" draft="unconfirmed">mokɔlɔ ya míbalé</day>
							<day type="wed" draft="unconfirmed">mokɔlɔ ya mísáto</day>
							<day type="thu" draft="unconfirmed">mokɔlɔ ya mínéi</day>
							<day type="fri" draft="unconfirmed">mokɔlɔ ya mítáno</day>
							<day type="sat" draft="unconfirmed">mpɔ́sɔ</day>
						</dayWidth>
					</dayContext>
					<dayContext type="stand-alone">
						<dayWidth type="narrow">
							<day type="sun" draft="unconfirmed">1</day>
							<day type="mon" draft="unconfirmed">2</day>
							<day type="tue" draft="unconfirmed">3</day>
							<day type="wed" draft="unconfirmed">4</day>
							<day type="thu" draft="unconfirmed">5</day>
							<day type="fri" draft="unconfirmed">6</day>
							<day type="sat" draft="unconfirmed">7</day>
						</dayWidth>
					</dayContext>
				</days>
				<quarters>
					<quarterContext type="format">
						<quarterWidth type="abbreviated">
							<quarter type="1" draft="unconfirmed">SM1</quarter>
							<quarter type="2" draft="unconfirmed">SM2</quarter>
							<quarter type="3" draft="unconfirmed">SM3</quarter>
							<quarter type="4" draft="unconfirmed">SM4</quarter>
						</quarterWidth>
						<quarterWidth type="wide">
							<quarter type="1" draft="unconfirmed">sánzá mísáto ya yambo</quarter>
							<quarter type="2" draft="unconfirmed">sánzá mísáto ya míbalé</quarter>
							<quarter type="3" draft="unconfirmed">sánzá mísáto ya mísáto</quarter>
							<quarter type="4" draft="unconfirmed">sánzá mísáto ya mínei</quarter>
							<quarter type="4" alt="proposed-x1001" draft="unconfirmed">sánzá mísáto ya mínéi</quarter>
						</quarterWidth>
					</quarterContext>
				</quarters>
				<am draft="unconfirmed">AM</am>
				<pm draft="unconfirmed">PM</pm>
				<eras>
					<eraNames>
						<era type="0" draft="unconfirmed">libosó ya Y.-K.</era>
						<era type="1" draft="unconfirmed">nsima ya Y.-K.</era>
					</eraNames>
					<eraAbbr>
						<era type="0" draft="unconfirmed">libosó ya Y.-K.</era>
						<era type="1" draft="unconfirmed">nsima ya Y.-K.</era>
					</eraAbbr>
				</eras>
				<dateFormats>
					<dateFormatLength type="full">
						<dateFormat>
							<pattern draft="unconfirmed">EEEE, yyyy MMMM dd</pattern>
						</dateFormat>
					</dateFormatLength>
					<dateFormatLength type="long">
						<dateFormat>
							<pattern draft="unconfirmed">yyyy MMMM d</pattern>
						</dateFormat>
					</dateFormatLength>
					<dateFormatLength type="medium">
						<dateFormat>
							<pattern draft="unconfirmed">yyyy MMM d</pattern>
						</dateFormat>
					</dateFormatLength>
					<dateFormatLength type="short">
						<dateFormat>
							<pattern draft="unconfirmed">yy/MM/dd</pattern>
						</dateFormat>
					</dateFormatLength>
				</dateFormats>
				<timeFormats>
					<timeFormatLength type="full">
						<timeFormat>
							<pattern draft="unconfirmed">HH:mm:ss v</pattern>
						</timeFormat>
					</timeFormatLength>
					<timeFormatLength type="long">
						<timeFormat>
							<pattern draft="unconfirmed">HH:mm:ss z</pattern>
						</timeFormat>
					</timeFormatLength>
					<timeFormatLength type="medium">
						<timeFormat>
							<pattern draft="unconfirmed">HH:mm:ss</pattern>
						</timeFormat>
					</timeFormatLength>
					<timeFormatLength type="short">
						<timeFormat>
							<pattern draft="unconfirmed">HH:mm</pattern>
						</timeFormat>
					</timeFormatLength>
				</timeFormats>
				<dateTimeFormats>
					<dateTimeFormatLength>
						<dateTimeFormat>
							<pattern draft="unconfirmed">{1} {0}</pattern>
						</dateTimeFormat>
					</dateTimeFormatLength>
					<availableFormats>
						<dateFormatItem id="yyQ" draft="unconfirmed">Q yy</dateFormatItem>
					</availableFormats>
				</dateTimeFormats>
				<fields>
					<field type="day">
						<displayName draft="unconfirmed">mokɔlɔ</displayName>
						<relative type="0" draft="unconfirmed">lɛlɔ́</relative>
					</field>
				</fields>
			</calendar>
		</calendars>
		<timeZoneNames>
			<hourFormat draft="unconfirmed">+HH:mm;-HH:mm</hourFormat>
			<gmtFormat draft="unconfirmed">GMT{0}</gmtFormat>
			<regionFormat draft="unconfirmed">{0}</regionFormat>
			<zone type="Africa/Kinshasa">
				<exemplarCity draft="unconfirmed">Kinsásá</exemplarCity>
			</zone>
			<zone type="Africa/Bangui">
				<exemplarCity draft="unconfirmed">Santrafríka</exemplarCity>
			</zone>
			<zone type="Africa/Brazzaville">
				<exemplarCity alt="proposed-x1001" draft="unconfirmed">Kongó-Brazzaville</exemplarCity>
				<exemplarCity alt="proposed-x1002" draft="unconfirmed">Brazzaville</exemplarCity>
			</zone>
		</timeZoneNames>
	</dates>
	<numbers>
		<symbols>
			<decimal draft="unconfirmed">.</decimal>
			<decimal alt="proposed-x1001" draft="unconfirmed">,</decimal>
		</symbols>
		<currencies>
			<currency type="CDF">
				<displayName draft="unconfirmed">falánga kongolé</displayName>
				<displayName alt="proposed-x1001" draft="unconfirmed">falánga</displayName>
				<displayName alt="proposed-x1002" draft="unconfirmed">falánga ya Kongó-Kinsásá</displayName>
				<symbol draft="unconfirmed">FC</symbol>
			</currency>
			<currency type="XXX">
				<displayName draft="unconfirmed">mbɔ́ngɔ eyébámí tɛ́</displayName>
				<symbol draft="unconfirmed">XXX</symbol>
			</currency>
		</currencies>
	</numbers>
	<references>
		<reference type="R190" uri="http://www.rifal.org/3_information.html">Edema Atibakwa-Baboya, L’orthographe des langues de la République démocratique du Congo: entre usages et norme, Les cahiers du Rifal, N° 23, novembre 2003</reference>
		<reference type="R191" uri="http://www.amazon.ca/exec/obidos/ASIN/0967958776/qid=1140217014/sr=1-7/ref=sr_1_0_7/702-7033870-9370469">Bokamba, Eyamba G. &amp; Bokamba, Molingo Virginie, Tosolola Na Lingala: Let's Speak Lingala ISBN: 0967958776</reference>
		<reference type="R192" uri="http://en.wikipedia.org/wiki/Lingala_language">Wikipedia on Lingala</reference>
		<reference type="R193" uri="http://www.amazon.ca/exec/obidos/ASIN/2845865686/qid%3D1140216973/702-7033870-9370469">Kawata Ashem Tem, Bago ya lingala mambi ma lokota (dictionnaire lingala) ISBN 2-84586-494-9</reference>
	</references>
</ldml>

