<?xml version="1.0" encoding="UTF-8" ?>
<!DOCTYPE ldml SYSTEM "http://www.unicode.org/cldr/dtd/1.5/ldml.dtd">
<ldml>
	<identity>
		<version number="$Revision: 1.70 $"/>
		<generation date="$Date: 2007/07/19 23:40:49 $"/>
		<language type="lv"/>
	</identity>
	<localeDisplayNames>
		<languages>
			<language type="af" draft="provisional">afrikāņu</language>
			<language type="am" draft="provisional">amharu</language>
			<language type="ar">arābu</language>
			<language type="as" draft="provisional">asamiešu</language>
			<language type="az" draft="provisional">azerbaidžāņu</language>
			<language type="be" draft="provisional">baltkrievu</language>
			<language type="bg">bulgāru</language>
			<language type="bh" draft="provisional">biharu</language>
			<language type="bn" draft="contributed">bengāļu</language>
			<language type="br" draft="provisional">bretoņu</language>
			<language type="bs" draft="provisional">bosniešu</language>
			<language type="ca" draft="provisional">katalāņu</language>
			<language type="cs">čehu</language>
			<language type="cy" draft="provisional">velsiešu</language>
			<language type="da">dāņu</language>
			<language type="de">vācu</language>
			<language type="el">grieķu</language>
			<language type="en">angļu</language>
			<language type="en_AU" alt="proposed-x1002" draft="unconfirmed">angļu (austrālija)</language>
			<language type="en_US" draft="provisional">angļu (ASV)</language>
			<language type="eo" draft="provisional">esperanto</language>
			<language type="es">spāņu</language>
			<language type="es_419" draft="provisional">spāņu (Latīņamerika)</language>
			<language type="et">igauņu</language>
			<language type="eu" draft="provisional">basku</language>
			<language type="fa" draft="provisional">persiešu</language>
			<language type="fi">somu</language>
			<language type="fil" draft="provisional">tagalu</language>
			<language type="fo" draft="provisional">faroisu</language>
			<language type="fr">franču</language>
			<language type="fy" draft="provisional">frīzu</language>
			<language type="ga" draft="contributed">īru</language>
			<language type="gd" draft="provisional">skotu-ķeltu</language>
			<language type="gl" draft="provisional">galisiešu</language>
			<language type="gn" draft="provisional">gvaranu</language>
			<language type="gu" draft="provisional">gudžaratu</language>
			<language type="he">ivrits</language>
			<language type="he" alt="proposed-x1001" draft="unconfirmed">ebreju (ivrits)</language>
			<language type="hi" draft="contributed">hindi</language>
			<language type="hr">horvātu</language>
			<language type="hu">ungāru</language>
			<language type="hy" draft="provisional">armēņu</language>
			<language type="ia" draft="provisional">interlingva</language>
			<language type="id" draft="provisional">indonēziešu</language>
			<language type="ie" draft="provisional">interlingue</language>
			<language type="is" draft="provisional">islandiešu</language>
			<language type="it">itāliešu</language>
			<language type="it" alt="proposed-x1001" draft="unconfirmed">itāļu</language>
			<language type="ja">japāņu</language>
			<language type="jv" draft="provisional">javiešu</language>
			<language type="ka" draft="provisional">gruzīnu</language>
			<language type="km" draft="provisional">khmeru</language>
			<language type="kn" draft="provisional">kannada</language>
			<language type="ko">korejiešu</language>
			<language type="ku" draft="provisional">kurdu</language>
			<language type="ky" draft="provisional">kirgīzu</language>
			<language type="la" draft="provisional">latīņu</language>
			<language type="ln" draft="provisional">lingala</language>
			<language type="lo" draft="provisional">laosiešu</language>
			<language type="lt">lietuviešu</language>
			<language type="lv">latviešu</language>
			<language type="mk" draft="provisional">maķedoniešu</language>
			<language type="ml" draft="provisional">malajalamiešu</language>
			<language type="mn" draft="provisional">mongoļu</language>
			<language type="mr" draft="provisional">maratu</language>
			<language type="ms" draft="provisional">malajiešu</language>
			<language type="mt" draft="contributed">maltiešu</language>
			<language type="ne" draft="provisional">nepāliešu</language>
			<language type="nl">holandiešu</language>
			<language type="nn" draft="provisional">norvēģu (Nynorsk)</language>
			<language type="no">norvēģu</language>
			<language type="oc" draft="provisional">provansiešu</language>
			<language type="or" draft="provisional">orisiešu</language>
			<language type="pa" draft="provisional">pandžabu</language>
			<language type="pl">poļu</language>
			<language type="ps" draft="provisional">puštu</language>
			<language type="pt">portugāļu</language>
			<language type="ro">rumāņu</language>
			<language type="ru">krievu</language>
			<language type="sa" draft="provisional">sanskrita</language>
			<language type="sd" draft="provisional">sindžu</language>
			<language type="sh" draft="provisional">serbu-horvātu</language>
			<language type="si" draft="provisional">sinhalīzu</language>
			<language type="sk">slovāku</language>
			<language type="sl">slovēņu</language>
			<language type="so" draft="provisional">somāļu</language>
			<language type="sq" draft="provisional">albāņu</language>
			<language type="sr" draft="provisional">serbu</language>
			<language type="st" draft="provisional">sesoto</language>
			<language type="su" draft="provisional">sundaniešu</language>
			<language type="sv">zviedru</language>
			<language type="sw" draft="provisional">svahilu</language>
			<language type="ta" draft="provisional">tamilu</language>
			<language type="te" draft="provisional">telugu</language>
			<language type="th" draft="contributed">taju</language>
			<language type="ti" draft="provisional">tigrinja</language>
			<language type="tk" draft="provisional">turkmēņu</language>
			<language type="tl" draft="provisional">tagalogu</language>
			<language type="tlh" draft="provisional">klingoniešu</language>
			<language type="tr">turku</language>
			<language type="tw" draft="provisional">čvī</language>
			<language type="ug" draft="provisional">uighuru</language>
			<language type="uk" draft="provisional">ukraiņu</language>
			<language type="und" draft="contributed">nezināma vai nederīga valoda</language>
			<language type="ur" draft="provisional">urdu</language>
			<language type="uz" draft="provisional">uzbeku</language>
			<language type="vi" draft="provisional">vjetnamiešu</language>
			<language type="xh" draft="provisional">khosu</language>
			<language type="yi" draft="provisional">ebreju (jidišs)</language>
			<language type="zh">ķīniešu</language>
			<language type="zh_Hans" draft="contributed">ķīniešu vienkāršotā</language>
			<language type="zh_Hans" alt="proposed-x1001" draft="unconfirmed">ķīniešu (vienkāršotā)</language>
			<language type="zh_Hant" draft="contributed">ķīniešu tradicionālā</language>
			<language type="zh_Hant" alt="proposed-x1001" draft="unconfirmed">ķīniešu (tradicionālā)</language>
			<language type="zu" draft="provisional">zulu</language>
		</languages>
		<scripts>
			<script type="Arab" draft="provisional">arābu</script>
			<script type="Cyrl" draft="provisional">kirilica</script>
			<script type="Latn" draft="provisional">latīņu</script>
			<script type="Zxxx" draft="provisional">Bez rakstības</script>
			<script type="Zzzz" draft="provisional">Nezināma vai nederīga rakstība</script>
		</scripts>
		<territories>
			<territory type="172" draft="contributed">Neatkarīgo Valstu Savienība</territory>
			<territory type="AD">Andora</territory>
			<territory type="AE">Apvienotie Arābu Emirāti</territory>
			<territory type="AF">Afganistāna</territory>
			<territory type="AG">Antigva un Barbuda</territory>
			<territory type="AI">Angilja</territory>
			<territory type="AL">Albānija</territory>
			<territory type="AM">Armēnija</territory>
			<territory type="AN">Antiļas</territory>
			<territory type="AN" alt="proposed-x1001" draft="unconfirmed">Nīderlandes Antiļas</territory>
			<territory type="AO">Angola</territory>
			<territory type="AQ">Antarktika</territory>
			<territory type="AR">Argentīna</territory>
			<territory type="AS">Amerikāņu Samoa</territory>
			<territory type="AS" alt="proposed-x1001" draft="unconfirmed">ASV Samoa</territory>
			<territory type="AT">Austrija</territory>
			<territory type="AU">Austrālija</territory>
			<territory type="AW">Aruba</territory>
			<territory type="AX" draft="contributed">Olandes salas</territory>
			<territory type="AX" alt="proposed-x1001" draft="unconfirmed">Ālandi</territory>
			<territory type="AX" alt="proposed-x1002" draft="unconfirmed">Ālandu salas</territory>
			<territory type="AZ">Azerbaidžāna</territory>
			<territory type="BA">Bosnija un Hercegovina</territory>
			<territory type="BB">Barbadosa</territory>
			<territory type="BD">Bangladeša</territory>
			<territory type="BE">Beļģija</territory>
			<territory type="BF">Burkinafaso</territory>
			<territory type="BG">Bulgārija</territory>
			<territory type="BH">Bahreina</territory>
			<territory type="BI">Burundi</territory>
			<territory type="BJ">Benina</territory>
			<territory type="BM">Bermudu salas</territory>
			<territory type="BN">Bruneja</territory>
			<territory type="BO">Bolīvija</territory>
			<territory type="BR">Brazīlija</territory>
			<territory type="BS">Bahamas</territory>
			<territory type="BS" alt="proposed-x1001" draft="unconfirmed">Bahamu salas</territory>
			<territory type="BT">Butāna</territory>
			<territory type="BV">Buvē sala</territory>
			<territory type="BW">Botsvāna</territory>
			<territory type="BY">Baltkrievija</territory>
			<territory type="BZ">Beliza</territory>
			<territory type="CA">Kanāda</territory>
			<territory type="CC">Kokosu (Kīlinga) salas</territory>
			<territory type="CC" alt="proposed-x1001" draft="unconfirmed">Kokosu salas</territory>
			<territory type="CD">Kongo Demokrātiskā Republika</territory>
			<territory type="CD" alt="proposed-x1001" draft="unconfirmed">Kongo-Kinshasa</territory>
			<territory type="CF">Centrālāfrikas Republika</territory>
			<territory type="CG">Kongo</territory>
			<territory type="CG" alt="proposed-x1001" draft="unconfirmed">Kongo-Brazzaville</territory>
			<territory type="CH">Šveice</territory>
			<territory type="CI">Kotdivuāra</territory>
			<territory type="CK">Kuka salas</territory>
			<territory type="CL">Čīle</territory>
			<territory type="CM">Kamerūna</territory>
			<territory type="CN">Ķīna</territory>
			<territory type="CO">Kolumbija</territory>
			<territory type="CR">Kostarika</territory>
			<territory type="CS">Serbija un Melnkalne</territory>
			<territory type="CU">Kuba</territory>
			<territory type="CV">Kaboverde</territory>
			<territory type="CX">Ziemsvētku sala</territory>
			<territory type="CY">Kipra</territory>
			<territory type="CZ">Čehija</territory>
			<territory type="DE">Vācija</territory>
			<territory type="DJ">Džibutija</territory>
			<territory type="DK">Dānija</territory>
			<territory type="DM">Dominika</territory>
			<territory type="DO">Dominikānas Republika</territory>
			<territory type="DZ">Alžīrija</territory>
			<territory type="EC">Ekvadora</territory>
			<territory type="EE">Igaunija</territory>
			<territory type="EG">Ēģipte</territory>
			<territory type="EH">Rietumsahāra</territory>
			<territory type="ER">Eritreja</territory>
			<territory type="ES">Spānija</territory>
			<territory type="ET">Etiopija</territory>
			<territory type="FI">Somija</territory>
			<territory type="FJ">Fidži</territory>
			<territory type="FK">Folklenda salas</territory>
			<territory type="FK" alt="proposed-x1001" draft="unconfirmed">Folklenda (Malvinu) salas</territory>
			<territory type="FM">Mikronēzijas Federatīvās Valstis</territory>
			<territory type="FM" alt="proposed-x1001" draft="unconfirmed">Mikronēzija</territory>
			<territory type="FO">Farēru salas</territory>
			<territory type="FO" alt="proposed-x1001" draft="unconfirmed">Farēru (Fēru) salas</territory>
			<territory type="FO" alt="proposed-x1002" draft="unconfirmed">Fēru salas</territory>
			<territory type="FR">Francija</territory>
			<territory type="GA">Gabona</territory>
			<territory type="GB">Lielbritānija</territory>
			<territory type="GB" alt="proposed-x1001" draft="unconfirmed">Lielbritānijas un Ziemeļīrijas Apvienotā Karaliste</territory>
			<territory type="GD">Grenāda</territory>
			<territory type="GE">Gruzija</territory>
			<territory type="GF">Franču Gviāna</territory>
			<territory type="GF" alt="proposed-x1001" draft="unconfirmed">Francijas Gviāna</territory>
			<territory type="GG" draft="contributed">Gērnsija</territory>
			<territory type="GH">Gana</territory>
			<territory type="GI">Gibraltārs</territory>
			<territory type="GL">Grenlande</territory>
			<territory type="GM">Gambija</territory>
			<territory type="GN">Gvineja</territory>
			<territory type="GP">Gvadelupa</territory>
			<territory type="GQ">Ekvatoriālā Gvineja</territory>
			<territory type="GR">Grieķija</territory>
			<territory type="GS">Dienviddžordžija un Dienvidsendviču salas</territory>
			<territory type="GT">Gvatemala</territory>
			<territory type="GU">Guama</territory>
			<territory type="GW">Gvineja-Bisava</territory>
			<territory type="GY">Gajāna</territory>
			<territory type="HK">Honkonga, Ķīnas īpašās pārvaldes apgabals</territory>
			<territory type="HK" alt="proposed-x1001" draft="unconfirmed">Honkonga</territory>
			<territory type="HK" alt="short" draft="contributed">Honkonga</territory>
			<territory type="HM">Hērda un Makdonalda salas</territory>
			<territory type="HM" alt="proposed-x1001" draft="unconfirmed">Hērda sala un Makdonalda salas</territory>
			<territory type="HN">Hondurasa</territory>
			<territory type="HR">Horvātija</territory>
			<territory type="HT">Haiti</territory>
			<territory type="HU">Ungārija</territory>
			<territory type="ID">Indonēzija</territory>
			<territory type="IE">Īrija</territory>
			<territory type="IL">Izraēla</territory>
			<territory type="IM" draft="contributed">Mena</territory>
			<territory type="IM" alt="proposed-x1001" draft="unconfirmed">Menas sala</territory>
			<territory type="IN">Indija</territory>
			<territory type="IO">Britu Indijas okeāna teritorija</territory>
			<territory type="IO" alt="proposed-x1001" draft="unconfirmed">Indijas okeāna Britu teritorija</territory>
			<territory type="IQ">Irāka</territory>
			<territory type="IR">Irāna</territory>
			<territory type="IS">Islande</territory>
			<territory type="IS" alt="proposed-x1001" draft="unconfirmed">Īslande</territory>
			<territory type="IT">Itālija</territory>
			<territory type="JE" draft="contributed">Džērsija</territory>
			<territory type="JM">Jamaika</territory>
			<territory type="JO">Jordānija</territory>
			<territory type="JP">Japāna</territory>
			<territory type="KE">Kenija</territory>
			<territory type="KG">Kirgīzija</territory>
			<territory type="KG" alt="proposed-x1001" draft="unconfirmed">Kirgizstāna</territory>
			<territory type="KH">Kambodža</territory>
			<territory type="KI">Kiribati</territory>
			<territory type="KM">Komoru salas</territory>
			<territory type="KN">Sentkitsa un Nevisa</territory>
			<territory type="KP">Ziemeļkoreja</territory>
			<territory type="KR">Dienvidkoreja</territory>
			<territory type="KW">Kuveita</territory>
			<territory type="KY">Kaimanu salas</territory>
			<territory type="KZ">Kazahstāna</territory>
			<territory type="LA">Laosa</territory>
			<territory type="LB">Libāna</territory>
			<territory type="LC">Sentlūsija</territory>
			<territory type="LI">Lihtenšteina</territory>
			<territory type="LK">Šrilanka</territory>
			<territory type="LR">Libērija</territory>
			<territory type="LS">Lesoto</territory>
			<territory type="LT">Lietuva</territory>
			<territory type="LU">Luksemburga</territory>
			<territory type="LV">Latvija</territory>
			<territory type="LY">Lībija</territory>
			<territory type="MA">Maroka</territory>
			<territory type="MC">Monako</territory>
			<territory type="MD">Moldova</territory>
			<territory type="ME" draft="contributed">Melnkalne</territory>
			<territory type="MG">Madagaskara</territory>
			<territory type="MH">Māršala salas</territory>
			<territory type="MK">Maķedonija</territory>
			<territory type="ML">Mali</territory>
			<territory type="MM">Mjanma</territory>
			<territory type="MN">Mongolija</territory>
			<territory type="MO">Makao, Ķīnas īpašās pārvaldes apgabals</territory>
			<territory type="MO" alt="proposed-x1001" draft="unconfirmed">Makao</territory>
			<territory type="MO" alt="short" draft="contributed">Makao</territory>
			<territory type="MP">Ziemeļu Marianas</territory>
			<territory type="MP" alt="proposed-x1001" draft="unconfirmed">Ziemeļmarianas salas</territory>
			<territory type="MP" alt="proposed-x1002" draft="unconfirmed">Ziemeļu Marianas salas</territory>
			<territory type="MQ">Martinika</territory>
			<territory type="MR">Mauritānija</territory>
			<territory type="MS">Montserrata</territory>
			<territory type="MT">Malta</territory>
			<territory type="MU">Maurīcija</territory>
			<territory type="MV">Maldīvija</territory>
			<territory type="MW">Malāvija</territory>
			<territory type="MX">Meksika</territory>
			<territory type="MY">Malaizija</territory>
			<territory type="MZ">Mozambika</territory>
			<territory type="NA">Namībija</territory>
			<territory type="NC">Jaunkaledonija</territory>
			<territory type="NE">Nigēra</territory>
			<territory type="NF">Norfolka</territory>
			<territory type="NF" alt="proposed-x1001" draft="unconfirmed">Norfolkas sala</territory>
			<territory type="NG">Nigērija</territory>
			<territory type="NI">Nikaragva</territory>
			<territory type="NL">Nīderlande</territory>
			<territory type="NO">Norvēģija</territory>
			<territory type="NP">Nepāla</territory>
			<territory type="NR">Nauru</territory>
			<territory type="NU">Niue</territory>
			<territory type="NZ">Jaunzēlande</territory>
			<territory type="OM">Omāna</territory>
			<territory type="PA">Panama</territory>
			<territory type="PE">Peru</territory>
			<territory type="PF">Franču Polinēzija</territory>
			<territory type="PF" alt="proposed-x1001" draft="unconfirmed">Francijas Polinēzija</territory>
			<territory type="PG">Papua-Jaungvineja</territory>
			<territory type="PH">Filipīnas</territory>
			<territory type="PK">Pakistāna</territory>
			<territory type="PL">Polija</territory>
			<territory type="PM">Senpjēra un Mikelona</territory>
			<territory type="PN">Pitkērna</territory>
			<territory type="PR">Puertoriko</territory>
			<territory type="PS">Palestīniešu pašpārvaldes teritorija</territory>
			<territory type="PS" alt="proposed-x1001" draft="unconfirmed">Palestīna</territory>
			<territory type="PT">Portugāle</territory>
			<territory type="PW">Palau</territory>
			<territory type="PY">Paragvaja</territory>
			<territory type="QA">Katara</territory>
			<territory type="RE">Reinjona</territory>
			<territory type="RO">Rumānija</territory>
			<territory type="RS" draft="contributed">Serbija</territory>
			<territory type="RU">Krievija</territory>
			<territory type="RW">Ruanda</territory>
			<territory type="SA">Saūda Arābija</territory>
			<territory type="SB">Zālamana salas</territory>
			<territory type="SC">Seišeļu salas</territory>
			<territory type="SC" alt="proposed-x1001" draft="unconfirmed">Seišelu salas</territory>
			<territory type="SD">Sudāna</territory>
			<territory type="SE">Zviedrija</territory>
			<territory type="SG">Singapūra</territory>
			<territory type="SH">Sv. Helēnas sala</territory>
			<territory type="SH" alt="proposed-x1001" draft="unconfirmed">Sv.Helēnas sala</territory>
			<territory type="SH" alt="proposed-x1002" draft="unconfirmed">Svētās Helēnas Sala</territory>
			<territory type="SI">Slovēnija</territory>
			<territory type="SJ">Svalbāra un Jana Majena sala</territory>
			<territory type="SJ" alt="proposed-x1001" draft="unconfirmed">Svalbāra un Jana Majena</territory>
			<territory type="SJ" alt="proposed-x1002" draft="unconfirmed">Svalbāras arhipelāgs un Jana Majena sala</territory>
			<territory type="SK">Slovākija</territory>
			<territory type="SL">Sjerraleone</territory>
			<territory type="SM">Sanmarīno</territory>
			<territory type="SN">Senegāla</territory>
			<territory type="SO">Somālija</territory>
			<territory type="SR">Surinama</territory>
			<territory type="ST">Santome un Prinsipi</territory>
			<territory type="SV">Salvadora</territory>
			<territory type="SY">Sīrija</territory>
			<territory type="SZ">Svazilenda</territory>
			<territory type="TC">Tērksas un Kaikosas salas</territory>
			<territory type="TD">Čada</territory>
			<territory type="TF">Franču dienvidu teritorijas</territory>
			<territory type="TF" alt="proposed-x1001" draft="unconfirmed">Francijas Dienvidjūru teritorija</territory>
			<territory type="TG">Togo</territory>
			<territory type="TH">Taizeme</territory>
			<territory type="TJ">Tadžikistāna</territory>
			<territory type="TK">Tokelau</territory>
			<territory type="TL">Austrumtimora</territory>
			<territory type="TM">Turkmenistāna</territory>
			<territory type="TN">Tunisija</territory>
			<territory type="TO">Tonga</territory>
			<territory type="TO" alt="proposed-x1001" draft="unconfirmed">Tongiešu</territory>
			<territory type="TR">Turcija</territory>
			<territory type="TT">Trinidāda un Tobāgo</territory>
			<territory type="TT" alt="proposed-x1001" draft="unconfirmed">Trinidāda un Tobago</territory>
			<territory type="TV">Tuvalu</territory>
			<territory type="TW">Taivāna</territory>
			<territory type="TZ">Tanzānija</territory>
			<territory type="UA">Ukraina</territory>
			<territory type="UG">Uganda</territory>
			<territory type="UM">ASV mazās aizjūras teritorijas</territory>
			<territory type="UM" alt="proposed-x1001" draft="unconfirmed">ASV Mazās Aizjūras salas</territory>
			<territory type="US">United States</territory>
			<territory type="US" alt="proposed-x1001" draft="unconfirmed">Amerikas Savienotās Valstis</territory>
			<territory type="UY">Urugvaja</territory>
			<territory type="UZ">Uzbekistāna</territory>
			<territory type="VA">Vatikāns</territory>
			<territory type="VC">Sentvinsenta un Grenadīnas</territory>
			<territory type="VE">Venecuēla</territory>
			<territory type="VG">Britu Virdžīnu salas</territory>
			<territory type="VG" alt="proposed-x1001" draft="unconfirmed">Britu Virdžīnas</territory>
			<territory type="VI">Amerikāņu Virdžīnu salas</territory>
			<territory type="VI" alt="proposed-x1001" draft="unconfirmed">ASV Virdžīnas</territory>
			<territory type="VI" alt="proposed-x1002" draft="unconfirmed">Amerikāņu Virdžīnas</territory>
			<territory type="VN">Vjetnama</territory>
			<territory type="VU">Vanuatu</territory>
			<territory type="WF">Volisa un Futuna</territory>
			<territory type="WF" alt="proposed-x1001" draft="unconfirmed">Volisa un Futunas salas</territory>
			<territory type="WS">Samoa</territory>
			<territory type="WS" alt="proposed-x1001" draft="unconfirmed">Rietumsamoa</territory>
			<territory type="YE">Jemena</territory>
			<territory type="YT">Majota</territory>
			<territory type="ZA">Dienvidāfrika</territory>
			<territory type="ZM">Zambija</territory>
			<territory type="ZW">Zimbabve</territory>
			<territory type="ZZ" draft="provisional">Nezināms vai nederīgs reģions</territory>
		</territories>
		<keys>
			<key type="calendar" draft="contributed">Kalendārs</key>
			<key type="collation" draft="provisional">Šķirošana komplektos</key>
			<key type="currency" draft="contributed">Valūta</key>
		</keys>
		<measurementSystemNames>
			<measurementSystemName type="US" draft="contributed">britu</measurementSystemName>
			<measurementSystemName type="metric" draft="contributed">metriskā</measurementSystemName>
		</measurementSystemNames>
	</localeDisplayNames>
	<characters>
		<exemplarCharacters>[a ā b c č d e ē f g ģ h i ī j k ķ l ļ m n ņ o p r s š t u ū v z ž]</exemplarCharacters>
		<exemplarCharacters type="auxiliary">[y q w x]</exemplarCharacters>
	</characters>
	<delimiters>
		<quotationStart draft="contributed">“</quotationStart>
		<quotationStart alt="proposed-x1001" draft="unconfirmed">”</quotationStart>
		<quotationStart alt="proposed-x1002" draft="unconfirmed">‘</quotationStart>
		<quotationEnd draft="contributed">”</quotationEnd>
		<quotationEnd alt="proposed-x1001" draft="unconfirmed">’</quotationEnd>
		<alternateQuotationStart draft="unconfirmed">‘</alternateQuotationStart>
		<alternateQuotationStart alt="proposed-x1001" draft="unconfirmed">“</alternateQuotationStart>
		<alternateQuotationStart alt="proposed-x1002" draft="unconfirmed">’</alternateQuotationStart>
		<alternateQuotationEnd draft="unconfirmed">’</alternateQuotationEnd>
		<alternateQuotationEnd alt="proposed-x1001" draft="unconfirmed">”</alternateQuotationEnd>
	</delimiters>
	<dates>
		<localizedPatternChars>GanjkHmsSEDFwWxhKzAeugXZvcL</localizedPatternChars>
		<calendars>
			<calendar type="gregorian">
				<months>
					<monthContext type="format">
						<monthWidth type="abbreviated">
							<month type="1">Jan</month>
							<month type="2">Feb</month>
							<month type="3">Mar</month>
							<month type="4">Apr</month>
							<month type="5">Mai</month>
							<month type="6">Jūn</month>
							<month type="7">Jūl</month>
							<month type="8">Aug</month>
							<month type="9">Sep</month>
							<month type="10">Okt</month>
							<month type="11">Nov</month>
							<month type="12">Dec</month>
						</monthWidth>
						<monthWidth type="wide">
							<month type="1">janvāris</month>
							<month type="2">februāris</month>
							<month type="3">marts</month>
							<month type="4">aprīlis</month>
							<month type="5">maijs</month>
							<month type="6">jūnijs</month>
							<month type="7">jūlijs</month>
							<month type="8">augusts</month>
							<month type="9">septembris</month>
							<month type="10">oktobris</month>
							<month type="11">novembris</month>
							<month type="12">decembris</month>
						</monthWidth>
					</monthContext>
					<monthContext type="stand-alone">
						<monthWidth type="narrow">
							<month type="1" draft="unconfirmed">1</month>
							<month type="2" draft="unconfirmed">2</month>
							<month type="3" draft="unconfirmed">3</month>
							<month type="4" draft="unconfirmed">4</month>
							<month type="5" draft="unconfirmed">5</month>
							<month type="6" draft="unconfirmed">6</month>
							<month type="7" draft="unconfirmed">7</month>
							<month type="8" draft="unconfirmed">8</month>
							<month type="9" draft="unconfirmed">9</month>
							<month type="10" draft="unconfirmed">10</month>
							<month type="11" draft="unconfirmed">11</month>
							<month type="12" draft="unconfirmed">12</month>
						</monthWidth>
					</monthContext>
				</months>
				<days>
					<dayContext type="format">
						<dayWidth type="abbreviated">
							<day type="sun">Sv</day>
							<day type="sun" alt="proposed-x1001" draft="unconfirmed">Saule</day>
							<day type="mon">P</day>
							<day type="mon" alt="proposed-x1001" draft="unconfirmed">Pirmdiena</day>
							<day type="tue">O</day>
							<day type="tue" alt="proposed-x1001" draft="unconfirmed">Ot</day>
							<day type="wed">T</day>
							<day type="wed" alt="proposed-x1001" draft="unconfirmed">Tr</day>
							<day type="wed" alt="proposed-x1002" draft="unconfirmed">Trešd</day>
							<day type="thu">C</day>
							<day type="thu" alt="proposed-x1001" draft="unconfirmed">Cet</day>
							<day type="thu" alt="proposed-x1002" draft="unconfirmed">Ce</day>
							<day type="fri">Pk</day>
							<day type="fri" alt="proposed-x1001" draft="unconfirmed">Piektd</day>
							<day type="sat">S</day>
							<day type="sat" alt="proposed-x1001" draft="unconfirmed">Sestdiena</day>
							<day type="sat" alt="proposed-x1002" draft="unconfirmed">Se</day>
						</dayWidth>
						<dayWidth type="wide">
							<day type="sun">svētdiena</day>
							<day type="mon">pirmdiena</day>
							<day type="tue">otrdiena</day>
							<day type="wed">trešdiena</day>
							<day type="thu">ceturtdiena</day>
							<day type="fri">piektdiena</day>
							<day type="sat">sestdiena</day>
						</dayWidth>
					</dayContext>
					<dayContext type="stand-alone">
						<dayWidth type="abbreviated">
							<day type="mon" draft="provisional">Pr</day>
							<day type="wed" draft="provisional">Tr</day>
							<day type="thu" draft="provisional">Ce</day>
							<day type="sat" draft="provisional">Se</day>
						</dayWidth>
						<dayWidth type="narrow">
							<day type="sun" draft="unconfirmed">1</day>
							<day type="mon" draft="unconfirmed">2</day>
							<day type="tue" draft="unconfirmed">3</day>
							<day type="wed" draft="unconfirmed">4</day>
							<day type="thu" draft="unconfirmed">5</day>
							<day type="fri" draft="unconfirmed">6</day>
							<day type="sat" draft="unconfirmed">7</day>
						</dayWidth>
					</dayContext>
				</days>
				<quarters>
					<quarterContext type="format">
						<quarterWidth type="abbreviated">
							<quarter type="1">C1</quarter>
							<quarter type="2">C2</quarter>
							<quarter type="3">C3</quarter>
							<quarter type="4">C4</quarter>
						</quarterWidth>
						<quarterWidth type="wide">
							<quarter type="1" draft="provisional">1. ceturksnis</quarter>
							<quarter type="2" draft="provisional">2. ceturksnis</quarter>
							<quarter type="3" draft="provisional">3. ceturksnis</quarter>
							<quarter type="4" draft="provisional">4. ceturksnis</quarter>
						</quarterWidth>
					</quarterContext>
				</quarters>
				<am draft="unconfirmed">AM</am>
				<pm draft="unconfirmed">PM</pm>
				<eras>
					<eraNames>
						<era type="0" draft="contributed">pirms mūsu ēras</era>
						<era type="1" draft="contributed">mūsu ērā</era>
					</eraNames>
					<eraAbbr>
						<era type="0">pmē</era>
						<era type="0" alt="proposed-x1001" draft="unconfirmed">p.m.ē.</era>
						<era type="1">mē</era>
						<era type="1" alt="proposed-x1001" draft="unconfirmed">m.ē.</era>
					</eraAbbr>
					<eraNarrow>
						<era type="0" draft="contributed">p.m.ē.</era>
						<era type="1" draft="contributed">m.ē.</era>
					</eraNarrow>
				</eras>
				<dateFormats>
					<dateFormatLength type="full">
						<dateFormat>
							<pattern>EEEE, yyyy. 'gada' d. MMMM</pattern>
						</dateFormat>
					</dateFormatLength>
					<dateFormatLength type="long">
						<dateFormat>
							<pattern>yyyy. 'gada' d. MMMM</pattern>
						</dateFormat>
					</dateFormatLength>
					<dateFormatLength type="medium">
						<dateFormat>
							<pattern>yyyy.d.M</pattern>
						</dateFormat>
					</dateFormatLength>
					<dateFormatLength type="short">
						<dateFormat>
							<pattern>yy.d.M</pattern>
							<pattern alt="proposed-x1001" draft="unconfirmed">yyyy-MM-dd</pattern>
						</dateFormat>
					</dateFormatLength>
				</dateFormats>
				<timeFormats>
					<timeFormatLength type="full">
						<timeFormat>
							<pattern draft="unconfirmed">HH:mm:ss v</pattern>
						</timeFormat>
					</timeFormatLength>
					<timeFormatLength type="long">
						<timeFormat>
							<pattern draft="unconfirmed">HH:mm:ss z</pattern>
						</timeFormat>
					</timeFormatLength>
					<timeFormatLength type="medium">
						<timeFormat>
							<pattern draft="provisional">HH:mm:ss</pattern>
						</timeFormat>
					</timeFormatLength>
					<timeFormatLength type="short">
						<timeFormat>
							<pattern draft="provisional">HH:mm</pattern>
						</timeFormat>
					</timeFormatLength>
				</timeFormats>
				<dateTimeFormats>
					<dateTimeFormatLength>
						<dateTimeFormat>
							<pattern draft="unconfirmed">{1} {0}</pattern>
						</dateTimeFormat>
					</dateTimeFormatLength>
					<availableFormats>
						<dateFormatItem id="Ed" draft="provisional">E d</dateFormatItem>
						<dateFormatItem id="H" draft="provisional">H</dateFormatItem>
						<dateFormatItem id="HHmm" draft="provisional">HH:mm</dateFormatItem>
						<dateFormatItem id="HHmmss" draft="provisional">HH:mm:ss</dateFormatItem>
						<dateFormatItem id="MMMMd" draft="provisional">d. MMMM</dateFormatItem>
						<dateFormatItem id="Md" draft="unconfirmed">d.M</dateFormatItem>
						<dateFormatItem id="mmss" draft="provisional">mm:ss</dateFormatItem>
						<dateFormatItem id="yyQ" draft="unconfirmed">Q yy</dateFormatItem>
						<dateFormatItem id="yyyy" draft="provisional">yyyy. 'g'.</dateFormatItem>
					</availableFormats>
				</dateTimeFormats>
				<fields>
					<field type="era">
						<displayName draft="provisional">Ēra</displayName>
					</field>
					<field type="year">
						<displayName draft="provisional">Gads</displayName>
					</field>
					<field type="month">
						<displayName draft="provisional">Mēnesis</displayName>
					</field>
					<field type="week">
						<displayName draft="provisional">Nedēļa</displayName>
					</field>
					<field type="day">
						<relative type="0" draft="contributed">šodien</relative>
						<relative type="1" draft="contributed">rīt</relative>
						<relative type="2" draft="contributed">parīt</relative>
						<relative type="3" draft="contributed">aizparīt</relative>
						<relative type="-1" draft="contributed">vakar</relative>
						<relative type="-2" draft="contributed">aizvakar</relative>
					</field>
					<field type="weekday">
						<displayName draft="provisional">Nedēļas diena</displayName>
					</field>
					<field type="hour">
						<displayName draft="provisional">Stundas</displayName>
					</field>
					<field type="minute">
						<displayName draft="provisional">Minūtes</displayName>
					</field>
					<field type="second">
						<displayName draft="provisional">Sekundes</displayName>
					</field>
					<field type="zone">
						<displayName draft="provisional">Josla</displayName>
					</field>
				</fields>
			</calendar>
		</calendars>
		<timeZoneNames>
			<hourFormat draft="unconfirmed">+HH:mm;−HH:mm</hourFormat>
			<hourFormat alt="proposed-x1001" draft="unconfirmed">+HH:mm;-HH:mm</hourFormat>
			<gmtFormat draft="unconfirmed">GMT{0}</gmtFormat>
			<regionFormat draft="unconfirmed">{0}</regionFormat>
			<zone type="Etc/Unknown">
				<exemplarCity draft="contributed">Nezināma</exemplarCity>
			</zone>
			<zone type="Europe/Andorra">
				<exemplarCity draft="provisional">Andora</exemplarCity>
			</zone>
			<zone type="Asia/Dubai">
				<exemplarCity draft="provisional">Dubaija</exemplarCity>
			</zone>
			<zone type="Asia/Kabul">
				<exemplarCity draft="provisional">Kabula</exemplarCity>
			</zone>
			<zone type="America/Antigua">
				<exemplarCity draft="provisional">Antigva</exemplarCity>
			</zone>
			<zone type="America/Anguilla">
				<exemplarCity draft="provisional">Angilja</exemplarCity>
			</zone>
			<zone type="Europe/Tirane">
				<exemplarCity draft="provisional">Tirāna</exemplarCity>
			</zone>
			<zone type="Asia/Yerevan">
				<exemplarCity draft="provisional">Erevāna</exemplarCity>
			</zone>
			<zone type="America/Curacao">
				<exemplarCity draft="provisional">Nīderlandes Antiļas</exemplarCity>
			</zone>
			<zone type="Antarctica/Rothera">
				<exemplarCity draft="provisional">Rotera</exemplarCity>
			</zone>
			<zone type="Antarctica/Palmer">
				<exemplarCity draft="provisional">Palmera</exemplarCity>
			</zone>
			<zone type="Antarctica/South_Pole">
				<exemplarCity draft="provisional">Dienvidpols</exemplarCity>
			</zone>
			<zone type="Antarctica/Syowa">
				<exemplarCity draft="provisional">Sjova</exemplarCity>
			</zone>
			<zone type="Antarctica/Mawson">
				<exemplarCity draft="provisional">Mavsona</exemplarCity>
			</zone>
			<zone type="Antarctica/Davis">
				<exemplarCity draft="provisional">Deivisa</exemplarCity>
			</zone>
			<zone type="Antarctica/Vostok">
				<exemplarCity draft="provisional">Vostoka</exemplarCity>
			</zone>
			<zone type="Antarctica/Casey">
				<exemplarCity draft="provisional">Kesija</exemplarCity>
			</zone>
			<zone type="Antarctica/DumontDUrville">
				<exemplarCity draft="provisional">Dumont D'Urville</exemplarCity>
			</zone>
			<zone type="Antarctica/McMurdo">
				<exemplarCity draft="provisional">Makmerdo</exemplarCity>
			</zone>
			<zone type="America/Buenos_Aires">
				<exemplarCity draft="provisional">Buenosairesa</exemplarCity>
			</zone>
			<zone type="Pacific/Pago_Pago">
				<exemplarCity draft="provisional">Pagopago</exemplarCity>
			</zone>
			<zone type="Europe/Vienna">
				<exemplarCity draft="provisional">Vīne</exemplarCity>
			</zone>
			<zone type="Australia/Adelaide">
				<exemplarCity draft="contributed">Adelaida</exemplarCity>
			</zone>
			<zone type="America/Barbados">
				<exemplarCity draft="provisional">Barbadosa</exemplarCity>
			</zone>
			<zone type="Asia/Dhaka">
				<exemplarCity draft="provisional">Daka</exemplarCity>
			</zone>
			<zone type="Europe/Brussels">
				<exemplarCity draft="provisional">Brisele</exemplarCity>
			</zone>
			<zone type="Africa/Ouagadougou">
				<exemplarCity draft="provisional">Vagadugu</exemplarCity>
			</zone>
			<zone type="Europe/Sofia">
				<exemplarCity draft="provisional">Sofija</exemplarCity>
			</zone>
			<zone type="Asia/Bahrain">
				<exemplarCity draft="provisional">Bahreina</exemplarCity>
			</zone>
			<zone type="Africa/Bujumbura">
				<exemplarCity draft="provisional">Bužumbura</exemplarCity>
			</zone>
			<zone type="Africa/Porto-Novo">
				<exemplarCity draft="provisional">Portonovo</exemplarCity>
			</zone>
			<zone type="Atlantic/Bermuda">
				<exemplarCity draft="provisional">Bermudu salas</exemplarCity>
			</zone>
			<zone type="Asia/Brunei">
				<exemplarCity draft="provisional">Bruneja</exemplarCity>
			</zone>
			<zone type="America/La_Paz">
				<exemplarCity draft="provisional">Lapasa</exemplarCity>
			</zone>
			<zone type="America/Rio_Branco">
				<exemplarCity draft="contributed">Riobranko</exemplarCity>
				<exemplarCity alt="proposed-x1001" draft="unconfirmed">Riubranku</exemplarCity>
			</zone>
			<zone type="America/Porto_Velho">
				<exemplarCity draft="provisional">Portuvelju</exemplarCity>
			</zone>
			<zone type="America/Boa_Vista">
				<exemplarCity draft="provisional">Boavista</exemplarCity>
			</zone>
			<zone type="America/Manaus">
				<exemplarCity draft="provisional">Manausa</exemplarCity>
			</zone>
			<zone type="America/Cuiaba">
				<exemplarCity draft="provisional">Kujaba</exemplarCity>
			</zone>
			<zone type="America/Campo_Grande">
				<exemplarCity draft="provisional">Kampugrandi</exemplarCity>
			</zone>
			<zone type="America/Belem">
				<exemplarCity draft="provisional">Belena</exemplarCity>
			</zone>
			<zone type="America/Araguaina">
				<exemplarCity draft="provisional">Aragvaina</exemplarCity>
			</zone>
			<zone type="America/Sao_Paulo">
				<exemplarCity draft="contributed">Sanpaulu</exemplarCity>
			</zone>
			<zone type="America/Bahia">
				<exemplarCity draft="provisional">Brazīlija (Salvadora)</exemplarCity>
				<exemplarCity alt="proposed-x1001" draft="unconfirmed">Salvadora</exemplarCity>
			</zone>
			<zone type="America/Maceio">
				<exemplarCity draft="provisional">Maseio</exemplarCity>
			</zone>
			<zone type="America/Recife">
				<exemplarCity draft="provisional">Resifi</exemplarCity>
			</zone>
			<zone type="America/Nassau">
				<exemplarCity draft="provisional">Naso</exemplarCity>
			</zone>
			<zone type="Asia/Thimphu">
				<exemplarCity draft="provisional">Timpu</exemplarCity>
			</zone>
			<zone type="Europe/Minsk">
				<exemplarCity draft="provisional">Minska</exemplarCity>
			</zone>
			<zone type="America/Belize">
				<exemplarCity draft="provisional">Beliza</exemplarCity>
			</zone>
			<zone type="Indian/Cocos">
				<exemplarCity draft="provisional">Kokosa</exemplarCity>
			</zone>
			<zone type="Africa/Kinshasa">
				<exemplarCity draft="provisional">Kinšasa</exemplarCity>
			</zone>
			<zone type="Africa/Lubumbashi">
				<exemplarCity draft="provisional">Lubumbaši</exemplarCity>
			</zone>
			<zone type="Africa/Bangui">
				<exemplarCity draft="provisional">Bangi</exemplarCity>
			</zone>
			<zone type="Africa/Brazzaville">
				<exemplarCity draft="provisional">Brazavila</exemplarCity>
			</zone>
			<zone type="Europe/Zurich">
				<exemplarCity draft="provisional">Cīrihe</exemplarCity>
			</zone>
			<zone type="Africa/Abidjan">
				<exemplarCity draft="provisional">Abidžana</exemplarCity>
			</zone>
			<zone type="Pacific/Easter">
				<exemplarCity draft="provisional">Lieldienu sala</exemplarCity>
			</zone>
			<zone type="America/Santiago">
				<exemplarCity draft="provisional">Santjago</exemplarCity>
			</zone>
			<zone type="Africa/Douala">
				<exemplarCity draft="provisional">Duala</exemplarCity>
			</zone>
			<zone type="America/Costa_Rica">
				<exemplarCity draft="provisional">Kostarika</exemplarCity>
			</zone>
			<zone type="America/Havana">
				<exemplarCity draft="provisional">Havanna</exemplarCity>
			</zone>
			<zone type="Atlantic/Cape_Verde">
				<exemplarCity draft="provisional">Kaboverde</exemplarCity>
			</zone>
			<zone type="Indian/Christmas">
				<exemplarCity draft="provisional">Ziemsvētku</exemplarCity>
			</zone>
			<zone type="Asia/Nicosia">
				<exemplarCity draft="provisional">Nikosija</exemplarCity>
			</zone>
			<zone type="Europe/Berlin">
				<exemplarCity draft="provisional">Berlīne</exemplarCity>
			</zone>
			<zone type="Africa/Djibouti">
				<exemplarCity draft="provisional">Džibutija</exemplarCity>
			</zone>
			<zone type="Europe/Copenhagen">
				<exemplarCity draft="provisional">Kopenhāgena</exemplarCity>
			</zone>
			<zone type="America/Dominica">
				<exemplarCity draft="provisional">Dominika</exemplarCity>
			</zone>
			<zone type="America/Santo_Domingo">
				<exemplarCity draft="provisional">Santodomingo</exemplarCity>
			</zone>
			<zone type="Africa/Algiers">
				<exemplarCity draft="provisional">Alžīra</exemplarCity>
			</zone>
			<zone type="Pacific/Galapagos">
				<exemplarCity draft="provisional">Galapagu salas</exemplarCity>
			</zone>
			<zone type="America/Guayaquil">
				<exemplarCity draft="provisional">Gvajakila</exemplarCity>
			</zone>
			<zone type="Europe/Tallinn">
				<exemplarCity draft="provisional">Tallina</exemplarCity>
			</zone>
			<zone type="Africa/Cairo">
				<exemplarCity draft="provisional">Kaira</exemplarCity>
			</zone>
			<zone type="Africa/El_Aaiun">
				<exemplarCity draft="provisional">Ajūna</exemplarCity>
			</zone>
			<zone type="Atlantic/Canary">
				<exemplarCity draft="provisional">Kanāriju salas</exemplarCity>
			</zone>
			<zone type="Africa/Ceuta">
				<exemplarCity draft="provisional">Seūta</exemplarCity>
			</zone>
			<zone type="Europe/Madrid">
				<exemplarCity draft="provisional">Madride</exemplarCity>
			</zone>
			<zone type="Africa/Addis_Ababa">
				<exemplarCity draft="provisional">Adisabeba</exemplarCity>
			</zone>
			<zone type="Pacific/Fiji">
				<exemplarCity draft="provisional">Fidži</exemplarCity>
			</zone>
			<zone type="Atlantic/Stanley">
				<exemplarCity draft="provisional">Stenlija</exemplarCity>
			</zone>
			<zone type="Pacific/Truk">
				<exemplarCity draft="provisional">Trūka</exemplarCity>
			</zone>
			<zone type="Atlantic/Faeroe">
				<exemplarCity draft="provisional">Farēru salas</exemplarCity>
			</zone>
			<zone type="Europe/Paris">
				<exemplarCity draft="provisional">Parīze</exemplarCity>
			</zone>
			<zone type="Africa/Libreville">
				<exemplarCity draft="provisional">Librevila</exemplarCity>
			</zone>
			<zone type="Europe/London">
				<exemplarCity draft="provisional">Londona</exemplarCity>
			</zone>
			<zone type="America/Grenada">
				<exemplarCity draft="provisional">Grenāda</exemplarCity>
			</zone>
			<zone type="America/Cayenne">
				<exemplarCity draft="provisional">Kajenna</exemplarCity>
			</zone>
			<zone type="Africa/Accra">
				<exemplarCity draft="provisional">Akra</exemplarCity>
			</zone>
			<zone type="Europe/Gibraltar">
				<exemplarCity draft="provisional">Gibraltārs</exemplarCity>
			</zone>
			<zone type="America/Thule">
				<exemplarCity draft="provisional">Tūle</exemplarCity>
			</zone>
			<zone type="America/Godthab">
				<exemplarCity draft="provisional">Nūka</exemplarCity>
			</zone>
			<zone type="America/Scoresbysund">
				<exemplarCity draft="provisional">Skoresbisunda</exemplarCity>
			</zone>
			<zone type="America/Danmarkshavn">
				<exemplarCity draft="provisional">Denmārkšavna</exemplarCity>
			</zone>
			<zone type="Africa/Banjul">
				<exemplarCity draft="provisional">Bandžula</exemplarCity>
			</zone>
			<zone type="Africa/Conakry">
				<exemplarCity draft="provisional">Konakri</exemplarCity>
			</zone>
			<zone type="America/Guadeloupe">
				<exemplarCity draft="provisional">Gvadelupa</exemplarCity>
			</zone>
			<zone type="Europe/Athens">
				<exemplarCity draft="provisional">Atēnas</exemplarCity>
			</zone>
			<zone type="Atlantic/South_Georgia">
				<exemplarCity draft="provisional">Dienviddžordžija</exemplarCity>
			</zone>
			<zone type="America/Guatemala">
				<exemplarCity draft="provisional">Gvatemala</exemplarCity>
			</zone>
			<zone type="Pacific/Guam">
				<exemplarCity draft="provisional">Guama</exemplarCity>
			</zone>
			<zone type="Africa/Bissau">
				<exemplarCity draft="provisional">Bisava</exemplarCity>
			</zone>
			<zone type="America/Guyana">
				<exemplarCity draft="provisional">Gajāna</exemplarCity>
			</zone>
			<zone type="Asia/Hong_Kong">
				<exemplarCity draft="provisional">Honkonga</exemplarCity>
			</zone>
			<zone type="America/Port-au-Prince">
				<exemplarCity draft="provisional">Portoprensa</exemplarCity>
			</zone>
			<zone type="Europe/Budapest">
				<exemplarCity draft="provisional">Budapešta</exemplarCity>
			</zone>
			<zone type="Asia/Jakarta">
				<exemplarCity draft="provisional">Džakarta</exemplarCity>
			</zone>
			<zone type="Asia/Makassar">
				<exemplarCity draft="provisional">Makasara</exemplarCity>
			</zone>
			<zone type="Asia/Jayapura">
				<exemplarCity draft="provisional">Džajapūra</exemplarCity>
			</zone>
			<zone type="Europe/Dublin">
				<exemplarCity draft="provisional">Dublina</exemplarCity>
			</zone>
			<zone type="Indian/Chagos">
				<exemplarCity draft="provisional">Čagosa</exemplarCity>
			</zone>
			<zone type="Asia/Baghdad">
				<exemplarCity draft="provisional">Bagdāde</exemplarCity>
			</zone>
			<zone type="Asia/Tehran">
				<exemplarCity draft="provisional">Teherāna</exemplarCity>
			</zone>
			<zone type="Atlantic/Reykjavik">
				<exemplarCity draft="provisional">Reikjavīka</exemplarCity>
			</zone>
			<zone type="Europe/Rome">
				<exemplarCity draft="provisional">Roma</exemplarCity>
			</zone>
			<zone type="America/Jamaica">
				<exemplarCity draft="provisional">Jamaika</exemplarCity>
			</zone>
			<zone type="Asia/Amman">
				<exemplarCity draft="provisional">Ammāna</exemplarCity>
			</zone>
			<zone type="Asia/Tokyo">
				<exemplarCity draft="provisional">Tokija</exemplarCity>
			</zone>
			<zone type="Asia/Bishkek">
				<exemplarCity draft="provisional">Biškeka</exemplarCity>
			</zone>
			<zone type="Asia/Phnom_Penh">
				<exemplarCity draft="provisional">Pnompeņa</exemplarCity>
			</zone>
			<zone type="Pacific/Enderbury">
				<exemplarCity draft="provisional">Enderburija</exemplarCity>
			</zone>
			<zone type="Pacific/Tarawa">
				<exemplarCity draft="provisional">Tarava</exemplarCity>
			</zone>
			<zone type="Indian/Comoro">
				<exemplarCity draft="provisional">Komoru</exemplarCity>
			</zone>
			<zone type="America/St_Kitts">
				<exemplarCity draft="provisional">Sentkitsa</exemplarCity>
			</zone>
			<zone type="Asia/Pyongyang">
				<exemplarCity draft="provisional">Phenjana</exemplarCity>
			</zone>
			<zone type="Asia/Seoul">
				<exemplarCity draft="provisional">Seula</exemplarCity>
			</zone>
			<zone type="Asia/Kuwait">
				<exemplarCity draft="provisional">Kuveita</exemplarCity>
			</zone>
			<zone type="America/Cayman">
				<exemplarCity draft="provisional">Kaimanu Salas</exemplarCity>
			</zone>
			<zone type="Asia/Aqtau">
				<exemplarCity draft="provisional">Aktau</exemplarCity>
			</zone>
			<zone type="Asia/Aqtobe">
				<exemplarCity draft="provisional">Aktobe</exemplarCity>
			</zone>
			<zone type="Asia/Almaty">
				<exemplarCity draft="contributed">Almati</exemplarCity>
			</zone>
			<zone type="Asia/Vientiane">
				<exemplarCity draft="provisional">Vjangčana</exemplarCity>
			</zone>
			<zone type="Asia/Beirut">
				<exemplarCity draft="provisional">Beirūta</exemplarCity>
			</zone>
			<zone type="America/St_Lucia">
				<exemplarCity draft="provisional">Sentlūsija</exemplarCity>
			</zone>
			<zone type="Europe/Vaduz">
				<exemplarCity draft="provisional">Vaduca</exemplarCity>
			</zone>
			<zone type="Asia/Colombo">
				<exemplarCity draft="provisional">Kolombo</exemplarCity>
			</zone>
			<zone type="Africa/Monrovia">
				<exemplarCity draft="provisional">Monrovija</exemplarCity>
			</zone>
			<zone type="Europe/Vilnius">
				<exemplarCity draft="provisional">Viļņa</exemplarCity>
			</zone>
			<zone type="Europe/Luxembourg">
				<exemplarCity draft="provisional">Luksemburga</exemplarCity>
			</zone>
			<zone type="Europe/Riga">
				<exemplarCity draft="provisional">Rīga</exemplarCity>
			</zone>
			<zone type="Africa/Tripoli">
				<exemplarCity draft="provisional">Tripole</exemplarCity>
			</zone>
			<zone type="Africa/Casablanca">
				<exemplarCity draft="provisional">Kasablanka</exemplarCity>
			</zone>
			<zone type="Europe/Monaco">
				<exemplarCity draft="provisional">Monako</exemplarCity>
			</zone>
			<zone type="Europe/Chisinau">
				<exemplarCity draft="provisional">Kišiņeva</exemplarCity>
			</zone>
			<zone type="Indian/Antananarivo">
				<exemplarCity draft="provisional">Antananarivu</exemplarCity>
			</zone>
			<zone type="Pacific/Majuro">
				<exemplarCity draft="provisional">Madžuro</exemplarCity>
			</zone>
			<zone type="Asia/Rangoon">
				<exemplarCity draft="provisional">Jangona</exemplarCity>
			</zone>
			<zone type="Asia/Hovd">
				<exemplarCity draft="provisional">Hovda</exemplarCity>
			</zone>
			<zone type="Asia/Ulaanbaatar">
				<exemplarCity draft="provisional">Ulanbatora</exemplarCity>
			</zone>
			<zone type="Asia/Choibalsan">
				<exemplarCity draft="provisional">Čoibalsana</exemplarCity>
			</zone>
			<zone type="Asia/Macau">
				<exemplarCity draft="provisional">Makao</exemplarCity>
			</zone>
			<zone type="Pacific/Saipan">
				<exemplarCity draft="provisional">Saipana</exemplarCity>
			</zone>
			<zone type="America/Martinique">
				<exemplarCity draft="provisional">Martinika</exemplarCity>
			</zone>
			<zone type="Africa/Nouakchott">
				<exemplarCity draft="provisional">Nuakšota</exemplarCity>
			</zone>
			<zone type="America/Montserrat">
				<exemplarCity draft="provisional">Montserrata</exemplarCity>
			</zone>
			<zone type="Indian/Mauritius">
				<exemplarCity draft="provisional">Maurīcija</exemplarCity>
			</zone>
			<zone type="Indian/Maldives">
				<exemplarCity draft="provisional">Maldīvija</exemplarCity>
			</zone>
			<zone type="Africa/Blantyre">
				<exemplarCity draft="provisional">Blantaira</exemplarCity>
			</zone>
			<zone type="Asia/Kuala_Lumpur">
				<exemplarCity draft="provisional">Kualalumpura</exemplarCity>
			</zone>
			<zone type="Africa/Windhoek">
				<exemplarCity draft="provisional">Vindhuka</exemplarCity>
			</zone>
			<zone type="Pacific/Noumea">
				<exemplarCity draft="provisional">Numea</exemplarCity>
			</zone>
			<zone type="Africa/Niamey">
				<exemplarCity draft="provisional">Niameja</exemplarCity>
			</zone>
			<zone type="Pacific/Norfolk">
				<exemplarCity draft="provisional">Norfolka</exemplarCity>
			</zone>
			<zone type="Africa/Lagos">
				<exemplarCity draft="provisional">Lagosa</exemplarCity>
			</zone>
			<zone type="America/Managua">
				<exemplarCity draft="provisional">Managva</exemplarCity>
			</zone>
			<zone type="Europe/Amsterdam">
				<exemplarCity draft="provisional">Amsterdama</exemplarCity>
			</zone>
			<zone type="Pacific/Auckland">
				<exemplarCity draft="contributed">Oklenda</exemplarCity>
			</zone>
			<zone type="Asia/Muscat">
				<exemplarCity draft="provisional">Muskata</exemplarCity>
			</zone>
			<zone type="Pacific/Tahiti">
				<exemplarCity draft="provisional">Taiti</exemplarCity>
			</zone>
			<zone type="Pacific/Marquesas">
				<exemplarCity draft="provisional">Markvesa</exemplarCity>
			</zone>
			<zone type="Pacific/Gambier">
				<exemplarCity draft="provisional">Gambjera</exemplarCity>
			</zone>
			<zone type="Pacific/Port_Moresby">
				<exemplarCity draft="provisional">Portmorsbi</exemplarCity>
			</zone>
			<zone type="Asia/Karachi">
				<exemplarCity draft="provisional">Karači</exemplarCity>
			</zone>
			<zone type="Europe/Warsaw">
				<exemplarCity draft="provisional">Varšava</exemplarCity>
			</zone>
			<zone type="America/Miquelon">
				<exemplarCity draft="provisional">Mikelona</exemplarCity>
			</zone>
			<zone type="Pacific/Pitcairn">
				<exemplarCity draft="provisional">Pitkērna</exemplarCity>
			</zone>
			<zone type="America/Puerto_Rico">
				<exemplarCity draft="provisional">Puertoriko</exemplarCity>
			</zone>
			<zone type="Atlantic/Azores">
				<exemplarCity draft="provisional">Azoru salas</exemplarCity>
			</zone>
			<zone type="Europe/Lisbon">
				<exemplarCity draft="provisional">Lisabona</exemplarCity>
			</zone>
			<zone type="America/Asuncion">
				<exemplarCity draft="provisional">Asunsjona</exemplarCity>
			</zone>
			<zone type="Asia/Qatar">
				<exemplarCity draft="provisional">Katara</exemplarCity>
			</zone>
			<zone type="Indian/Reunion">
				<exemplarCity draft="provisional">Reinjona</exemplarCity>
			</zone>
			<zone type="Europe/Bucharest">
				<exemplarCity draft="provisional">Bukareste</exemplarCity>
			</zone>
			<zone type="Asia/Anadyr">
				<exemplarCity draft="contributed">Anadira</exemplarCity>
			</zone>
			<zone type="Asia/Riyadh">
				<exemplarCity draft="provisional">Rijāda</exemplarCity>
			</zone>
			<zone type="Pacific/Guadalcanal">
				<exemplarCity draft="provisional">Gvadelkanāla</exemplarCity>
			</zone>
			<zone type="Africa/Khartoum">
				<exemplarCity draft="provisional">Hartūma</exemplarCity>
			</zone>
			<zone type="Europe/Stockholm">
				<exemplarCity draft="provisional">Stokholma</exemplarCity>
			</zone>
			<zone type="Asia/Singapore">
				<exemplarCity draft="provisional">Singapūra</exemplarCity>
			</zone>
			<zone type="Atlantic/St_Helena">
				<exemplarCity draft="provisional">Sv. Helēna</exemplarCity>
			</zone>
			<zone type="Africa/Freetown">
				<exemplarCity draft="provisional">Frītauna</exemplarCity>
			</zone>
			<zone type="Africa/Dakar">
				<exemplarCity draft="provisional">Dakāra</exemplarCity>
			</zone>
			<zone type="Africa/Mogadishu">
				<exemplarCity draft="provisional">Mogadīšo</exemplarCity>
			</zone>
			<zone type="Africa/Sao_Tome">
				<exemplarCity draft="provisional">Santome</exemplarCity>
			</zone>
			<zone type="America/El_Salvador">
				<exemplarCity draft="provisional">Salvadora</exemplarCity>
			</zone>
			<zone type="Asia/Damascus">
				<exemplarCity draft="provisional">Damaska</exemplarCity>
			</zone>
			<zone type="America/Grand_Turk">
				<exemplarCity draft="provisional">Grendturka</exemplarCity>
			</zone>
			<zone type="Africa/Ndjamena">
				<exemplarCity draft="provisional">Ndžamena</exemplarCity>
			</zone>
			<zone type="Indian/Kerguelen">
				<exemplarCity draft="provisional">Kergvelena</exemplarCity>
			</zone>
			<zone type="Asia/Bangkok">
				<exemplarCity draft="provisional">Bangkoka</exemplarCity>
			</zone>
			<zone type="Asia/Dushanbe">
				<exemplarCity draft="provisional">Dušanbe</exemplarCity>
			</zone>
			<zone type="Asia/Ashgabat">
				<exemplarCity draft="provisional">Ašgabata</exemplarCity>
			</zone>
			<zone type="Africa/Tunis">
				<exemplarCity draft="provisional">Tunisa</exemplarCity>
			</zone>
			<zone type="Europe/Istanbul">
				<exemplarCity draft="provisional">Istanbula</exemplarCity>
			</zone>
			<zone type="America/Port_of_Spain">
				<exemplarCity draft="provisional">Portofspeina</exemplarCity>
			</zone>
			<zone type="Asia/Taipei">
				<exemplarCity draft="provisional">Taipeja</exemplarCity>
			</zone>
			<zone type="Africa/Dar_es_Salaam">
				<exemplarCity draft="provisional">Dāresalāma</exemplarCity>
			</zone>
			<zone type="Europe/Kiev">
				<exemplarCity draft="provisional">Kijeva</exemplarCity>
			</zone>
			<zone type="Pacific/Midway">
				<exemplarCity draft="provisional">Midveja</exemplarCity>
			</zone>
			<zone type="Pacific/Johnston">
				<exemplarCity draft="provisional">Džonstauna</exemplarCity>
			</zone>
			<zone type="Pacific/Wake">
				<exemplarCity draft="provisional">Veika</exemplarCity>
			</zone>
			<zone type="America/Anchorage">
				<exemplarCity draft="provisional">Aļaskas laiks</exemplarCity>
			</zone>
			<zone type="America/Los_Angeles">
				<exemplarCity draft="contributed">Losandželosa</exemplarCity>
			</zone>
			<zone type="America/Phoenix">
				<exemplarCity draft="contributed">Fīniksa</exemplarCity>
			</zone>
			<zone type="America/Denver">
				<exemplarCity draft="contributed">Denvera</exemplarCity>
			</zone>
			<zone type="America/Chicago">
				<exemplarCity draft="contributed">Čikāga</exemplarCity>
			</zone>
			<zone type="America/Indianapolis">
				<exemplarCity draft="contributed">Indianapolisa</exemplarCity>
			</zone>
			<zone type="America/New_York">
				<exemplarCity draft="contributed">Ņujorka</exemplarCity>
			</zone>
			<zone type="Asia/Tashkent">
				<exemplarCity draft="provisional">Taškenta</exemplarCity>
			</zone>
			<zone type="America/St_Vincent">
				<exemplarCity draft="provisional">Sentvinsenta</exemplarCity>
			</zone>
			<zone type="America/Caracas">
				<exemplarCity draft="provisional">Karakasa</exemplarCity>
			</zone>
			<zone type="America/St_Thomas">
				<exemplarCity draft="provisional">Senttomasa</exemplarCity>
			</zone>
			<zone type="Asia/Saigon">
				<exemplarCity draft="provisional">Hošimina</exemplarCity>
			</zone>
			<zone type="Pacific/Wallis">
				<exemplarCity draft="provisional">Vallisa</exemplarCity>
			</zone>
			<zone type="Asia/Aden">
				<exemplarCity draft="provisional">Adena</exemplarCity>
			</zone>
			<zone type="Indian/Mayotte">
				<exemplarCity draft="provisional">Majota</exemplarCity>
			</zone>
			<zone type="Africa/Johannesburg">
				<exemplarCity draft="provisional">Johannesburga</exemplarCity>
			</zone>
		</timeZoneNames>
	</dates>
	<numbers>
		<symbols>
			<decimal>,</decimal>
			<group> </group>
		</symbols>
		<decimalFormats>
			<decimalFormatLength>
				<decimalFormat>
					<pattern draft="contributed">#,##0.###</pattern>
				</decimalFormat>
			</decimalFormatLength>
		</decimalFormats>
		<percentFormats>
			<percentFormatLength>
				<percentFormat>
					<pattern draft="contributed">#,##0%</pattern>
				</percentFormat>
			</percentFormatLength>
		</percentFormats>
		<currencyFormats>
			<currencyFormatLength>
				<currencyFormat>
					<pattern>#,##0.00 ¤</pattern>
					<pattern alt="proposed-x1001" draft="unconfirmed">¤ #,##0.00</pattern>
				</currencyFormat>
			</currencyFormatLength>
		</currencyFormats>
		<currencies>
			<currency type="AED">
				<displayName draft="provisional">Apvienoto Arābu Emirātu dirhēms</displayName>
			</currency>
			<currency type="ARS">
				<displayName draft="provisional">Argentīnas peso</displayName>
			</currency>
			<currency type="AUD">
				<displayName draft="provisional">Austrālijas dolārs</displayName>
			</currency>
			<currency type="BGN">
				<displayName draft="provisional">Bulgārijas leva</displayName>
			</currency>
			<currency type="BND">
				<displayName draft="provisional">Brunejas dolārs</displayName>
			</currency>
			<currency type="BOB">
				<displayName draft="provisional">Bolīvijas boliviano</displayName>
			</currency>
			<currency type="BRL">
				<displayName draft="provisional">Brazīlijas reāls</displayName>
			</currency>
			<currency type="CAD">
				<displayName draft="provisional">Kanādas dolārs</displayName>
			</currency>
			<currency type="CHF">
				<displayName draft="provisional">Šveices franks</displayName>
			</currency>
			<currency type="CLP">
				<displayName draft="provisional">Čīles peso</displayName>
			</currency>
			<currency type="CNY">
				<displayName draft="provisional">Ķīnas juana</displayName>
			</currency>
			<currency type="COP">
				<displayName draft="provisional">Kolumbijas peso</displayName>
			</currency>
			<currency type="CZK">
				<displayName draft="provisional">Čehijas krona</displayName>
			</currency>
			<currency type="DEM">
				<displayName draft="provisional">Vācijas marka</displayName>
			</currency>
			<currency type="DKK">
				<displayName draft="provisional">Dānijas krona</displayName>
			</currency>
			<currency type="EEK">
				<displayName draft="provisional">Igaunijas krona</displayName>
			</currency>
			<currency type="EGP">
				<displayName draft="provisional">Ēģiptes mārciņa</displayName>
			</currency>
			<currency type="EUR">
				<displayName draft="provisional">Eiro</displayName>
				<symbol draft="unconfirmed">€</symbol>
			</currency>
			<currency type="FJD">
				<displayName draft="provisional">Fidži dolārs</displayName>
			</currency>
			<currency type="FRF">
				<displayName draft="provisional">Francijas franks</displayName>
			</currency>
			<currency type="GBP">
				<displayName draft="provisional">Lielbritānijas sterliņu mārciņa</displayName>
			</currency>
			<currency type="HKD">
				<displayName draft="provisional">Honkongas dolārs</displayName>
			</currency>
			<currency type="HRK">
				<displayName draft="provisional">Horvātijas kuna</displayName>
			</currency>
			<currency type="HUF">
				<displayName draft="provisional">Ungārijas forints</displayName>
			</currency>
			<currency type="IDR">
				<displayName draft="provisional">Indonēzijas rūpija</displayName>
			</currency>
			<currency type="ILS">
				<displayName draft="provisional">Izraēlas šekelis</displayName>
			</currency>
			<currency type="INR">
				<displayName draft="provisional">Indijas rūpija</displayName>
			</currency>
			<currency type="JPY">
				<displayName draft="provisional">Japānas jena</displayName>
			</currency>
			<currency type="KES">
				<displayName draft="provisional">Kenijas šiliņš</displayName>
			</currency>
			<currency type="KRW">
				<displayName draft="provisional">Dienvidkorejas vona</displayName>
			</currency>
			<currency type="LTL">
				<displayName draft="provisional">Lietuvas lits</displayName>
			</currency>
			<currency type="LVL">
				<symbol>Ls</symbol>
			</currency>
			<currency type="MAD">
				<displayName draft="provisional">Marokas dirhēms</displayName>
			</currency>
			<currency type="MTL">
				<displayName draft="provisional">Maltas lira</displayName>
			</currency>
			<currency type="MXN">
				<displayName draft="provisional">Meksikas peso</displayName>
			</currency>
			<currency type="MYR">
				<displayName draft="provisional">Malaizijas ringits</displayName>
			</currency>
			<currency type="NOK">
				<displayName draft="provisional">Norvēģijas krona</displayName>
			</currency>
			<currency type="NZD">
				<displayName draft="provisional">Jaunzēlandes dolārs</displayName>
			</currency>
			<currency type="PEN">
				<displayName draft="provisional">Peru jaunais sols</displayName>
			</currency>
			<currency type="PHP">
				<displayName draft="provisional">Filipīnu peso</displayName>
			</currency>
			<currency type="PKR">
				<displayName draft="provisional">Pakistānas rūpija</displayName>
			</currency>
			<currency type="PLN">
				<displayName draft="provisional">Polijas zlots</displayName>
			</currency>
			<currency type="RON">
				<displayName draft="provisional">Rumānijas leja</displayName>
			</currency>
			<currency type="RSD">
				<displayName draft="provisional">Serbijas dinārs</displayName>
			</currency>
			<currency type="RUB">
				<displayName draft="provisional">Krievijas rublis</displayName>
			</currency>
			<currency type="SAR">
				<displayName draft="provisional">Saūda riāls</displayName>
			</currency>
			<currency type="SEK">
				<displayName draft="provisional">Zviedrijas krona</displayName>
			</currency>
			<currency type="SGD">
				<displayName draft="provisional">Singapūras dolārs</displayName>
			</currency>
			<currency type="SIT">
				<displayName draft="provisional">Slovēnijas tolars</displayName>
			</currency>
			<currency type="SKK">
				<displayName draft="provisional">Slovakijas krona</displayName>
			</currency>
			<currency type="THB">
				<displayName draft="provisional">Taizemes bāts</displayName>
			</currency>
			<currency type="TRL">
				<displayName draft="provisional">Turcijas lira</displayName>
			</currency>
			<currency type="TRY">
				<displayName draft="provisional">Jaunā Turcijas lira</displayName>
			</currency>
			<currency type="TWD">
				<displayName draft="provisional">Jaunais Taivānas dolārs</displayName>
			</currency>
			<currency type="UAH">
				<displayName draft="provisional">Ukrainas grivna</displayName>
			</currency>
			<currency type="USD">
				<displayName draft="provisional">ASV dolārs</displayName>
			</currency>
			<currency type="VEB">
				<displayName draft="provisional">Venecuēlas bolivārs</displayName>
			</currency>
			<currency type="VND">
				<displayName draft="provisional">Vjetnamas dongi</displayName>
			</currency>
			<currency type="XXX">
				<displayName draft="provisional">Nezināma vai nederīga valūta</displayName>
				<symbol draft="provisional">XXX</symbol>
			</currency>
			<currency type="ZAR">
				<displayName draft="provisional">Dienvidāfrikas rands</displayName>
			</currency>
		</currencies>
	</numbers>
	<posix>
		<messages>
			<yesstr draft="contributed">jā:ja:j</yesstr>
			<yesstr alt="proposed-x1001" draft="unconfirmed">ājā:ja:j</yesstr>
			<nostr draft="contributed">nē:ne:n</nostr>
		</messages>
	</posix>
	<references>
		<reference type="RP1" uri="http://www.latvijasvestnesis.lv/index.php?menu_body=DOC&amp;id=140080" draft="unconfirmed">Official language translations to Latvian</reference>
		<reference type="RP2" uri="http://www.latvijasvestnesis.lv/index.php?menu_body=DOC&amp;id=140081" draft="unconfirmed">Official territories and countries translations to Latvian</reference>
	</references>
</ldml>
<!-- Old Comments. See root.xml for more info.
URL: http://oss.software.ibm.com/cvs/icu/icu/source/data/locales/lv.txt?only_with_tag=final-update-LDML

        KP { "Zieme\u013Ckoreja" }    // alternate name { "Korejas Tautas Demokr\u0101tisk\u0101 Republika" }
        KR { "Dienvidkoreja" }    // alternate name { "Korejas Republika" }
        SY { "S\u012Brija" }    // alternate name { "S\u012Brijas Ar\u0101bu Republika" }
US { "ASV" } // Poor translation. ASV -> United States
        VI { "Amerik\u0101\u0146u Vird\u017E\u012Bnu salas" } // Poor translation? Amerik\u0101\u0146u -> United States
zh_cn { "\u0137\u012Bnie\u0161u (vienk\u0101r\u0161ot\u0101)" }
zh_tw { "\u0137\u012Bnie\u0161u (tradicion\u0101l\u0101)" }
        "Latn",  // ISO 15924 Name 
Currency display names
                1, // "Minimal Days in First Week" is unknown. Root value used instead
-->

