<?xml version="1.0" encoding="UTF-8" ?>
<!DOCTYPE ldml SYSTEM "http://www.unicode.org/cldr/dtd/1.5/ldml.dtd">
<ldml>
	<identity>
		<version number="$Revision: 1.42 $"/>
		<generation date="$Date: 2007/07/26 04:28:12 $"/>
		<language type="ml"/>
	</identity>
	<localeDisplayNames>
		<languages>
			<language type="aa" draft="contributed">അഫാര്‍</language>
			<language type="ab" draft="contributed">അബ്ഖാസിയന്‍</language>
			<language type="af" draft="contributed">ആഫ്രിക്കാന്‍സ്</language>
			<language type="af" alt="proposed-x1001" draft="unconfirmed">ആഫ്രിക്കന്‍</language>
			<language type="am" draft="contributed">അംഹാറിക്</language>
			<language type="ar" draft="provisional">അറബി</language>
			<language type="ar" alt="proposed-x1001" draft="unconfirmed">അറബിക്ക്</language>
			<language type="ar" alt="proposed-x1002" draft="unconfirmed">അറബിക്</language>
			<language type="as" draft="provisional">ആസ്സാമീസ്</language>
			<language type="as" alt="proposed-x1001" draft="unconfirmed">ആസാമീസ്</language>
			<language type="ast" draft="contributed">ഓസ്‌ട്രിയന്‍</language>
			<language type="ay" draft="contributed">അയ്മാറ</language>
			<language type="az" draft="contributed">അസര്‍ബൈജാനി</language>
			<language type="ba" draft="provisional">ബഷ്ഖിര്‍</language>
			<language type="be" draft="provisional">ബൈലോറഷ്യന്‍</language>
			<language type="bh" draft="contributed">ബീഹാറി</language>
			<language type="bi" draft="contributed">ബിസ്‌ലാമ</language>
			<language type="bn" draft="contributed">ബംഗാളി</language>
			<language type="bo" draft="contributed">തിബറ്റന്‍</language>
			<language type="br" draft="contributed">ബ്രിറ്റോണ്‍</language>
			<language type="br" alt="proposed-x1001" draft="unconfirmed">ബ്രിട്ടണ്‍</language>
			<language type="ca" draft="provisional">കറ്റാലന്‍</language>
			<language type="ca" alt="proposed-x1001" draft="unconfirmed">ക്യാറ്റലന്‍</language>
			<language type="co" draft="contributed">കോര്‍സിക്കന്‍</language>
			<language type="cs" draft="contributed">ചെക്ക്</language>
			<language type="cy" draft="contributed">വെല്‍ഷ്</language>
			<language type="cy" alt="proposed-x1001" draft="unconfirmed">വെൽ‌ഷ് ഭാഷ</language>
			<language type="da" draft="contributed">ഡാനിഷ്</language>
			<language type="de" draft="provisional">ജര്‍മ്മന്‍</language>
			<language type="de" alt="proposed-x1001" draft="unconfirmed">ജെര്‍മന്‍</language>
			<language type="de" alt="proposed-x1002" draft="unconfirmed">ജര്‍മ്മന്</language>
			<language type="dgr" draft="contributed">ഡോഗ്രിബ്</language>
			<language type="dra" draft="contributed">ദ്രാവിഡഭാഷ</language>
			<language type="dra" alt="proposed-x1001" draft="unconfirmed">മറ്റു ദ്രാവിഡ ഭാഷകള്‍</language>
			<language type="dz" draft="contributed">ഭൂട്ടാനി</language>
			<language type="el" draft="contributed">ഗ്രീക്ക്</language>
			<language type="en" draft="contributed">ഇംഗ്ലീഷ്</language>
			<language type="es" draft="contributed">സ്പാനിഷ്</language>
			<language type="et" draft="contributed">എസ്റ്റോണിയന്‍</language>
			<language type="eu" draft="provisional">ബാസ്ക്ക്</language>
			<language type="fa" draft="contributed">പേര്‍ഷ്യന്‍</language>
			<language type="fi" draft="contributed">ഫിന്നിഷ്</language>
			<language type="fj" draft="contributed">ഫിജിയന്‍</language>
			<language type="fo" draft="contributed">ഫാറോസ്</language>
			<language type="fr" draft="provisional">ഫ്രഞ്ച്</language>
			<language type="fr" alt="proposed-x1001" draft="unconfirmed">ഫ്രെഞ്ച്</language>
			<language type="fy" draft="provisional">ഫ്രീസിയന്‍</language>
			<language type="ga" draft="contributed">ഐറിഷ്</language>
			<language type="gd" draft="provisional">സ്കോട്ടിഷ് ഗൈലിക്</language>
			<language type="gl" draft="contributed">ഗലീഷ്യന്‍</language>
			<language type="gl" alt="proposed-x1001" draft="unconfirmed">ഗലിഷ്യണ്‍</language>
			<language type="gn" draft="provisional">ഗ്വാറാനി</language>
			<language type="gn" alt="proposed-x1001" draft="unconfirmed">ഗ്വാറാണി</language>
			<language type="gu" draft="contributed">ഗുജറാത്തി</language>
			<language type="ha" draft="contributed">ഹൌസ</language>
			<language type="he" draft="contributed">ഹീബ്രു</language>
			<language type="he" alt="proposed-x1001" draft="unconfirmed">ഹിബ്രു</language>
			<language type="hi" draft="contributed">ഹിന്ദി</language>
			<language type="hr" draft="contributed">ക്രോയേഷ്യന്‍</language>
			<language type="hu" draft="contributed">ഹംഗേറിയന്‍</language>
			<language type="hy" draft="contributed">അര്‍മേനിയന്‍</language>
			<language type="hy" alt="proposed-x1001" draft="unconfirmed">ആര്‍മേനിയന്‍</language>
			<language type="ia" draft="contributed">ഇന്‍റര്‍ലിംഗ്വാ</language>
			<language type="id" draft="contributed">ഇന്‍ഡോനേഷ്യന്‍</language>
			<language type="ie" draft="contributed">ഇന്‍റര്‍ലിംഗ്വി</language>
			<language type="ie" alt="proposed-x1001" draft="unconfirmed">ഭാഷകള്</language>
			<language type="ik" draft="provisional">ഇനുപിയാക്</language>
			<language type="is" draft="contributed">ഐസ്‌ലാന്‍ഡിക്</language>
			<language type="is" alt="proposed-x1001" draft="unconfirmed">ഐസ്ലാഡിക്ക്</language>
			<language type="it" draft="contributed">ഇറ്റാലിയന്‍</language>
			<language type="iu" draft="provisional">ഇനുക്റ്റിറ്റട്ട്</language>
			<language type="ja" draft="provisional">ജപ്പാനീസ്</language>
			<language type="ja" alt="proposed-x1001" draft="unconfirmed">ജാപ്പനീസ്</language>
			<language type="jv" draft="contributed">ജാവാനീസ്</language>
			<language type="ka" draft="contributed">ജോര്‍ജിയന്‍</language>
			<language type="kha" draft="contributed">ഘാസി</language>
			<language type="kk" draft="contributed">കസാഖ്</language>
			<language type="km" draft="contributed">കംമ്പോഡിയന്‍</language>
			<language type="kn" draft="contributed">കന്നഡ</language>
			<language type="kn" alt="proposed-x1001" draft="unconfirmed">കന്നട</language>
			<language type="ko" draft="contributed">കൊറിയന്‍</language>
			<language type="kok" draft="contributed">കൊങ്കണി</language>
			<language type="ks" draft="contributed">കാശ്മീരി</language>
			<language type="ku" draft="provisional">കുര്‍ദിഷ്</language>
			<language type="ku" alt="proposed-x1001" draft="unconfirmed">കുര്‍ദ്ദിഷ്</language>
			<language type="ky" draft="contributed">കിര്‍ഗിസ്</language>
			<language type="la" draft="provisional">ലാറ്റിന്‍</language>
			<language type="la" alt="proposed-x1001" draft="unconfirmed">ലത്തീന്‍</language>
			<language type="ln" draft="provisional">ലിംഗാല</language>
			<language type="lo" draft="provisional">ലാവോ</language>
			<language type="lo" alt="proposed-x1001" draft="unconfirmed">ലാവോത്യന്‍</language>
			<language type="lt" draft="contributed">ലിത്വേനിയന്‍</language>
			<language type="lt" alt="proposed-x1001" draft="unconfirmed">ലിത്വാനിയന്‍</language>
			<language type="lv" draft="contributed">ലാത്വിയന്‍</language>
			<language type="lv" alt="proposed-x1001" draft="unconfirmed">ലാറ്റ്വിയന്‍</language>
			<language type="mai" draft="contributed">മൈഥിലി</language>
			<language type="mg" draft="contributed">മലഗാസി</language>
			<language type="mi" draft="contributed">മൌറി</language>
			<language type="mk" draft="contributed">മാസിഡോണിയന്‍</language>
			<language type="ml">മലയാളം</language>
			<language type="mn" draft="contributed">മംഗോളിയന്‍</language>
			<language type="mni" draft="contributed">മണിപ്പൂരി</language>
			<language type="mo" draft="provisional">മൊള്‍ഡോവന്‍</language>
			<language type="mr" draft="contributed">മറാഠി</language>
			<language type="ms" draft="provisional">മലയ</language>
			<language type="ms" alt="proposed-x1001" draft="unconfirmed">മലായ്</language>
			<language type="mt" draft="contributed">മാള്‍ട്ടീസ്</language>
			<language type="my" draft="contributed">ബര്‍മീസ്</language>
			<language type="na" draft="contributed">നൌറു</language>
			<language type="ne" draft="contributed">നേപ്പാളി</language>
			<language type="nl" draft="contributed">ഡച്ച്</language>
			<language type="no" draft="contributed">നോര്‍വീജിയന്‍</language>
			<language type="oc" draft="contributed">ഒസിറ്റാന്‍</language>
			<language type="om" draft="contributed">ഒറോമിംഗ</language>
			<language type="or" draft="contributed">ഒറിയ</language>
			<language type="pa" draft="contributed">പഞ്ചാബി</language>
			<language type="pi" draft="contributed">പാലി</language>
			<language type="pl" draft="contributed">പോളിഷ്</language>
			<language type="ps" draft="provisional">പഷ്തു</language>
			<language type="pt" draft="contributed">പോര്‍ച്ചുഗീസ്</language>
			<language type="qu" draft="provisional">ക്വെച്ചുവ</language>
			<language type="raj" draft="contributed">രാജസ്ഥാനി</language>
			<language type="rm" draft="provisional">രഹയ്ട്ടോ-റോമന്‍സ്</language>
			<language type="rn" draft="provisional">കിറുണ്ടി</language>
			<language type="ro" draft="contributed">റൊമാനിയന്‍</language>
			<language type="ro" alt="proposed-x1001" draft="unconfirmed">റോമാനിയന്‍</language>
			<language type="root" draft="provisional">ശിഖര്‍</language>
			<language type="ru" draft="contributed">റഷ്യന്‍</language>
			<language type="rw" draft="provisional">കിന്യര്‍വണ്ട</language>
			<language type="sa" draft="contributed">സംസ്കൃതം</language>
			<language type="sah" draft="contributed">യാകൂട്</language>
			<language type="sd" draft="contributed">സിന്ധി</language>
			<language type="sg" draft="contributed">സാങ്കോ</language>
			<language type="si" draft="contributed">സിംഹള</language>
			<language type="si" alt="proposed-x1001" draft="unconfirmed">സിംഹളീസ്</language>
			<language type="sk" draft="contributed">സ്ലോവാക്ക്</language>
			<language type="sl" draft="contributed">സ്ലോവേനിയന്‍</language>
			<language type="sm" draft="contributed">സമോവന്‍</language>
			<language type="sn" draft="contributed">ഷോണാ</language>
			<language type="so" draft="contributed">സോമാലി</language>
			<language type="sq" draft="contributed">അല്‍ബേനിയന്‍</language>
			<language type="sr" draft="contributed">സെര്‍ബിയന്‍</language>
			<language type="ss" draft="provisional">സ്വാറ്റി</language>
			<language type="ss" alt="proposed-x1001" draft="unconfirmed">സ്വാസി</language>
			<language type="st" draft="unconfirmed">സെസോതോ</language>
			<language type="st" alt="proposed-x1001" draft="unconfirmed">സെസോത്തോ</language>
			<language type="su" draft="contributed">സുഡാനീസ്</language>
			<language type="sv" draft="contributed">സ്വീഡിഷ്</language>
			<language type="sw" draft="contributed">സ്വാഹിലി</language>
			<language type="syr" draft="contributed">സിറിയക്ക്</language>
			<language type="ta" draft="contributed">തമിഴ്</language>
			<language type="te" draft="contributed">തെലുങ്ക്</language>
			<language type="te" alt="proposed-x1001" draft="unconfirmed">തെലുഗു</language>
			<language type="tg" draft="contributed">താജിക്</language>
			<language type="th" draft="contributed">തായ്</language>
			<language type="ti" draft="provisional">തിഗ്രിഗ്‌നാ</language>
			<language type="tk" draft="provisional">തുര്‍ക്ക് മെന്‍</language>
			<language type="tk" alt="proposed-x1001" draft="unconfirmed">തുര്‍ക്കമന്‍</language>
			<language type="tl" draft="provisional">തഗാലോഗ്</language>
			<language type="tn" draft="provisional">സെറ്റ്സ്വാന</language>
			<language type="to" draft="provisional">ടോംഗന്‍</language>
			<language type="tr" draft="contributed">ടര്‍ക്കിഷ്</language>
			<language type="ts" draft="provisional">ഷോണ</language>
			<language type="tt" draft="provisional">ടാട്ടാര്‍</language>
			<language type="tt" alt="proposed-x1001" draft="unconfirmed">റ്റാറ്റര്‍</language>
			<language type="tw" draft="provisional">ത്വവി</language>
			<language type="tw" alt="proposed-x1001" draft="unconfirmed">റ്റ്വ്വി</language>
			<language type="udm" draft="contributed">ഉഡ്മുര്‍ട്ട്</language>
			<language type="ug" draft="provisional">ഉയ്ഘുര്‍</language>
			<language type="uga" draft="contributed">ഉഗറിട്ടിക്</language>
			<language type="uk" draft="contributed">ഉക്രേനിയന്‍</language>
			<language type="umb" draft="contributed">ഉംബുന്ദു</language>
			<language type="und" draft="contributed">അജ്ഞാതമോ അനിശ്ചിതമോ ആയ ഭാഷ</language>
			<language type="ur" draft="contributed">ഉറുദു</language>
			<language type="ur" alt="proposed-x1001" draft="unconfirmed">ഉര്‍ദു</language>
			<language type="uz" draft="provisional">ഉസ്ബെക്</language>
			<language type="uz" alt="proposed-x1001" draft="unconfirmed">ഉസ്ബക്</language>
			<language type="vai" draft="contributed">വൈ</language>
			<language type="ve" draft="contributed">വെന്ദ</language>
			<language type="vi" draft="contributed">വിയറ്റ്നാമീസ്</language>
			<language type="vo" draft="provisional">വോളാപുക്</language>
			<language type="vot" draft="contributed">വോട്ടിക്</language>
			<language type="wa" draft="contributed">വല്ലൂണ്‍</language>
			<language type="wak" draft="contributed">വകഷന്‍ ഭാഷകള്‍</language>
			<language type="wal" draft="contributed">വലമൊ</language>
			<language type="war" draft="contributed">വാരേയ്</language>
			<language type="was" draft="contributed">വാഷൊ</language>
			<language type="wo" draft="provisional">വൊളോഫ്</language>
			<language type="xh" draft="provisional">ക്ഷോസാ</language>
			<language type="yao" draft="contributed">യാവോ</language>
			<language type="yap" draft="contributed">യെപ്പീസ്</language>
			<language type="yi" draft="contributed">യിദ്ദിഷ്</language>
			<language type="yo" draft="provisional">യൊറൂബാ</language>
			<language type="ypk" draft="contributed">യുപിക് ഭാഷകള്‍</language>
			<language type="za" draft="provisional">സ്വാംഗ്</language>
			<language type="zap" draft="contributed">സാപ്പോടെക്</language>
			<language type="zen" draft="contributed">സെനഗ</language>
			<language type="zh" draft="contributed">ചൈനീസ്</language>
			<language type="znd" draft="contributed">സാന്ദെ</language>
			<language type="zu" draft="provisional">സുളു</language>
			<language type="zun" draft="contributed">സുനി</language>
			<language type="zza" draft="contributed">സാസാ</language>
		</languages>
		<scripts>
			<script type="Arab" draft="contributed">അറബി</script>
			<script type="Arab" alt="proposed-x1001" draft="unconfirmed">അറബിക്ക്</script>
			<script type="Beng" draft="contributed">ബംഗാളി</script>
			<script type="Brah" draft="contributed">ബ്രാഹ്മി</script>
			<script type="Brah" alt="proposed-x1001" draft="unconfirmed">ബ്രഹ്മി</script>
			<script type="Deva" draft="contributed">ദേവനാഗരി</script>
			<script type="Grek" draft="contributed">ഗ്രീക്ക്</script>
			<script type="Gujr" draft="contributed">ഗുജറാത്തി</script>
			<script type="Guru" draft="contributed">ഗുരുമുഖി</script>
			<script type="Hant" draft="provisional">പരമ്പരാഗത ചീനലിപി</script>
			<script type="Hant" alt="proposed-x1001" draft="unconfirmed">ചൈനീസ് പഴയ ലിപി  Chinese: [okay] Vote accepted.  Abkhazian: [okay] Vote accepted.</script>
			<script type="Hant" alt="proposed-x1002" draft="unconfirmed">ചൈനയുടെ പ്രാചീന ലിപി</script>
			<script type="Hebr" draft="contributed">ഹീബ്രു</script>
			<script type="Hira" draft="provisional">ഹിരഗാന</script>
			<script type="Hira" alt="proposed-x1001" draft="unconfirmed">ഹിബ്രു</script>
			<script type="Inds" draft="contributed">ഇന്‍ഡസ്</script>
			<script type="Jpan" draft="contributed">ജാപ്പനീസ്</script>
			<script type="Knda" draft="contributed">കന്നഡ</script>
			<script type="Latn" draft="contributed">ലാറ്റിന്‍</script>
			<script type="Mlym" draft="contributed">മലയാളം</script>
			<script type="Mong" draft="contributed">മംഗോളിയന്‍</script>
			<script type="Mymr" draft="contributed">മ്യാന്‍മാര്‍</script>
			<script type="Orya" draft="contributed">ഒറിയ</script>
			<script type="Saur" draft="contributed">സൌരാഷ്ട്ര</script>
			<script type="Sinh" draft="contributed">സിംഹള</script>
			<script type="Syrc" draft="contributed">സിറിയക്ക്</script>
			<script type="Taml" draft="contributed">തമിഴ്</script>
			<script type="Telu" draft="contributed">തെലുങ്ക്</script>
			<script type="Zxxx" draft="provisional">എഴുതപ്പെടാത്തത്</script>
			<script type="Zzzz" draft="provisional">അറിയപ്പെടാത്തതോ നിലവിലില്ലാത്തതോ ആയ ലിപി</script>
		</scripts>
		<territories>
			<territory type="001" draft="unconfirmed">ലോകം</territory>
			<territory type="002" draft="unconfirmed">ആഫ്രിക്ക</territory>
			<territory type="005" draft="unconfirmed">ദക്ഷിണ അമേരിക്ക</territory>
			<territory type="011" draft="unconfirmed">പശ്ചിമആഫ്രിക്ക</territory>
			<territory type="013" draft="unconfirmed">മദ്ധ്യഅമേരിക്ക</territory>
			<territory type="014" draft="unconfirmed">കിഴക്കന്‍ ആഫ്രിക്ക</territory>
			<territory type="015" draft="unconfirmed">ഉത്തരആഫ്രിക്ക</territory>
			<territory type="017" draft="unconfirmed">മദ്ധ്യആഫ്രിക്ക</territory>
			<territory type="019" draft="unconfirmed">അമേരിക്കസ്</territory>
			<territory type="029" draft="unconfirmed">കരീബിയന്‍</territory>
			<territory type="030" draft="unconfirmed">കിഴക്കന്‍ ഏഷ്യ</territory>
			<territory type="035" draft="unconfirmed">തെക്ക്-കിഴക്കന്‍ ഏഷ്യ</territory>
			<territory type="142" draft="unconfirmed">ഏഷ്യ</territory>
			<territory type="145" draft="unconfirmed">പശ്ചിമേഷ്യ</territory>
			<territory type="150" draft="unconfirmed">യൂറോപ്പ്</territory>
			<territory type="151" draft="unconfirmed">കിഴക്കന്‍ യൂറോപ്പ്</territory>
			<territory type="155" draft="unconfirmed">പശ്ചിമ യൂറോപ്പ്</territory>
			<territory type="AD" draft="unconfirmed">അന്‍ടോറ</territory>
			<territory type="AE" draft="unconfirmed">സംയുക്ത അറബ് രാഷ്ട്രം</territory>
			<territory type="AF" draft="unconfirmed">അഫ്ഗാനിസ്ഥാന്‍</territory>
			<territory type="AG" draft="unconfirmed">ആന്‍റിഗ്വ ആന്‍റ് ബര്‍ബുഡ</territory>
			<territory type="AL" draft="unconfirmed">അല്‍ബേനിയ</territory>
			<territory type="AM" draft="unconfirmed">അര്‍മേനിയ</territory>
			<territory type="AO" draft="unconfirmed">അംഗോള</territory>
			<territory type="AQ" draft="unconfirmed">അന്‍റാര്‍ട്ടിക്ക</territory>
			<territory type="AR" draft="unconfirmed">അര്‍ജന്‍റീന</territory>
			<territory type="AT" draft="unconfirmed">ഓസ്ട്രിയ</territory>
			<territory type="AU" draft="unconfirmed">ഓസ്ട്രേലിയ</territory>
			<territory type="AZ" draft="unconfirmed">അസര്‍ബൈജാന്‍</territory>
			<territory type="BA" draft="unconfirmed">ബോസ്നിയ ഹെര്‍സഗോവിന</territory>
			<territory type="BB" draft="unconfirmed">ബാര്‍ബഡോസ്</territory>
			<territory type="BD" draft="unconfirmed">ബംഗ്ലാദേശ്</territory>
			<territory type="BE" draft="unconfirmed">ബെല്‍ജിയം</territory>
			<territory type="BF" draft="unconfirmed">ബുര്‍ക്കിനാ ഫാസോ</territory>
			<territory type="BG" draft="unconfirmed">ബള്‍ഗേറിയ</territory>
			<territory type="BH" draft="unconfirmed">ബഹ്റൈന്‍</territory>
			<territory type="BI" draft="unconfirmed">ബുറുണ്ടി</territory>
			<territory type="BJ" draft="unconfirmed">ബെനിന്‍</territory>
			<territory type="BM" draft="unconfirmed">ബര്‍മുഡ</territory>
			<territory type="BN" draft="unconfirmed">ബ്രൂണയ്</territory>
			<territory type="BO" draft="unconfirmed">ബൊളീവിയ</territory>
			<territory type="BR" draft="unconfirmed">ബ്രസീല്‍</territory>
			<territory type="BS" draft="unconfirmed">ബഹാമാസ്</territory>
			<territory type="BT" draft="unconfirmed">ഭൂട്ടാന്‍</territory>
			<territory type="BW" draft="unconfirmed">ബോട്സ്വാന</territory>
			<territory type="BY" draft="unconfirmed">ബെലറൂസ്</territory>
			<territory type="BZ" draft="unconfirmed">ബെലീസ്</territory>
			<territory type="CA" draft="unconfirmed">കാനഡ</territory>
			<territory type="CA" alt="proposed-x1001" draft="unconfirmed">കനഡ</territory>
			<territory type="CC" draft="unconfirmed">കോക്കസ്</territory>
			<territory type="CD" draft="provisional">കോംഗോ - കിന്‍ഷാസ</territory>
			<territory type="CD" alt="proposed-x1001" draft="unconfirmed">കോംഗോ</territory>
			<territory type="CF" draft="unconfirmed">സെന്‍ട്രല്‍ ആഫ്രിക്കന്‍ റിപ്പബ്ലിക്</territory>
			<territory type="CG" draft="provisional">കോംഗോ - ബ്രാസാവില്‍</territory>
			<territory type="CG" alt="proposed-x1001" draft="unconfirmed">കോംഗോ</territory>
			<territory type="CH" draft="unconfirmed">സ്വിറ്റ്സര്‍ലന്‍ഡ്</territory>
			<territory type="CI" draft="unconfirmed">ഐവറി കോസ്റ്റ്</territory>
			<territory type="CL" draft="unconfirmed">ചിലി</territory>
			<territory type="CM" draft="unconfirmed">കാമറൂണ്‍</territory>
			<territory type="CN" draft="unconfirmed">ചൈന</territory>
			<territory type="CO" draft="unconfirmed">കൊളംബിയ</territory>
			<territory type="CR" draft="unconfirmed">കോസ്റ്ററിക്ക</territory>
			<territory type="CU" draft="unconfirmed">ക്യൂബ</territory>
			<territory type="CV" draft="unconfirmed">കേപ്പ് വെര്‍ഡെ</territory>
			<territory type="CX" draft="unconfirmed">ക്രിസ്മസ് ദ്വീപ്</territory>
			<territory type="CY" draft="unconfirmed">സൈപ്രസ്സ്</territory>
			<territory type="CZ" draft="unconfirmed">ചെക്ക് റിപ്പബ്ലിക്</territory>
			<territory type="DE" draft="unconfirmed">ജര്‍മനി</territory>
			<territory type="DJ" draft="unconfirmed">ജിബൂട്ടി</territory>
			<territory type="DK" draft="unconfirmed">ഡെന്മാര്‍ക്ക്</territory>
			<territory type="DK" alt="proposed-x1001" draft="unconfirmed">ഡെന്‍മാര്‍ക്ക്</territory>
			<territory type="DM" draft="unconfirmed">ഡൊമിനിക്ക</territory>
			<territory type="DO" draft="unconfirmed">ഡൊമിനിക്കന്‍ റിപ്പബ്ലിക്</territory>
			<territory type="DZ" draft="unconfirmed">അല്‍ജീറിയ</territory>
			<territory type="EC" draft="unconfirmed">ഇക്വഡോര്‍</territory>
			<territory type="EE" draft="unconfirmed">എസ്റ്റോണിയ‍</territory>
			<territory type="EG" draft="unconfirmed">ഈജിപ്ത്</territory>
			<territory type="EH" draft="unconfirmed">പശ്ചിമ സഹാറ</territory>
			<territory type="ER" draft="unconfirmed">എരിട്രിയ</territory>
			<territory type="ES" draft="unconfirmed">സ്പെയ്ന്‍</territory>
			<territory type="ET" draft="unconfirmed">എത്യോപ്യ</territory>
			<territory type="FI" draft="unconfirmed">ഫിന്‍ലാന്‍ഡ്</territory>
			<territory type="FJ" draft="unconfirmed">ഫിജി</territory>
			<territory type="FR" draft="unconfirmed">ഫ്രാന്‍സ്</territory>
			<territory type="GB" draft="unconfirmed">ബ്രിട്ടന്‍</territory>
			<territory type="GD" draft="unconfirmed">ഗ്രനേഡ</territory>
			<territory type="GE" draft="unconfirmed">ജോര്‍ജിയ</territory>
			<territory type="GH" draft="unconfirmed">ഖാന</territory>
			<territory type="GI" draft="unconfirmed">ജിബ്രിള്‍ട്ടര്‍</territory>
			<territory type="GL" draft="unconfirmed">ഗ്രീന്‍ലാന്‍റ്</territory>
			<territory type="GM" draft="unconfirmed">ഗാംബിയ</territory>
			<territory type="GR" draft="unconfirmed">ഗ്രീസ്</territory>
			<territory type="GT" draft="unconfirmed">ഗ്വാട്ടിമാലാ</territory>
			<territory type="GW" draft="unconfirmed">ഗിനി-ബിസോ</territory>
			<territory type="GY" draft="unconfirmed">ഗയാന</territory>
			<territory type="HK" draft="contributed">ഹോങ് കോങ് എസ്.ഏ.ആര്‍. ചൈന</territory>
			<territory type="HK" alt="short" draft="contributed">ഹോങ് കോങ്</territory>
			<territory type="HK" alt="short-proposed-x1001" draft="unconfirmed">ഹോങ്കോങ്</territory>
			<territory type="HR" draft="unconfirmed">ക്രൊയേഷ്യ</territory>
			<territory type="HT" draft="unconfirmed">ഹൈയ്തി</territory>
			<territory type="HU" draft="unconfirmed">ഹംഗറി</territory>
			<territory type="ID" draft="unconfirmed">ഇന്‍ഡോനേഷ്യ</territory>
			<territory type="IE" draft="unconfirmed">ഐയര്‍ലാന്‍റ്</territory>
			<territory type="IL" draft="unconfirmed">ഇസ്രായേല്‍</territory>
			<territory type="IN">ഇന്ത്യ</territory>
			<territory type="IQ" draft="unconfirmed">ഇറാക്ക്</territory>
			<territory type="IR" draft="unconfirmed">ഇറാന്‍</territory>
			<territory type="IS" draft="unconfirmed">ഐസ്‌ലാന്</territory>
			<territory type="IT" draft="unconfirmed">ഇറ്റലി</territory>
			<territory type="JM" draft="unconfirmed">ജമൈക്ക</territory>
			<territory type="JO" draft="unconfirmed">ജോര്‍ദ്ദാന്‍</territory>
			<territory type="JP" draft="unconfirmed">ജപ്പാന്‍</territory>
			<territory type="KE" draft="unconfirmed">കെനിയ</territory>
			<territory type="KG" draft="unconfirmed">കിര്‍ഗിസ്ഥാന്‍</territory>
			<territory type="KH" draft="unconfirmed">കംബോഡിയ</territory>
			<territory type="KI" draft="unconfirmed">കിരിബാത്തി</territory>
			<territory type="KP" draft="unconfirmed">ഉത്തരകൊറിയ</territory>
			<territory type="KR" draft="unconfirmed">ദക്ഷിണകൊറിയ</territory>
			<territory type="KW" draft="unconfirmed">കുവൈറ്റ്</territory>
			<territory type="KZ" draft="unconfirmed">കസാഖ്സ്ഥാന്‍</territory>
			<territory type="LA" draft="unconfirmed">ലാവോസ്</territory>
			<territory type="LB" draft="unconfirmed">ലബനന്‍</territory>
			<territory type="LK" draft="unconfirmed">ശ്രീലങ്ക</territory>
			<territory type="LR" draft="unconfirmed">ലൈബീരിയ</territory>
			<territory type="LS" draft="unconfirmed">ലെസോത്തോ</territory>
			<territory type="LT" draft="unconfirmed">ലിത്വാനിയ</territory>
			<territory type="LU" draft="unconfirmed">ലക്സംബര്‍ഗ്</territory>
			<territory type="LV" draft="unconfirmed">ലാത്വിയ</territory>
			<territory type="LY" draft="unconfirmed">ലിബിയ</territory>
			<territory type="MA" draft="unconfirmed">മൊറോക്കൊ</territory>
			<territory type="MC" draft="unconfirmed">മൊണോക്കൊ</territory>
			<territory type="MG" draft="unconfirmed">മഡഗാസ്കര്‍</territory>
			<territory type="MK" draft="unconfirmed">മാസിഡോണിയ</territory>
			<territory type="ML" draft="unconfirmed">മാലി</territory>
			<territory type="MM" draft="unconfirmed">മ്യാന്‍മാര്‍</territory>
			<territory type="MN" draft="unconfirmed">മംഗോളിയ</territory>
			<territory type="MO" draft="contributed">മക്കാവോ എസ്.ഏ.ആര്‍. ചൈന</territory>
			<territory type="MO" alt="short" draft="contributed">മക്കാവോ</territory>
			<territory type="MO" alt="short-proposed-x1001" draft="unconfirmed">മക്കാവു</territory>
			<territory type="MT" draft="unconfirmed">മാള്‍ട്ട</territory>
			<territory type="MU" draft="unconfirmed">മൌറീഷ്യസ്</territory>
			<territory type="MV" draft="unconfirmed">മാലിദ്വീപ്</territory>
			<territory type="MX" draft="unconfirmed">മേക്സിക്കോ</territory>
			<territory type="MY" draft="unconfirmed">മലേഷ്യ</territory>
			<territory type="MZ" draft="unconfirmed">മൊസാംബിക്ക്</territory>
			<territory type="NA" draft="unconfirmed">നമീബിയ</territory>
			<territory type="NE" draft="unconfirmed">നൈഗര്‍</territory>
			<territory type="NG" draft="unconfirmed">നൈജീരിയ</territory>
			<territory type="NI" draft="unconfirmed">നിക്കാരഗ്വ</territory>
			<territory type="NO" draft="unconfirmed">നോര്‍വെ</territory>
			<territory type="NP" draft="unconfirmed">നേപ്പാള്‍</territory>
			<territory type="NZ" draft="unconfirmed">ന്യൂസിലാന്‍റ്</territory>
			<territory type="OM" draft="unconfirmed">ഒമാന്‍</territory>
			<territory type="PA" draft="unconfirmed">പനാമ</territory>
			<territory type="PE" draft="unconfirmed">പെറു</territory>
			<territory type="PH" draft="unconfirmed">ഫിലിപ്പൈന്‍സ്</territory>
			<territory type="PK" draft="unconfirmed">പാക്കിസ്ഥാന്‍</territory>
			<territory type="PL" draft="unconfirmed">പോളണ്ട്</territory>
			<territory type="PT" draft="unconfirmed">പോര്‍ച്ചുഗല്‍</territory>
			<territory type="PY" draft="unconfirmed">പരാഗ്വേ</territory>
			<territory type="QA" draft="unconfirmed">ഖത്തര്‍</territory>
			<territory type="RO" draft="unconfirmed">റൊമാനിയ</territory>
			<territory type="RS" draft="unconfirmed">സെര്‍ബിയ</territory>
			<territory type="RU" draft="unconfirmed">റഷ്യ</territory>
			<territory type="RW" draft="unconfirmed">റുവാണ്ട</territory>
			<territory type="SA" draft="unconfirmed">സൗദി അറേബ്യ</territory>
			<territory type="SD" draft="unconfirmed">സുഡാന്‍</territory>
			<territory type="SE" draft="unconfirmed">സ്വീഡന്‍</territory>
			<territory type="SG" draft="unconfirmed">സിംഗപ്പുര്‍</territory>
			<territory type="SK" draft="unconfirmed">സ്ലോവാക്യ</territory>
			<territory type="SN" draft="unconfirmed">സെനഗല്‍</territory>
			<territory type="SO" draft="unconfirmed">സോമാലിയ</territory>
			<territory type="SR" draft="unconfirmed">സുറിനാം</territory>
			<territory type="SY" draft="unconfirmed">സിറിയ</territory>
			<territory type="TG" draft="unconfirmed">ടോഗോ</territory>
			<territory type="TH" draft="unconfirmed">തായ് ലന്‍റ്</territory>
			<territory type="TJ" draft="unconfirmed">താജിക്കിസ്ഥാന്‍</territory>
			<territory type="TL" draft="unconfirmed">കിഴക്കന്‍ തിമുര്‍</territory>
			<territory type="TM" draft="unconfirmed">തുര്‍ക്ക് മേനിസ്ഥാന്‍</territory>
			<territory type="TN" draft="unconfirmed">ടുണീഷ്യ</territory>
			<territory type="TO" draft="unconfirmed">ടോംഗ</territory>
			<territory type="TR" draft="unconfirmed">തുര്‍ക്കി</territory>
			<territory type="TV" draft="unconfirmed">തുവാലു</territory>
			<territory type="TW" draft="unconfirmed">തായ്‌വാന്‍</territory>
			<territory type="TZ" draft="unconfirmed">ടാന്‍സാനിയ</territory>
			<territory type="UA" draft="unconfirmed">ഉക്രൈന്‍</territory>
			<territory type="UG" draft="unconfirmed">ഉഗാണ്ട</territory>
			<territory type="US" draft="unconfirmed">യുണൈറ്റഡ് സ്റ്റേറ്റ്സ് ഓഫ് അമേരിക്ക</territory>
			<territory type="UY" draft="unconfirmed">ഉറുഗ്വ</territory>
			<territory type="UZ" draft="unconfirmed">ഉസ്ബക്കിസ്ഥാന്‍</territory>
			<territory type="VA" draft="unconfirmed">വത്തിക്കാന്‍</territory>
			<territory type="VE" draft="unconfirmed">വെനിസ്വേല</territory>
			<territory type="VN" draft="unconfirmed">വിയറ്റ്നാം</territory>
			<territory type="YE" draft="unconfirmed">യമന്‍</territory>
			<territory type="ZA" draft="unconfirmed">ദക്ഷിണ ആഫ്രിക്ക</territory>
			<territory type="ZM" draft="unconfirmed">സാംബിയ</territory>
			<territory type="ZW" draft="unconfirmed">സിംബാവെ</territory>
			<territory type="ZZ" draft="provisional">അറിയപ്പെടാത്തതോ നിലവിലില്ലാത്തതോ ആയ പ്രദേശം</territory>
		</territories>
		<keys>
			<key type="calendar">കലണ്ടര്‍</key>
			<key type="currency">നാണയം</key>
		</keys>
		<types>
			<type type="big5han" key="collation">പരമ്പരാഗത ചൈനീസ് ക്രമീകരണം - ബിഗ്5</type>
			<type type="big5han" key="collation" alt="proposed-x1001" draft="unconfirmed">പരമ്പരാഗത ചീന തരം തിരിവ് ക്രമം</type>
			<type type="big5han" key="collation" alt="proposed-x1002" draft="unconfirmed">പരമ്പരാഗതചീനകലണ്ടര്‍</type>
			<type type="buddhist" key="calendar" draft="provisional">ബുദ്ധകലണ്ടര്‍</type>
			<type type="chinese" key="calendar">ചൈനീസ് കലണ്ടര്‍</type>
			<type type="chinese" key="calendar" alt="proposed-x1001" draft="unconfirmed">ചീനകലണ്ടര്‍</type>
			<type type="direct" key="collation">പ്രത്യക്ഷക്രമീകരണം</type>
			<type type="direct" key="collation" alt="proposed-x1001" draft="unconfirmed">നേര് തരം തിരിവ് ക്രമം</type>
			<type type="direct" key="collation" alt="proposed-x1002" draft="unconfirmed">ഡയറക്റ്റ് കലണ്ടര്‍</type>
			<type type="gb2312han" key="collation">ലളിതമായ ചൈനീസ് ക്രമീകരണം - ജീബി2312</type>
			<type type="gb2312han" key="collation" alt="proposed-x1001" draft="unconfirmed">ലളിത ചീന തരം തിരിവ് ക്രമം</type>
			<type type="gb2312han" key="collation" alt="proposed-x1002" draft="unconfirmed">ലളിതചീനകലണ്ടര്‍</type>
			<type type="gregorian" key="calendar" draft="provisional">ഇംഗ്ലീഷ് കലണ്ടര്‍</type>
			<type type="hebrew" key="calendar">യഹൂദകലണ്ടര്‍</type>
			<type type="islamic" key="calendar">ഇസ്ലാം കലണ്ടര്‍</type>
			<type type="islamic-civil" key="calendar">ഇസ്ലാം-സിവില്‍ കലണ്ടര്‍</type>
			<type type="japanese" key="calendar">ജപ്പാനീസ് കലണ്ടര്‍</type>
			<type type="phonebook" key="collation">ഫോണ്‍ബുക്കിലെ ക്രമീകരണം</type>
			<type type="phonebook" key="collation" alt="proposed-x1001" draft="unconfirmed">ഫോണ്‍‌ബുക്ക് രീതി</type>
			<type type="phonebook" key="collation" alt="proposed-x1002" draft="unconfirmed">ഫോണ് ബുക്ക് തരം തിരിവ് ക്രമം</type>
			<type type="pinyin" key="collation">പിന്‍‌യിന്‍ ക്രമീകരണം</type>
			<type type="pinyin" key="collation" alt="proposed-x1001" draft="unconfirmed">പിന്‍‌യിന്‍ തരം തിരിവ് ക്രമം</type>
			<type type="pinyin" key="collation" alt="proposed-x1002" draft="unconfirmed">പിന്‍‌യിന്‍ രീതി</type>
			<type type="stroke" key="collation">സ്റ്റ്രോക്ക് ക്രമീകരണം</type>
			<type type="stroke" key="collation" alt="proposed-x1001" draft="unconfirmed">സ്റ്റ്രോക്ക്  തരം തിരിവ് ക്രമം</type>
			<type type="stroke" key="collation" alt="proposed-x1002" draft="unconfirmed">സ്റ്റ്രോക്ക് രീതി</type>
			<type type="traditional" key="collation">പരമ്പരാഗത ക്രമീകരണം</type>
			<type type="traditional" key="collation" alt="proposed-x1001" draft="unconfirmed">പരമ്പരാഗതരീതി</type>
			<type type="traditional" key="collation" alt="proposed-x1002" draft="unconfirmed">പരമ്പരാഗത തരം തിരിവ് ക്രമം</type>
		</types>
		<measurementSystemNames>
			<measurementSystemName type="US">യു.എസ്.</measurementSystemName>
			<measurementSystemName type="US" alt="proposed-x1001" draft="unconfirmed">യു.എസ്</measurementSystemName>
			<measurementSystemName type="US" alt="proposed-x1002" draft="unconfirmed">ബ്രിട്ടീഷ്</measurementSystemName>
			<measurementSystemName type="metric">മെട്രിക്</measurementSystemName>
		</measurementSystemNames>
	</localeDisplayNames>
	<characters>
		<exemplarCharacters>[\u200C \u200D അ-ഋ ൠ ഌ ൡ എ-ഐ ഒ-ന പ-ര ല വ ള ഴ റ ശ-ഹ ഃ ം ാ-ൃ െ-ൈ ൊ-ൌ ൗ ്]</exemplarCharacters>
		<exemplarCharacters type="auxiliary">[a-z]</exemplarCharacters>
		<exemplarCharacters type="auxiliary" alt="proposed-x1001" draft="unconfirmed">[\u200C \u200D]</exemplarCharacters>
		<exemplarCharacters alt="proposed-x1001" draft="unconfirmed">[അ-ഋ ൠ ഌ ൡ എ-ഐ ഒ-ന പ-ര ല വ ള ഴ റ ശ-ഹ ഃ ം ാ-ൃ െ-ൈ ൊ-ൌ ൗ ്]</exemplarCharacters>
	</characters>
	<delimiters>
		<quotationStart>“</quotationStart>
		<quotationEnd>”</quotationEnd>
		<alternateQuotationStart>‘</alternateQuotationStart>
		<alternateQuotationEnd>’</alternateQuotationEnd>
	</delimiters>
	<dates>
		<calendars>
			<calendar type="gregorian">
				<months>
					<monthContext type="format">
						<monthWidth type="abbreviated">
							<month type="1" draft="provisional">ജനു</month>
							<month type="2" draft="provisional">ഫെബ്രു</month>
							<month type="2" alt="proposed-x1001" draft="unconfirmed">ഫിബ്</month>
							<month type="3" draft="provisional">മാര്‍</month>
							<month type="3" alt="proposed-x1001" draft="unconfirmed">മാറ്അ</month>
							<month type="4" draft="provisional">ഏപ്രി</month>
							<month type="4" alt="proposed-x1001" draft="unconfirmed">ഏപ്റില്അ</month>
							<month type="5" draft="provisional">മെയ്</month>
							<month type="6" draft="provisional">ജൂണ്‍</month>
							<month type="6" alt="proposed-x1001" draft="unconfirmed">ജൂണ്അ</month>
							<month type="7" draft="provisional">ജൂലൈ</month>
							<month type="7" alt="proposed-x1001" draft="unconfirmed">ജൂൈല</month>
							<month type="8" draft="provisional">ആഗ</month>
							<month type="9" draft="provisional">സെപ്തം</month>
							<month type="10" draft="provisional">ഒക്ടോ</month>
							<month type="10" alt="proposed-x1001" draft="unconfirmed">ഒക്ട</month>
							<month type="11" draft="provisional">നവം</month>
							<month type="12" draft="provisional">ഡിസം</month>
						</monthWidth>
						<monthWidth type="narrow">
							<month type="2" draft="provisional">ഫ</month>
							<month type="3" draft="provisional">മ</month>
							<month type="4" draft="provisional">ഏ</month>
							<month type="5" draft="provisional">മ</month>
							<month type="6" draft="provisional">ജ</month>
							<month type="7" draft="provisional">ജ</month>
							<month type="8" draft="provisional">ആ</month>
							<month type="9" draft="provisional">സ</month>
							<month type="10" draft="provisional">ഒ</month>
							<month type="11" draft="provisional">ന</month>
							<month type="12" draft="provisional">ഡ</month>
						</monthWidth>
						<monthWidth type="wide">
							<month type="1" draft="provisional">ജനുവരി</month>
							<month type="2" draft="provisional">ഫെബ്രുവരി</month>
							<month type="2" alt="proposed-x1001" draft="unconfirmed">ഫിബ്റവരി</month>
							<month type="3" draft="provisional">മാര്‍ച്ച്</month>
							<month type="3" alt="proposed-x1001" draft="unconfirmed">മാറ്അച്അച്</month>
							<month type="4" draft="provisional">ഏപ്രില്‍</month>
							<month type="4" alt="proposed-x1001" draft="unconfirmed">ഏപ്റില്അ</month>
							<month type="5" draft="provisional">മെയ്</month>
							<month type="6" draft="provisional">ജൂണ്‍</month>
							<month type="6" alt="proposed-x1001" draft="unconfirmed">ജൂണ്അ</month>
							<month type="7" draft="provisional">ജൂലൈ</month>
							<month type="7" alt="proposed-x1001" draft="unconfirmed">ജൂൈല</month>
							<month type="8" draft="provisional">ആഗസ്ത്</month>
							<month type="8" alt="proposed-x1001" draft="unconfirmed">ആഗസ്ത്അ</month>
							<month type="9" draft="provisional">സെപ്തംബര്‍</month>
							<month type="9" alt="proposed-x1001" draft="unconfirmed">സെപ്തംബറ്അ</month>
							<month type="10" draft="provisional">ഒക്ടോബര്‍</month>
							<month type="10" alt="proposed-x1001" draft="unconfirmed">ഒക്ടൈബറ്അ</month>
							<month type="11" draft="provisional">നവംബര്‍</month>
							<month type="11" alt="proposed-x1001" draft="unconfirmed">നവംബറ്അ</month>
							<month type="12" draft="provisional">ഡിസംബര്‍</month>
							<month type="12" alt="proposed-x1001" draft="unconfirmed">ഡിസംബറ്അ</month>
						</monthWidth>
					</monthContext>
					<monthContext type="stand-alone">
						<monthWidth type="abbreviated">
							<month type="3" draft="provisional">മാര്‍</month>
							<month type="4" draft="provisional">ഏപ്രി</month>
							<month type="6" draft="provisional">ജൂണ്‍</month>
							<month type="7" draft="provisional">ജൂലൈ</month>
							<month type="10" draft="provisional">ഒക്ടോ</month>
						</monthWidth>
						<monthWidth type="narrow">
							<month type="1" draft="provisional">ജ</month>
							<month type="1" alt="proposed-x1001" draft="unconfirmed">1</month>
							<month type="2" draft="provisional">ഫ</month>
							<month type="2" alt="proposed-x1001" draft="unconfirmed">2</month>
							<month type="3" draft="provisional">മ</month>
							<month type="3" alt="proposed-x1001" draft="unconfirmed">3</month>
							<month type="4" draft="provisional">ഏ</month>
							<month type="4" alt="proposed-x1001" draft="unconfirmed">4</month>
							<month type="5" draft="provisional">മ</month>
							<month type="5" alt="proposed-x1001" draft="unconfirmed">5</month>
							<month type="6" draft="provisional">ജ</month>
							<month type="6" alt="proposed-x1001" draft="unconfirmed">6</month>
							<month type="7" draft="provisional">ജ</month>
							<month type="7" alt="proposed-x1001" draft="unconfirmed">7</month>
							<month type="8" draft="provisional">ആ</month>
							<month type="8" alt="proposed-x1001" draft="unconfirmed">8</month>
							<month type="9" draft="provisional">സ</month>
							<month type="9" alt="proposed-x1001" draft="unconfirmed">9</month>
							<month type="10" draft="provisional">ഒ</month>
							<month type="10" alt="proposed-x1001" draft="unconfirmed">10</month>
							<month type="11" draft="provisional">ന</month>
							<month type="11" alt="proposed-x1001" draft="unconfirmed">11</month>
							<month type="12" draft="provisional">ഡ</month>
							<month type="12" alt="proposed-x1001" draft="unconfirmed">12</month>
						</monthWidth>
						<monthWidth type="wide">
							<month type="3" draft="provisional">മാര്‍ച്ച്</month>
							<month type="4" draft="provisional">ഏപ്രില്‍</month>
							<month type="6" draft="provisional">ജൂണ്‍</month>
							<month type="7" draft="provisional">ജൂലൈ</month>
							<month type="8" draft="provisional">ആഗസ്ത്</month>
							<month type="9" draft="provisional">സെപ്തംബര്‍</month>
							<month type="10" draft="provisional">ഒക്ടോബര്‍</month>
							<month type="11" draft="provisional">നവംബര്‍</month>
							<month type="12" draft="provisional">ഡിസംബര്‍</month>
						</monthWidth>
					</monthContext>
				</months>
				<days>
					<dayContext type="format">
						<dayWidth type="abbreviated">
							<day type="sun">ഞാ</day>
							<day type="mon">തി</day>
							<day type="tue">ചൊ</day>
							<day type="wed">ബു</day>
							<day type="thu">വ്യാ</day>
							<day type="thu" alt="proposed-x1001" draft="unconfirmed">വ്യ</day>
							<day type="fri">വെ</day>
							<day type="sat">ശ</day>
						</dayWidth>
						<dayWidth type="wide">
							<day type="sun">ഞായര്‍</day>
							<day type="sun" alt="proposed-x1001" draft="unconfirmed">ഞായറ്അ</day>
							<day type="mon">തിങ്കള്‍</day>
							<day type="mon" alt="proposed-x1001" draft="unconfirmed">തിങ്കള്അ</day>
							<day type="tue">ചൊവ്വ</day>
							<day type="wed">ബുധന്‍</day>
							<day type="wed" alt="proposed-x1001" draft="unconfirmed">ബുനഭ്അ</day>
							<day type="thu">വ്യാഴം</day>
							<day type="fri">വെള്ളി</day>
							<day type="sat">ശനി</day>
						</dayWidth>
					</dayContext>
					<dayContext type="stand-alone">
						<dayWidth type="narrow">
							<day type="sun">ഞ</day>
							<day type="sun" alt="proposed-x1001" draft="unconfirmed">ഞാ</day>
							<day type="sun" alt="proposed-x1002" draft="unconfirmed">1</day>
							<day type="mon">ത</day>
							<day type="mon" alt="proposed-x1001" draft="unconfirmed">തി</day>
							<day type="mon" alt="proposed-x1002" draft="unconfirmed">2</day>
							<day type="tue">ച</day>
							<day type="tue" alt="proposed-x1001" draft="unconfirmed">ചൊ</day>
							<day type="tue" alt="proposed-x1002" draft="unconfirmed">3</day>
							<day type="wed">ബ</day>
							<day type="wed" alt="proposed-x1001" draft="unconfirmed">ബു</day>
							<day type="wed" alt="proposed-x1002" draft="unconfirmed">4</day>
							<day type="thu">വ</day>
							<day type="thu" alt="proposed-x1001" draft="unconfirmed">5</day>
							<day type="fri">വ</day>
							<day type="fri" alt="proposed-x1001" draft="unconfirmed">വെ</day>
							<day type="fri" alt="proposed-x1002" draft="unconfirmed">6</day>
							<day type="sat">ശ</day>
							<day type="sat" alt="proposed-x1001" draft="unconfirmed">7</day>
						</dayWidth>
					</dayContext>
				</days>
				<quarters>
					<quarterContext type="format">
						<quarterWidth type="abbreviated">
							<quarter type="1" draft="provisional">Q1</quarter>
							<quarter type="2" draft="provisional">Q2</quarter>
							<quarter type="3" draft="provisional">Q3</quarter>
							<quarter type="4" draft="provisional">Q4</quarter>
						</quarterWidth>
						<quarterWidth type="wide">
							<quarter type="1">ഒന്നാം പാദം</quarter>
							<quarter type="1" alt="proposed-x1001" draft="unconfirmed">Q1</quarter>
							<quarter type="2">രണ്ടാം പാദം</quarter>
							<quarter type="2" alt="proposed-x1001" draft="unconfirmed">Q2</quarter>
							<quarter type="3">മൂന്നാം പാദം</quarter>
							<quarter type="3" alt="proposed-x1001" draft="unconfirmed">Q3</quarter>
							<quarter type="4">നാലാം പാദം</quarter>
							<quarter type="4" alt="proposed-x1001" draft="unconfirmed">Q4</quarter>
						</quarterWidth>
					</quarterContext>
				</quarters>
				<am draft="provisional">രാവിലെ</am>
				<am alt="proposed-x1001" draft="unconfirmed">AM</am>
				<pm draft="provisional">വൈകുന്നേരം</pm>
				<pm alt="proposed-x1001" draft="unconfirmed">വൈകു</pm>
				<pm alt="proposed-x1002" draft="unconfirmed">PM</pm>
				<eras>
					<eraNames>
						<era type="0">ക്രിസ്തുവിനു് മുമ്പ്‌</era>
						<era type="0" alt="proposed-x1001" draft="unconfirmed">BCE</era>
						<era type="1">ക്രിസ്തുവിനു് പിമ്പ്</era>
						<era type="1" alt="proposed-x1001" draft="unconfirmed">CE</era>
					</eraNames>
					<eraAbbr>
						<era type="0">ക്രി.മു.</era>
						<era type="0" alt="proposed-x1001" draft="unconfirmed">BCE</era>
						<era type="1">ക്രി.പി.</era>
						<era type="1" alt="proposed-x1001" draft="unconfirmed">CE</era>
					</eraAbbr>
					<eraNarrow>
						<era type="0">ക്രി.മു.</era>
						<era type="1">ക്രി.പി.</era>
					</eraNarrow>
				</eras>
				<dateFormats>
					<dateFormatLength type="full">
						<dateFormat>
							<pattern>yyyy, MMMM d, EEEE</pattern>
							<pattern alt="proposed-x1001" draft="unconfirmed">EEEE, yyyy MMMM dd</pattern>
							<pattern alt="proposed-x1002" draft="unconfirmed">EEEE d MMMM yyyy</pattern>
						</dateFormat>
					</dateFormatLength>
					<dateFormatLength type="long">
						<dateFormat>
							<pattern draft="provisional">yyyy, MMMM d</pattern>
							<pattern alt="proposed-x1001" draft="unconfirmed">yyyy MMMM d</pattern>
							<pattern alt="proposed-x1002" draft="unconfirmed">d MMMM yyyy</pattern>
						</dateFormat>
					</dateFormatLength>
					<dateFormatLength type="medium">
						<dateFormat>
							<pattern>yyyy, MMM d</pattern>
							<pattern alt="proposed-x1001" draft="unconfirmed">dd-MM-yyyy</pattern>
							<pattern alt="proposed-x1002" draft="unconfirmed">yyyy MMM d</pattern>
						</dateFormat>
					</dateFormatLength>
					<dateFormatLength type="short">
						<dateFormat>
							<pattern>dd-MM-yy</pattern>
							<pattern alt="proposed-x1001" draft="unconfirmed">yy/MM/dd</pattern>
						</dateFormat>
					</dateFormatLength>
				</dateFormats>
				<timeFormats>
					<timeFormatLength type="full">
						<timeFormat>
							<pattern draft="provisional">h:mm:ss a v</pattern>
							<pattern alt="proposed-x1001" draft="unconfirmed">HH:mm:ss v</pattern>
						</timeFormat>
					</timeFormatLength>
					<timeFormatLength type="long">
						<timeFormat>
							<pattern draft="provisional">h:mm:ss a z</pattern>
							<pattern alt="proposed-x1001" draft="unconfirmed">HH:mm:ss z</pattern>
						</timeFormat>
					</timeFormatLength>
					<timeFormatLength type="medium">
						<timeFormat>
							<pattern draft="provisional">h:mm:ss a</pattern>
							<pattern alt="proposed-x1001" draft="unconfirmed">HH:mm:ss</pattern>
						</timeFormat>
					</timeFormatLength>
					<timeFormatLength type="short">
						<timeFormat>
							<pattern draft="provisional">h:mm a</pattern>
							<pattern alt="proposed-x1001" draft="unconfirmed">HH:mm</pattern>
						</timeFormat>
					</timeFormatLength>
				</timeFormats>
				<dateTimeFormats>
					<dateTimeFormatLength>
						<dateTimeFormat>
							<pattern draft="contributed">{1} {0}</pattern>
							<pattern alt="proposed-x1001" draft="unconfirmed">1999, സെപ്തം 14 1:25:59 PM</pattern>
						</dateTimeFormat>
					</dateTimeFormatLength>
					<availableFormats>
						<dateFormatItem id="MMMMd">MMMM d</dateFormatItem>
						<dateFormatItem id="MMMMd" alt="proposed-x1001" draft="unconfirmed">d MMMM</dateFormatItem>
						<dateFormatItem id="MMdd">dd-MM</dateFormatItem>
						<dateFormatItem id="yyQ">Q yy</dateFormatItem>
						<dateFormatItem id="yyyyMM">MM-yyyy</dateFormatItem>
						<dateFormatItem id="yyyyMMMM">MMMM yyyy</dateFormatItem>
					</availableFormats>
				</dateTimeFormats>
				<fields>
					<field type="era">
						<displayName draft="provisional">അബ്ദം</displayName>
						<displayName alt="proposed-x1001" draft="unconfirmed">കാലഘട്ടം</displayName>
						<displayName alt="proposed-x1002" draft="unconfirmed">വര്‍ഷം</displayName>
					</field>
					<field type="year">
						<displayName>വര്‍ഷം</displayName>
					</field>
					<field type="month">
						<displayName>മാസം</displayName>
					</field>
					<field type="week">
						<displayName>ആഴ്ച</displayName>
						<displayName alt="proposed-x1001" draft="unconfirmed">വാരം</displayName>
					</field>
					<field type="day">
						<displayName>ദിവസം</displayName>
						<relative type="0">ഇന്നു്</relative>
						<relative type="1">നാളെ</relative>
						<relative type="2" draft="provisional">മറ്റന്നാള്‍</relative>
						<relative type="-1">ഇന്നലെ</relative>
						<relative type="-2">മിനിഞ്ഞാന്ന്</relative>
					</field>
					<field type="weekday">
						<displayName>ആഴ്ചയിലെ ദിവസം</displayName>
						<displayName alt="proposed-x1001" draft="unconfirmed">ആഴ്ച</displayName>
					</field>
					<field type="dayperiod">
						<displayName draft="unconfirmed">AM/PM</displayName>
						<displayName alt="proposed-x1001" draft="unconfirmed">രാവിലെ/വൈകുന്നേരം</displayName>
					</field>
					<field type="hour">
						<displayName>മണിക്കൂര്‍</displayName>
					</field>
					<field type="minute">
						<displayName>മിനിട്ട്</displayName>
					</field>
					<field type="second">
						<displayName>സെക്കന്റ്</displayName>
					</field>
					<field type="zone">
						<displayName draft="provisional">മേഖല</displayName>
						<displayName alt="proposed-x1001" draft="unconfirmed">കാലഘട്ടം</displayName>
					</field>
				</fields>
			</calendar>
		</calendars>
		<timeZoneNames>
			<hourFormat>+HH:mm;-HH:mm</hourFormat>
			<gmtFormat>GMT{0}</gmtFormat>
			<regionFormat>{0} സമയം</regionFormat>
			<regionFormat alt="proposed-x1001" draft="unconfirmed">{0}</regionFormat>
			<zone type="Etc/Unknown">
				<exemplarCity draft="provisional">അറിയപ്പെടാത്ത നഗരം</exemplarCity>
			</zone>
		</timeZoneNames>
	</dates>
	<numbers>
		<symbols>
			<decimal draft="provisional">.</decimal>
			<group draft="provisional">,</group>
			<nativeZeroDigit alt="proposed-x1001" draft="unconfirmed">൦</nativeZeroDigit>
		</symbols>
		<decimalFormats>
			<decimalFormatLength>
				<decimalFormat>
					<pattern draft="provisional">#,##,##0.###</pattern>
				</decimalFormat>
			</decimalFormatLength>
		</decimalFormats>
		<percentFormats>
			<percentFormatLength>
				<percentFormat>
					<pattern draft="provisional">#,##,##0%</pattern>
				</percentFormat>
			</percentFormatLength>
		</percentFormats>
		<currencyFormats>
			<currencyFormatLength>
				<currencyFormat>
					<pattern draft="provisional">¤ #,##,##0.00</pattern>
				</currencyFormat>
			</currencyFormatLength>
		</currencyFormats>
		<currencies>
			<currency type="AED">
				<displayName>യു.എ.ഇ. ദിര്‍ഹം</displayName>
				<displayName alt="proposed-x1001" draft="unconfirmed">യുഎഇ ദിര്‍ഹം</displayName>
			</currency>
			<currency type="AUD">
				<displayName>ആസ്ട്രേലിയന്‍ ഡോളര്‍</displayName>
			</currency>
			<currency type="BBD">
				<displayName>ബാര്‍ബഡോസ് ഡോളര്‍</displayName>
			</currency>
			<currency type="BEL">
				<displayName>ബല്‍ജിയന്‍ ഫ്രാങ്ക്</displayName>
			</currency>
			<currency type="BGN">
				<displayName>ബള്‍ഗേറിയന്‍ ന്യൂലവ്</displayName>
			</currency>
			<currency type="BRL">
				<displayName>ബ്രസീലിയന്‍ റിയാല്‍</displayName>
			</currency>
			<currency type="EUR">
				<displayName>യൂറോ</displayName>
			</currency>
			<currency type="FJD">
				<displayName>ഫിജി ഡോളര്‍</displayName>
			</currency>
			<currency type="GBP">
				<displayName>ബ്രിട്ടീഷ് പൌണ്ട് സ്റ്റെര്‍ലിംങ്</displayName>
			</currency>
			<currency type="INR">
				<displayName>ഇന്ത്യന്‍ രൂപ</displayName>
				<displayName alt="proposed-x1001" draft="unconfirmed">ഇന്‍ഡ്യന്‍ രൂപ</displayName>
			</currency>
			<currency type="ITL">
				<displayName>ഇറ്റാലിയന്‍ ലിറ</displayName>
			</currency>
			<currency type="JPY">
				<displayName>ജപ്പാനീസ് യെന്‍</displayName>
				<displayName alt="proposed-x1001" draft="unconfirmed">ജാപ്പാനീസ് യെന്‍</displayName>
			</currency>
			<currency type="RUB">
				<displayName>റഷ്യന്‍ റൂബിള്‍</displayName>
			</currency>
			<currency type="USD">
				<displayName>യു.എസ്. ഡോളര്‍</displayName>
				<displayName alt="proposed-x1001" draft="unconfirmed">യുഎസ് ഡോളര്‍</displayName>
			</currency>
			<currency type="XXX">
				<displayName draft="provisional">അറിയപ്പെടാത്തതോ നിലവിലില്ലാത്തതോ ആയ നാണയം</displayName>
				<symbol draft="provisional">XXX</symbol>
			</currency>
		</currencies>
	</numbers>
	<posix>
		<messages>
			<yesstr>അതെ</yesstr>
			<nostr>അല്ല</nostr>
		</messages>
	</posix>
	<references>
		<reference type="R196" uri="http://tdil.mit.gov.in/newsIndexApr02.htm">Govt of India Newsletter April 02</reference>
	</references>
</ldml>
<!-- 
Data comes from:
Dr. V. Saratchandran Nair
Principal
Southern Regional Language Centre
Manasagangotri
Mysore - 570 006
Email: snair <at> ciil. stpmy. soft. net
-->

