<?xml version="1.0" encoding="UTF-8" ?>
<!DOCTYPE ldml SYSTEM "http://www.unicode.org/cldr/dtd/1.5/ldml.dtd">
<ldml>
	<identity>
		<version number="$Revision: 1.40 $"/>
		<generation date="$Date: 2007/07/19 22:31:39 $"/>
		<language type="mn"/>
	</identity>
	<localeDisplayNames>
		<languages>
			<language type="af" draft="unconfirmed">африк</language>
			<language type="am" draft="unconfirmed">амхарик</language>
			<language type="ar" draft="unconfirmed">араб</language>
			<language type="as" draft="unconfirmed">ассам үндэстэн</language>
			<language type="az" draft="unconfirmed">азарбежан</language>
			<language type="be" draft="unconfirmed">беларусь</language>
			<language type="bg" draft="unconfirmed">болгар</language>
			<language type="bh" draft="unconfirmed">бихари хэл</language>
			<language type="bn" draft="unconfirmed">бенгаль</language>
			<language type="br" draft="unconfirmed">бретон</language>
			<language type="bs" draft="unconfirmed">босниа</language>
			<language type="ca" draft="unconfirmed">каталан</language>
			<language type="cs" draft="unconfirmed">чех</language>
			<language type="cy" draft="unconfirmed">уэлс</language>
			<language type="da" draft="unconfirmed">дани</language>
			<language type="de">герман</language>
			<language type="el" draft="unconfirmed">грек</language>
			<language type="en">англи</language>
			<language type="eo" draft="unconfirmed">эсперанто</language>
			<language type="es">испани</language>
			<language type="et" draft="unconfirmed">эстони</language>
			<language type="eu" draft="unconfirmed">баск</language>
			<language type="fa" draft="unconfirmed">перс</language>
			<language type="fi" draft="unconfirmed">финлянд</language>
			<language type="fil" draft="unconfirmed">тагало</language>
			<language type="fo" draft="unconfirmed">фөриэс хэл</language>
			<language type="fr">франц</language>
			<language type="fy" draft="unconfirmed">голландын фрисиан хэл</language>
			<language type="ga" draft="unconfirmed">ирланд</language>
			<language type="gd" draft="unconfirmed">шотланд келт</language>
			<language type="gl" draft="unconfirmed">галик</language>
			<language type="gn" draft="unconfirmed">гуарани</language>
			<language type="gu" draft="unconfirmed">энэтхэгийн гужарати</language>
			<language type="he" draft="unconfirmed">кипр</language>
			<language type="hi" draft="unconfirmed">хинди</language>
			<language type="hr" draft="unconfirmed">хорвати</language>
			<language type="hu" draft="unconfirmed">унгар</language>
			<language type="hy" draft="unconfirmed">армен</language>
			<language type="ia" draft="unconfirmed">интерлингво</language>
			<language type="id" draft="unconfirmed">индонези</language>
			<language type="ie" draft="unconfirmed">нэгдмэл хэл</language>
			<language type="is" draft="unconfirmed">исланд</language>
			<language type="it">итали</language>
			<language type="ja">япон</language>
			<language type="jv" draft="unconfirmed">ява</language>
			<language type="ka" draft="unconfirmed">гүрж</language>
			<language type="km" draft="unconfirmed">камбуч</language>
			<language type="kn" draft="unconfirmed">каннада</language>
			<language type="ko" draft="unconfirmed">солонгос</language>
			<language type="ku" draft="unconfirmed">курд</language>
			<language type="ky" draft="unconfirmed">киргиз</language>
			<language type="la" draft="unconfirmed">латин</language>
			<language type="ln" draft="unconfirmed">лингала</language>
			<language type="lo" draft="unconfirmed">лаотиан</language>
			<language type="lt" draft="unconfirmed">литви</language>
			<language type="lv" draft="unconfirmed">латви</language>
			<language type="mk" draft="unconfirmed">македони</language>
			<language type="ml" draft="unconfirmed">малайлам</language>
			<language type="mn" draft="unconfirmed">монгол</language>
			<language type="mn" alt="proposed-x1001" draft="unconfirmed">Монгол хэл</language>
			<language type="mr" draft="unconfirmed">энэтхэгийн марати</language>
			<language type="ms" draft="unconfirmed">малай</language>
			<language type="mt" draft="unconfirmed">малти</language>
			<language type="ne" draft="unconfirmed">балба</language>
			<language type="nl" draft="unconfirmed">голланд</language>
			<language type="nn" draft="unconfirmed">норвеги (нынорск)</language>
			<language type="no" draft="unconfirmed">норвеги</language>
			<language type="oc" draft="unconfirmed">францын окситан</language>
			<language type="or" draft="unconfirmed">ория</language>
			<language type="pa" draft="unconfirmed">пенжаби</language>
			<language type="pl" draft="unconfirmed">польш</language>
			<language type="ps" draft="unconfirmed">афган</language>
			<language type="pt">португали</language>
			<language type="pt_BR" draft="unconfirmed">португали (бразил)</language>
			<language type="pt_PT" draft="unconfirmed">португали (португали)</language>
			<language type="ro" draft="unconfirmed">румын</language>
			<language type="ru">орос</language>
			<language type="sa" draft="unconfirmed">санскирит</language>
			<language type="sd" draft="unconfirmed">синдхи</language>
			<language type="sh" draft="unconfirmed">хорватын серб</language>
			<language type="si" draft="unconfirmed">шри ланк</language>
			<language type="sk" draft="unconfirmed">словак</language>
			<language type="sl" draft="unconfirmed">словени</language>
			<language type="so" draft="unconfirmed">сомали</language>
			<language type="sq" draft="unconfirmed">албани</language>
			<language type="sr" draft="unconfirmed">серби</language>
			<language type="st" draft="unconfirmed">сесото</language>
			<language type="su" draft="unconfirmed">сунданес хэл</language>
			<language type="sv" draft="unconfirmed">швед</language>
			<language type="sw" draft="unconfirmed">африкийн свахили хэл</language>
			<language type="ta" draft="unconfirmed">тамил</language>
			<language type="te" draft="unconfirmed">тэлүгү</language>
			<language type="th" draft="unconfirmed">тай</language>
			<language type="ti" draft="unconfirmed">тикрина</language>
			<language type="tk" draft="unconfirmed">туркмен</language>
			<language type="tlh" draft="unconfirmed">клингон хэл</language>
			<language type="tr" draft="unconfirmed">турк</language>
			<language type="tw" draft="unconfirmed">тви</language>
			<language type="ug" draft="unconfirmed">уйгур</language>
			<language type="uk" draft="unconfirmed">украин</language>
			<language type="ur" draft="unconfirmed">пакистаны урду</language>
			<language type="uz" draft="unconfirmed">узбек</language>
			<language type="vi" draft="unconfirmed">вьетнам</language>
			<language type="xh" draft="unconfirmed">хоса</language>
			<language type="yi" draft="unconfirmed">иддиш</language>
			<language type="zh">хятад</language>
			<language type="zu" draft="unconfirmed">зулу</language>
		</languages>
		<territories>
			<territory type="BR">Бразили</territory>
			<territory type="DE">Герман</territory>
			<territory type="FR">Франц</territory>
			<territory type="IN">Энэтхэг</territory>
			<territory type="IT">Итали</territory>
			<territory type="JP">Япон</territory>
			<territory type="MN" draft="unconfirmed">Монгол улс</territory>
			<territory type="RU">Орос</territory>
			<territory type="TO" draft="unconfirmed">Тонга</territory>
			<territory type="US">Америкийн Нэгдсэн Улс</territory>
		</territories>
	</localeDisplayNames>
	<characters>
		<exemplarCharacters references="R197">[а-е ё ж-о ө п-у ү ф-я]</exemplarCharacters>
		<exemplarCharacters type="auxiliary" references="R197">[ә җ ӊ һ]</exemplarCharacters>
	</characters>
	<delimiters>
		<quotationStart draft="unconfirmed">‘</quotationStart>
		<quotationEnd draft="unconfirmed">’</quotationEnd>
		<alternateQuotationStart draft="unconfirmed">“</alternateQuotationStart>
		<alternateQuotationEnd draft="unconfirmed">”</alternateQuotationEnd>
	</delimiters>
	<dates>
		<calendars>
			<calendar type="gregorian">
				<months>
					<monthContext type="format">
						<monthWidth type="abbreviated">
							<month type="1" draft="unconfirmed">хул</month>
							<month type="2" draft="unconfirmed">үхэ</month>
							<month type="3" draft="unconfirmed">бар</month>
							<month type="4" draft="unconfirmed">туу</month>
							<month type="5" draft="unconfirmed">луу</month>
							<month type="6" draft="unconfirmed">мог</month>
							<month type="7" draft="unconfirmed">мор</month>
							<month type="8" draft="unconfirmed">хон</month>
							<month type="9" draft="unconfirmed">бич</month>
							<month type="10" draft="unconfirmed">тах</month>
							<month type="11" draft="unconfirmed">нох</month>
							<month type="12" draft="unconfirmed">гах</month>
						</monthWidth>
						<monthWidth type="wide">
							<month type="1" draft="unconfirmed">Хулгана</month>
							<month type="2" draft="unconfirmed">Үхэр</month>
							<month type="3" draft="unconfirmed">Бар</month>
							<month type="4" draft="unconfirmed">Туулай</month>
							<month type="5" draft="unconfirmed">Луу</month>
							<month type="6" draft="unconfirmed">Могой</month>
							<month type="7" draft="unconfirmed">Морь</month>
							<month type="8" draft="unconfirmed">Хонь</month>
							<month type="9" draft="unconfirmed">Бич</month>
							<month type="10" draft="unconfirmed">Тахиа</month>
							<month type="11" draft="unconfirmed">Нохой</month>
							<month type="12" draft="unconfirmed">Гахай</month>
						</monthWidth>
					</monthContext>
					<monthContext type="stand-alone">
						<monthWidth type="narrow">
							<month type="1" draft="unconfirmed">1</month>
							<month type="2" draft="unconfirmed">2</month>
							<month type="3" draft="unconfirmed">3</month>
							<month type="4" draft="unconfirmed">4</month>
							<month type="5" draft="unconfirmed">5</month>
							<month type="6" draft="unconfirmed">6</month>
							<month type="7" draft="unconfirmed">7</month>
							<month type="8" draft="unconfirmed">8</month>
							<month type="9" draft="unconfirmed">9</month>
							<month type="10" draft="unconfirmed">10</month>
							<month type="11" draft="unconfirmed">11</month>
							<month type="12" draft="unconfirmed">12</month>
						</monthWidth>
					</monthContext>
				</months>
				<days>
					<dayContext type="format">
						<dayWidth type="abbreviated">
							<day type="sun" draft="unconfirmed">Ня</day>
							<day type="mon" draft="unconfirmed">Да</day>
							<day type="tue" draft="unconfirmed">Мя</day>
							<day type="wed" draft="unconfirmed">Лх</day>
							<day type="thu" draft="unconfirmed">Пү</day>
							<day type="fri" draft="unconfirmed">Ба</day>
							<day type="sat" draft="unconfirmed">Бя</day>
						</dayWidth>
						<dayWidth type="wide">
							<day type="sun" draft="unconfirmed">ням</day>
							<day type="mon" draft="unconfirmed">даваа</day>
							<day type="tue" draft="unconfirmed">мягмар</day>
							<day type="wed" draft="unconfirmed">лхагва</day>
							<day type="thu" draft="unconfirmed">пүрэв</day>
							<day type="fri" draft="unconfirmed">баасан</day>
							<day type="sat" draft="unconfirmed">бямба</day>
						</dayWidth>
					</dayContext>
					<dayContext type="stand-alone">
						<dayWidth type="narrow">
							<day type="sun" draft="unconfirmed">1</day>
							<day type="mon" draft="unconfirmed">2</day>
							<day type="tue" draft="unconfirmed">3</day>
							<day type="wed" draft="unconfirmed">4</day>
							<day type="thu" draft="unconfirmed">5</day>
							<day type="fri" draft="unconfirmed">6</day>
							<day type="sat" draft="unconfirmed">7</day>
						</dayWidth>
					</dayContext>
				</days>
				<quarters>
					<quarterContext type="format">
						<quarterWidth type="abbreviated">
							<quarter type="1" draft="unconfirmed">1/4</quarter>
							<quarter type="2" draft="unconfirmed">2/4</quarter>
							<quarter type="3">3/4</quarter>
							<quarter type="4" draft="unconfirmed">4/4</quarter>
						</quarterWidth>
						<quarterWidth type="wide">
							<quarter type="1" draft="unconfirmed">дөрөвний нэг</quarter>
							<quarter type="2" draft="unconfirmed">дөрөвний хоёр</quarter>
							<quarter type="3" draft="unconfirmed">дөрөвний гурав</quarter>
							<quarter type="4" draft="unconfirmed">дөрөвний дөрөв</quarter>
						</quarterWidth>
					</quarterContext>
				</quarters>
				<am draft="unconfirmed">AM</am>
				<pm draft="unconfirmed">PM</pm>
				<eras>
					<eraNames>
						<era type="0" draft="unconfirmed">манай эриний өмнөх</era>
						<era type="1" draft="unconfirmed">манай эриний</era>
					</eraNames>
					<eraAbbr>
						<era type="0" draft="unconfirmed">м.э.ө</era>
						<era type="1" draft="unconfirmed">м.э.</era>
					</eraAbbr>
				</eras>
				<dateFormats>
					<dateFormatLength type="full">
						<dateFormat>
							<pattern draft="unconfirmed">EEEE, yyyy MMMM dd</pattern>
						</dateFormat>
					</dateFormatLength>
					<dateFormatLength type="long">
						<dateFormat>
							<pattern draft="unconfirmed">yyyy MMMM d</pattern>
						</dateFormat>
					</dateFormatLength>
					<dateFormatLength type="medium">
						<dateFormat>
							<pattern draft="unconfirmed">yyyy MMM d</pattern>
						</dateFormat>
					</dateFormatLength>
					<dateFormatLength type="short">
						<dateFormat>
							<pattern draft="unconfirmed">yy/MM/dd</pattern>
						</dateFormat>
					</dateFormatLength>
				</dateFormats>
				<timeFormats>
					<timeFormatLength type="full">
						<timeFormat>
							<pattern draft="unconfirmed">HH:mm:ss v</pattern>
						</timeFormat>
					</timeFormatLength>
					<timeFormatLength type="long">
						<timeFormat>
							<pattern draft="unconfirmed">HH:mm:ss z</pattern>
						</timeFormat>
					</timeFormatLength>
					<timeFormatLength type="medium">
						<timeFormat>
							<pattern draft="unconfirmed">HH:mm:ss</pattern>
						</timeFormat>
					</timeFormatLength>
					<timeFormatLength type="short">
						<timeFormat>
							<pattern draft="unconfirmed">HH:mm</pattern>
						</timeFormat>
					</timeFormatLength>
				</timeFormats>
				<dateTimeFormats>
					<dateTimeFormatLength>
						<dateTimeFormat>
							<pattern draft="unconfirmed">{1} {0}</pattern>
						</dateTimeFormat>
					</dateTimeFormatLength>
					<availableFormats>
						<dateFormatItem id="yyQ" draft="unconfirmed">Q yy</dateFormatItem>
					</availableFormats>
				</dateTimeFormats>
			</calendar>
		</calendars>
		<timeZoneNames>
			<hourFormat draft="unconfirmed">+HH:mm;-HH:mm</hourFormat>
			<gmtFormat draft="unconfirmed">GMT{0}</gmtFormat>
			<regionFormat draft="unconfirmed">{0}</regionFormat>
		</timeZoneNames>
	</dates>
	<numbers>
		<symbols>
			<decimal draft="unconfirmed">,</decimal>
			<group draft="unconfirmed"> </group>
		</symbols>
		<currencies>
			<currency type="MNT">
				<symbol draft="unconfirmed">₮</symbol>
			</currency>
		</currencies>
	</numbers>
	<references>
		<reference type="R197" uri="http://en.wikipedia.org/wiki/Cyrillic_alphabet">Wikipedia - Cyrillic alphabet, usage in various languages</reference>
		<reference type="R198" uri="http://www.omniglot.com/writing/mongolian.htm">Omniglot on Mongolian</reference>
	</references>
</ldml>

