<?xml version="1.0" encoding="UTF-8" ?>
<!DOCTYPE ldml SYSTEM "http://www.unicode.org/cldr/dtd/1.5/ldml.dtd">
<ldml>
	<identity>
		<version number="$Revision: 1.63 $"/>
		<generation date="$Date: 2007/07/19 22:31:39 $"/>
		<language type="mr"/>
	</identity>
	<localeDisplayNames>
		<languages>
			<language type="aa">अफार</language>
			<language type="ab">अबखेजियन</language>
			<language type="af">अफ्रिकान्स</language>
			<language type="af" alt="proposed-x1001" draft="unconfirmed">आफ्रिकान्स</language>
			<language type="am">अमहारिक</language>
			<language type="am" alt="proposed-x1001" draft="unconfirmed">आम्हारिक</language>
			<language type="ar">अरेबिक</language>
			<language type="ar" alt="proposed-x1001" draft="unconfirmed">अरबी</language>
			<language type="as">असामी</language>
			<language type="as" alt="proposed-x1001" draft="unconfirmed">आसामी</language>
			<language type="ay">ऐमरा</language>
			<language type="az">अज़रबाइजानी</language>
			<language type="az" alt="proposed-x1001" draft="unconfirmed">आझरबैजानी</language>
			<language type="ba">बष्किर</language>
			<language type="be">बैलोरुसियन</language>
			<language type="be" alt="proposed-x1001" draft="unconfirmed">बेलारूसी</language>
			<language type="bg">बल्गेरियन</language>
			<language type="bh">बीहारी</language>
			<language type="bh" alt="proposed-x1001" draft="unconfirmed">बिहारी</language>
			<language type="bi">बिसलमा</language>
			<language type="bn">बंगाली</language>
			<language type="bo">तिबेटियन</language>
			<language type="br">ब्रेटन</language>
			<language type="br" alt="proposed-x1001" draft="unconfirmed">ब्रेटोन -जुनी ब्रिटिश</language>
			<language type="bs" draft="unconfirmed">बोस्नियन</language>
			<language type="ca">कटलन</language>
			<language type="ca" alt="proposed-x1001" draft="unconfirmed">कॅटलान</language>
			<language type="co">कोर्सिकन</language>
			<language type="cs">ज़ेक</language>
			<language type="cs" alt="proposed-x1001" draft="unconfirmed">झेक</language>
			<language type="cy">वेल्ष</language>
			<language type="cy" alt="proposed-x1001" draft="unconfirmed">वेल्श</language>
			<language type="da">डानिष</language>
			<language type="da" alt="proposed-x1001" draft="unconfirmed">डॅनिश</language>
			<language type="de">जर्मन</language>
			<language type="dz">भूटानी</language>
			<language type="el">ग्रीक</language>
			<language type="en">इंग्रेजी</language>
			<language type="en" alt="proposed-x1001" draft="unconfirmed">ईंग्रजी</language>
			<language type="eo">इस्परान्टो</language>
			<language type="eo" alt="proposed-x1001" draft="unconfirmed">एस्परँटो</language>
			<language type="es">स्पानिष</language>
			<language type="es" alt="proposed-x1001" draft="unconfirmed">स्पॅनिश</language>
			<language type="et">इस्टोनियन्</language>
			<language type="et" alt="proposed-x1001" draft="unconfirmed">एस्तोनियन</language>
			<language type="eu">बास्क</language>
			<language type="eu" alt="proposed-x1001" draft="unconfirmed">बॅस्क</language>
			<language type="fa">पर्षियन्</language>
			<language type="fa" alt="proposed-x1001" draft="unconfirmed">फ़ार्सी</language>
			<language type="fi">फिन्निष</language>
			<language type="fi" alt="proposed-x1001" draft="unconfirmed">फिनिश</language>
			<language type="fil" draft="unconfirmed">फिलिपिनो</language>
			<language type="fj">फिजी</language>
			<language type="fo">फेरोस्</language>
			<language type="fo" alt="proposed-x1001" draft="unconfirmed">फारोईझ</language>
			<language type="fr">फ्रेन्च</language>
			<language type="fr" alt="proposed-x1001" draft="unconfirmed">फ्रेंच</language>
			<language type="fy">फ्रिसियन्</language>
			<language type="ga">ऐरिष</language>
			<language type="ga" alt="proposed-x1001" draft="unconfirmed">आयरिश</language>
			<language type="gd">स्काटस् गेलिक</language>
			<language type="gd" alt="proposed-x1001" draft="unconfirmed">स्कॉटिश गॅलिक</language>
			<language type="gl">गेलीशियन</language>
			<language type="gl" alt="proposed-x1001" draft="unconfirmed">गॅलिशियन</language>
			<language type="gn">गौरानी</language>
			<language type="gn" alt="proposed-x1001" draft="unconfirmed">गुआरानी</language>
			<language type="gu">गुजराती</language>
			<language type="gu" alt="proposed-x1001" draft="unconfirmed">गुजराथी</language>
			<language type="ha">हौसा</language>
			<language type="he">हेबृ</language>
			<language type="he" alt="proposed-x1001" draft="unconfirmed">हिब्रू</language>
			<language type="hi">हिन्दी</language>
			<language type="hr">क्रोयेषियन्</language>
			<language type="hu">हंगेरियन्</language>
			<language type="hu" alt="proposed-x1001" draft="unconfirmed">हंगेरियन</language>
			<language type="hy">आर्मीनियन्</language>
			<language type="hy" alt="proposed-x1001" draft="unconfirmed">अर्मेनियन</language>
			<language type="ia">इन्टरलिंग्वा</language>
			<language type="ia" alt="proposed-x1001" draft="unconfirmed">इंटरलिंग्वा</language>
			<language type="id">इन्डोनेषियन</language>
			<language type="ie">इन्टरलिंग</language>
			<language type="ie" alt="proposed-x1001" draft="unconfirmed">बहुभाषी</language>
			<language type="ik">इनूपियाक</language>
			<language type="is">आईसलान्डिक</language>
			<language type="is" alt="proposed-x1001" draft="unconfirmed">आइसलँडिक</language>
			<language type="it">इटालियन</language>
			<language type="iu">इनुकिटुट्</language>
			<language type="ja">जापनीस्</language>
			<language type="ja" alt="proposed-x1001" draft="unconfirmed">जापानी</language>
			<language type="jv">जावनीस्</language>
			<language type="jv" alt="proposed-x1001" draft="unconfirmed">जावानीज़</language>
			<language type="ka">जार्जियन्</language>
			<language type="ka" alt="proposed-x1001" draft="unconfirmed">जॉर्जियन</language>
			<language type="kk">कज़क</language>
			<language type="kl">ग्रीनलान्डिक</language>
			<language type="km">कंबोडियन</language>
			<language type="kn">कन्नड</language>
			<language type="kn" alt="proposed-x1001" draft="unconfirmed">कानडी</language>
			<language type="ko">कोरियन्</language>
			<language type="kok">कोंकणी</language>
			<language type="ks">कश्मीरी</language>
			<language type="ku">कुर्दिष</language>
			<language type="ku" alt="proposed-x1001" draft="unconfirmed">कुर्दी</language>
			<language type="ky">किर्गिज़</language>
			<language type="ky" alt="proposed-x1001" draft="unconfirmed">किरगिझ</language>
			<language type="la">लाटिन</language>
			<language type="la" alt="proposed-x1001" draft="unconfirmed">लॅटिन</language>
			<language type="ln">लिंगाला</language>
			<language type="lo">लाओतियन्</language>
			<language type="lo" alt="proposed-x1001" draft="unconfirmed">लाओथियन</language>
			<language type="lt">लिथुआनियन्</language>
			<language type="lt" alt="proposed-x1001" draft="unconfirmed">लिथुआनियन</language>
			<language type="lv">लाट्वियन् (लेट्टिष)</language>
			<language type="lv" alt="proposed-x1001" draft="unconfirmed">लात्वियन</language>
			<language type="mg">मलागसी</language>
			<language type="mi">माओरी</language>
			<language type="mk">मसीडोनियन्</language>
			<language type="mk" alt="proposed-x1001" draft="unconfirmed">मॅसेडोनियन</language>
			<language type="ml">मलियालम</language>
			<language type="ml" alt="proposed-x1001" draft="unconfirmed">मल्याळम</language>
			<language type="mn">मंगोलियन्</language>
			<language type="mn" alt="proposed-x1001" draft="unconfirmed">मंगोलियन</language>
			<language type="mo">मोल्डावियन्</language>
			<language type="mr">मराठी</language>
			<language type="ms">मलय</language>
			<language type="ms" alt="proposed-x1001" draft="unconfirmed">मलाय भाषा</language>
			<language type="mt">मालतीस्</language>
			<language type="my">बर्मीस्</language>
			<language type="na">नौरो</language>
			<language type="ne">नेपाली</language>
			<language type="nl">डच</language>
			<language type="no">नोर्वेजियन</language>
			<language type="no" alt="proposed-x1001" draft="unconfirmed">नॉर्वेजियन</language>
			<language type="oc">ओसिटान्</language>
			<language type="oc" alt="proposed-x1001" draft="unconfirmed">ऑक्सिटॅन</language>
			<language type="om">ओरोमो (अफान)</language>
			<language type="or">ओरिया</language>
			<language type="or" alt="proposed-x1001" draft="unconfirmed">ओरिसी</language>
			<language type="pa">पंजाबी</language>
			<language type="pl">पोलिष</language>
			<language type="pl" alt="proposed-x1001" draft="unconfirmed">पोलिश</language>
			<language type="ps">पष्टो (पुष्टो)</language>
			<language type="ps" alt="proposed-x1001" draft="unconfirmed">पश्तू</language>
			<language type="pt">पोर्चुगीस्</language>
			<language type="pt" alt="proposed-x1001" draft="unconfirmed">पोर्तुगीज</language>
			<language type="pt_PT" draft="unconfirmed">पोर्तुगीज (पोर्तुगाल)</language>
			<language type="qu">क्वेचओ</language>
			<language type="rm">रहटो-रोमान्स्</language>
			<language type="rn">किरुन्दी</language>
			<language type="ro">रोमानियन्</language>
			<language type="ro" alt="proposed-x1001" draft="unconfirmed">रोमानियन</language>
			<language type="root">शिखर</language>
			<language type="ru">रष्यन्</language>
			<language type="ru" alt="proposed-x1001" draft="unconfirmed">रशियन</language>
			<language type="rw">किन्यार्वान्डा</language>
			<language type="sa">संस्कृत</language>
			<language type="sd">सिंधी</language>
			<language type="sg">सांग्रो</language>
			<language type="sh">सेर्बो-क्रोयेषियन्</language>
			<language type="sh" alt="proposed-x1001" draft="unconfirmed">सर्बो-क्रोएशियन</language>
			<language type="si">सिन्हलीस्</language>
			<language type="si" alt="proposed-x1001" draft="unconfirmed">सिंहली</language>
			<language type="sk">स्लोवाक</language>
			<language type="sl">स्लोवेनियन्</language>
			<language type="sl" alt="proposed-x1001" draft="unconfirmed">स्लोव्हेनियन</language>
			<language type="sm">समोन</language>
			<language type="sn">शोना</language>
			<language type="so">सोमाली</language>
			<language type="sq">आल्बेनियन्</language>
			<language type="sq" alt="proposed-x1001" draft="unconfirmed">अल्बेनियन</language>
			<language type="sr">सेर्बियन्</language>
			<language type="ss">सिस्वती</language>
			<language type="st">सेसोथो</language>
			<language type="su">सुंदनीस्</language>
			<language type="su" alt="proposed-x1001" draft="unconfirmed">सुदानी</language>
			<language type="sv">स्वीडिष</language>
			<language type="sv" alt="proposed-x1001" draft="unconfirmed">स्विडिश</language>
			<language type="sw">स्वाहिली</language>
			<language type="ta">तमिळ</language>
			<language type="te">तेलंगू</language>
			<language type="te" alt="proposed-x1001" draft="unconfirmed">तेलुगू</language>
			<language type="tg">तजिक</language>
			<language type="th">थाई</language>
			<language type="ti">तिग्रिन्या</language>
			<language type="ti" alt="proposed-x1001" draft="unconfirmed">टिग्रिन्या</language>
			<language type="tk">तुर्कमेन</language>
			<language type="tk" alt="proposed-x1001" draft="unconfirmed">तुर्कमेनी</language>
			<language type="tl">तगालोग</language>
			<language type="tlh" draft="unconfirmed">क्लिंगॉन</language>
			<language type="tn">सेत्स्वाना</language>
			<language type="to">तोंगा</language>
			<language type="tr">तुर्किष</language>
			<language type="tr" alt="proposed-x1001" draft="unconfirmed">तुर्की</language>
			<language type="ts">त्सोगा</language>
			<language type="tt">टटार</language>
			<language type="tw">त्वि</language>
			<language type="ug">उधूर</language>
			<language type="ug" alt="proposed-x1001" draft="unconfirmed">उय्गुर</language>
			<language type="uk">युक्रेनियन्</language>
			<language type="uk" alt="proposed-x1001" draft="unconfirmed">युक्रेनियन</language>
			<language type="ur">उर्दू</language>
			<language type="uz">उज़बेक</language>
			<language type="vi">वियत्नामीज़</language>
			<language type="vo">ओलापुक</language>
			<language type="wo">उलोफ</language>
			<language type="xh">क्स्होसा</language>
			<language type="yi">इद्दिष</language>
			<language type="yi" alt="proposed-x1001" draft="unconfirmed">यिद्दी</language>
			<language type="yo">यूरुबा</language>
			<language type="za">झ्हुन्ग</language>
			<language type="zh">चिनीस्</language>
			<language type="zu">जुलू</language>
			<language type="zu" alt="proposed-x1001" draft="unconfirmed">झुलु</language>
		</languages>
		<territories>
			<territory type="BR">ब्राजील</territory>
			<territory type="DE">जमिन</territory>
			<territory type="IN">भारत</territory>
			<territory type="TO" draft="unconfirmed">टांगा</territory>
		</territories>
	</localeDisplayNames>
	<characters>
		<exemplarCharacters>[़ ँ-ः ०-९ ॐ अ-ऍ ए-ऑ ओ-न प-र ल ळ व-ह ऽ-ॅ े-ॉ ो-्]</exemplarCharacters>
		<exemplarCharacters type="auxiliary">[\u200C \u200D]</exemplarCharacters>
	</characters>
	<delimiters>
		<quotationStart>'</quotationStart>
		<quotationEnd>'</quotationEnd>
		<alternateQuotationStart>&quot;</alternateQuotationStart>
		<alternateQuotationEnd>&quot;</alternateQuotationEnd>
	</delimiters>
	<dates>
		<calendars>
			<calendar type="gregorian">
				<months>
					<monthContext type="format">
						<monthWidth type="abbreviated">
							<month type="1">जानेवारी</month>
							<month type="2">फेबृवारी</month>
							<month type="3">मार्च</month>
							<month type="4">एप्रिल</month>
							<month type="5">मे</month>
							<month type="6">जून</month>
							<month type="7">जुलै</month>
							<month type="8">ओगस्ट</month>
							<month type="9">सेप्टेंबर</month>
							<month type="10">ओक्टोबर</month>
							<month type="11">नोव्हेंबर</month>
							<month type="12">डिसेंबर</month>
						</monthWidth>
						<monthWidth type="wide">
							<month type="1">जानेवारी</month>
							<month type="2">फेबृवारी</month>
							<month type="3">मार्च</month>
							<month type="4">एप्रिल</month>
							<month type="5">मे</month>
							<month type="6">जून</month>
							<month type="7">जुलै</month>
							<month type="8">ओगस्ट</month>
							<month type="9">सेप्टेंबर</month>
							<month type="10">ओक्टोबर</month>
							<month type="11">नोव्हेंबर</month>
							<month type="12">डिसेंबर</month>
						</monthWidth>
					</monthContext>
					<monthContext type="stand-alone">
						<monthWidth type="narrow">
							<month type="1" draft="unconfirmed">1</month>
							<month type="2" draft="unconfirmed">2</month>
							<month type="3" draft="unconfirmed">3</month>
							<month type="4" draft="unconfirmed">4</month>
							<month type="5" draft="unconfirmed">5</month>
							<month type="6" draft="unconfirmed">6</month>
							<month type="7" draft="unconfirmed">7</month>
							<month type="8" draft="unconfirmed">8</month>
							<month type="9" draft="unconfirmed">9</month>
							<month type="10" draft="unconfirmed">10</month>
							<month type="11" draft="unconfirmed">11</month>
							<month type="12" draft="unconfirmed">12</month>
						</monthWidth>
					</monthContext>
				</months>
				<days>
					<dayContext type="format">
						<dayWidth type="abbreviated">
							<day type="sun">रवि</day>
							<day type="mon">सोम</day>
							<day type="tue">मंगळ</day>
							<day type="wed">बुध</day>
							<day type="thu">गुरु</day>
							<day type="fri">शुक्र</day>
							<day type="sat">शनि</day>
						</dayWidth>
						<dayWidth type="wide">
							<day type="sun">रविवार</day>
							<day type="mon">सोमवार</day>
							<day type="tue">मंगळवार</day>
							<day type="wed">बुधवार</day>
							<day type="thu">गुरुवार</day>
							<day type="fri">शुक्रवार</day>
							<day type="sat">शनिवार</day>
						</dayWidth>
					</dayContext>
					<dayContext type="stand-alone">
						<dayWidth type="narrow">
							<day type="sun" draft="unconfirmed">1</day>
							<day type="mon" draft="unconfirmed">2</day>
							<day type="tue" draft="unconfirmed">3</day>
							<day type="wed" draft="unconfirmed">4</day>
							<day type="thu" draft="unconfirmed">5</day>
							<day type="fri" draft="unconfirmed">6</day>
							<day type="sat" draft="unconfirmed">7</day>
						</dayWidth>
					</dayContext>
				</days>
				<quarters>
					<quarterContext type="format">
						<quarterWidth type="abbreviated">
							<quarter type="1" draft="unconfirmed">Q1</quarter>
							<quarter type="2" draft="unconfirmed">Q2</quarter>
							<quarter type="3" draft="unconfirmed">Q3</quarter>
							<quarter type="4" draft="unconfirmed">Q4</quarter>
						</quarterWidth>
						<quarterWidth type="wide">
							<quarter type="1" draft="unconfirmed">Q1</quarter>
							<quarter type="2" draft="unconfirmed">Q2</quarter>
							<quarter type="3" draft="unconfirmed">Q3</quarter>
							<quarter type="4" draft="unconfirmed">Q4</quarter>
						</quarterWidth>
					</quarterContext>
				</quarters>
				<am>म.पू.</am>
				<pm>म.नं.</pm>
				<eras>
					<!-- These era names look like abbreviations and not full names.
						 eraNames>
						 <era type="0" draft="true">ईसापूर्व.</era>
						 <era type="1" draft="true">सन.</era>
						 </eraNames
					-->
					<eraAbbr>
						<era type="0">ईसापूर्व</era>
						<era type="1">सन</era>
					</eraAbbr>
				</eras>
				<dateFormats>
					<dateFormatLength type="full">
						<dateFormat>
							<pattern draft="unconfirmed">EEEE d MMMM yyyy</pattern>
							<pattern alt="proposed-x1001" draft="unconfirmed">EEEE, yyyy MMMM dd</pattern>
						</dateFormat>
					</dateFormatLength>
					<dateFormatLength type="long">
						<dateFormat>
							<pattern draft="unconfirmed">d MMMM yyyy</pattern>
							<pattern alt="proposed-x1001" draft="unconfirmed">yyyy MMMM d</pattern>
						</dateFormat>
					</dateFormatLength>
					<dateFormatLength type="medium">
						<dateFormat>
							<pattern draft="unconfirmed">dd-MM-yyyy</pattern>
							<pattern alt="proposed-x1001" draft="unconfirmed">yyyy MMM d</pattern>
						</dateFormat>
					</dateFormatLength>
					<dateFormatLength type="short">
						<dateFormat>
							<pattern draft="unconfirmed">d-M-yy</pattern>
							<pattern alt="proposed-x1001" draft="unconfirmed">yy/MM/dd</pattern>
						</dateFormat>
					</dateFormatLength>
				</dateFormats>
				<timeFormats>
					<timeFormatLength type="full">
						<timeFormat>
							<pattern draft="unconfirmed">h:mm:ss a v</pattern>
							<pattern alt="proposed-x1001" draft="unconfirmed">HH:mm:ss v</pattern>
						</timeFormat>
					</timeFormatLength>
					<timeFormatLength type="long">
						<timeFormat>
							<pattern draft="unconfirmed">h:mm:ss a z</pattern>
							<pattern alt="proposed-x1001" draft="unconfirmed">HH:mm:ss z</pattern>
						</timeFormat>
					</timeFormatLength>
					<timeFormatLength type="medium">
						<timeFormat>
							<pattern draft="unconfirmed">h:mm:ss a</pattern>
							<pattern alt="proposed-x1001" draft="unconfirmed">HH:mm:ss</pattern>
						</timeFormat>
					</timeFormatLength>
					<timeFormatLength type="short">
						<timeFormat>
							<pattern draft="unconfirmed">h:mm a</pattern>
							<pattern alt="proposed-x1001" draft="unconfirmed">HH:mm</pattern>
						</timeFormat>
					</timeFormatLength>
				</timeFormats>
				<dateTimeFormats>
					<dateTimeFormatLength>
						<dateTimeFormat>
							<pattern draft="unconfirmed">{1} {0}</pattern>
						</dateTimeFormat>
					</dateTimeFormatLength>
					<availableFormats>
						<dateFormatItem id="MMMMd" draft="unconfirmed">d MMMM</dateFormatItem>
						<dateFormatItem id="MMdd" draft="unconfirmed">dd-MM</dateFormatItem>
						<dateFormatItem id="yyQ" draft="unconfirmed">Q yy</dateFormatItem>
						<dateFormatItem id="yyyyMM" draft="unconfirmed">MM-yyyy</dateFormatItem>
						<dateFormatItem id="yyyyMMMM" draft="unconfirmed">MMMM yyyy</dateFormatItem>
					</availableFormats>
				</dateTimeFormats>
			</calendar>
		</calendars>
		<timeZoneNames>
			<hourFormat draft="unconfirmed">+HH:mm;-HH:mm</hourFormat>
			<gmtFormat draft="unconfirmed">GMT{0}</gmtFormat>
			<regionFormat draft="unconfirmed">{0}</regionFormat>
			<metazone type="India">
				<long>
					<standard>भारतीय समय</standard>
				</long>
				<short>
					<standard>IST</standard>
				</short>
				<commonlyUsed>true</commonlyUsed>
			</metazone>
		</timeZoneNames>
	</dates>
	<numbers>
		<decimalFormats>
			<decimalFormatLength>
				<decimalFormat>
					<pattern>#,##,##0.###</pattern>
				</decimalFormat>
			</decimalFormatLength>
		</decimalFormats>
		<percentFormats>
			<percentFormatLength>
				<percentFormat>
					<pattern>#,##,##0%</pattern>
				</percentFormat>
			</percentFormatLength>
		</percentFormats>
		<currencyFormats>
			<currencyFormatLength>
				<currencyFormat>
					<pattern>¤ #,##,##0.00</pattern>
				</currencyFormat>
			</currencyFormatLength>
		</currencyFormats>
		<currencies>
			<currency type="INR">
				<symbol>रु</symbol>
			</currency>
		</currencies>
	</numbers>
	<posix>
		<messages>
			<yesstr draft="unconfirmed">हां</yesstr>
			<nostr draft="unconfirmed">ना</nostr>
		</messages>
	</posix>
	<references>
		<reference type="R199" uri="http://tdil.mit.gov.in/newsIndexJan02.htm">Govt of India TDIL Magazine, Jan 2002</reference>
	</references>
</ldml>
<!-- Old Comments. See root.xml for more info.
jw { "\u091c\u093e\u0935\u0928\u0940\u0938\u094d" } // Use jv instead
"\u2030",
"\u221e",
"\ufffd"
}
-->

