<?xml version="1.0" encoding="UTF-8" ?>
<!DOCTYPE ldml SYSTEM "http://www.unicode.org/cldr/dtd/1.5/ldml.dtd">
<ldml>
	<identity>
		<version number="$Revision: 1.19 $"/>
		<generation date="$Date: 2007/07/19 02:12:22 $"/>
		<language type="ne"/>
	</identity>
	<localeDisplayNames>
		<languages>
			<language type="af" draft="unconfirmed">अफ्रिकाली</language>
			<language type="am" draft="unconfirmed">अम्हारिक</language>
			<language type="ar" draft="unconfirmed">अरबी</language>
			<language type="as" draft="unconfirmed">आसामी</language>
			<language type="az" draft="unconfirmed">अजरबैजानी</language>
			<language type="be" draft="unconfirmed">बेलारुसियाली</language>
			<language type="bg" draft="unconfirmed">बुल्गेरियाली</language>
			<language type="bh" draft="unconfirmed">बिहारी</language>
			<language type="bn" draft="unconfirmed">बंगाली</language>
			<language type="bs" draft="unconfirmed">बोस्नियाली</language>
			<language type="ca" draft="unconfirmed">क्याटालन</language>
			<language type="cs" draft="unconfirmed">चेकोस्लोभाकियाली</language>
			<language type="cy" draft="unconfirmed">वेल्श</language>
			<language type="da" draft="unconfirmed">ड्यानिश</language>
			<language type="de" draft="unconfirmed">जर्मन</language>
			<language type="el" draft="unconfirmed">ग्रीक</language>
			<language type="en" draft="unconfirmed">अँग्रेजी</language>
			<language type="eo" draft="unconfirmed">एस्पेरान्तो</language>
			<language type="es" draft="unconfirmed">स्प्यानिश</language>
			<language type="et" draft="unconfirmed">एस्तोनियाली</language>
			<language type="eu" draft="unconfirmed">बास्क</language>
			<language type="fa" draft="unconfirmed">फारसी</language>
			<language type="fi" draft="unconfirmed">फिनिश</language>
			<language type="fil" draft="unconfirmed">ट्यागालोग</language>
			<language type="fo" draft="unconfirmed">फारोइज</language>
			<language type="fr" draft="unconfirmed">फ्रांसेली</language>
			<language type="fy" draft="unconfirmed">फ्रिजीयन</language>
			<language type="ga" draft="unconfirmed">आइरिश</language>
			<language type="gd" draft="unconfirmed">स्कट्स गाएलिक</language>
			<language type="gl" draft="unconfirmed">गलिसियाली</language>
			<language type="gu" draft="unconfirmed">गुजराती</language>
			<language type="he" draft="unconfirmed">हिब्रु</language>
			<language type="hi" draft="unconfirmed">हिन्दी</language>
			<language type="hr" draft="unconfirmed">क्रोएसियाली</language>
			<language type="hu" draft="unconfirmed">हंग्रीयाली</language>
			<language type="ia" draft="unconfirmed">इन्टर्लिङ्गुआ</language>
			<language type="id" draft="unconfirmed">इन्डोनेसियाली</language>
			<language type="ie" draft="unconfirmed">अन्तरभाषी</language>
			<language type="is" draft="unconfirmed">आइसल्यान्डिक</language>
			<language type="it" draft="unconfirmed">इटालियन</language>
			<language type="ja" draft="unconfirmed">जापानी</language>
			<language type="jv" draft="unconfirmed">जाभानिज</language>
			<language type="ka" draft="unconfirmed">जोरजियन</language>
			<language type="km" draft="unconfirmed">कम्बोडीयाली</language>
			<language type="kn" draft="unconfirmed">कन्नड</language>
			<language type="ko" draft="unconfirmed">कोरियाली</language>
			<language type="ku" draft="unconfirmed">कुर्दिश</language>
			<language type="la" draft="unconfirmed">ल्याटिन</language>
			<language type="ln" draft="unconfirmed">लिंगाला</language>
			<language type="lo" draft="unconfirmed">लाओथियन्</language>
			<language type="lt" draft="unconfirmed">लिथुआनियाली</language>
			<language type="lv" draft="unconfirmed">लात्भियाली</language>
			<language type="mk" draft="unconfirmed">म्यासेडोनियन</language>
			<language type="ml" draft="unconfirmed">मलयालम</language>
			<language type="mn" draft="unconfirmed">मंगोल</language>
			<language type="mr" draft="unconfirmed">मराठी</language>
			<language type="ms" draft="unconfirmed">मलाया</language>
			<language type="mt" draft="unconfirmed">माल्टिज</language>
			<language type="ne" draft="unconfirmed">नेपाली</language>
			<language type="nl" draft="unconfirmed">डच</language>
			<language type="no" draft="unconfirmed">नर्वेजियाली</language>
			<language type="oc" draft="unconfirmed">अक्सिटन</language>
			<language type="or" draft="unconfirmed">ओरिया</language>
			<language type="pa" draft="unconfirmed">पंजाबी</language>
			<language type="pl" draft="unconfirmed">पोलिश</language>
			<language type="ps" draft="unconfirmed">पाश्तो</language>
			<language type="pt" draft="unconfirmed">पोर्तुगाली</language>
			<language type="pt_BR" draft="unconfirmed">पोर्चुगी (ब्राजिल)</language>
			<language type="pt_PT" draft="unconfirmed">पुर्तोगाली</language>
			<language type="ro" draft="unconfirmed">रोमानियाली</language>
			<language type="ru" draft="unconfirmed">रसियाली</language>
			<language type="sa" draft="unconfirmed">संस्कृत</language>
			<language type="si" draft="unconfirmed">सिन्हाली</language>
			<language type="sk" draft="unconfirmed">स्लोभाकियाली</language>
			<language type="sl" draft="unconfirmed">स्लोभेनियाली</language>
			<language type="so" draft="unconfirmed">सोमाली</language>
			<language type="sq" draft="unconfirmed">अल्बेनियन</language>
			<language type="sr" draft="unconfirmed">सर्बियाली</language>
			<language type="su" draft="unconfirmed">सुडानी</language>
			<language type="sv" draft="unconfirmed">स्विडिश</language>
			<language type="sw" draft="unconfirmed">स्वाहिली</language>
			<language type="ta" draft="unconfirmed">तामिल</language>
			<language type="te" draft="unconfirmed">तेलुगु</language>
			<language type="th" draft="unconfirmed">थाई</language>
			<language type="ti" draft="unconfirmed">तिग्रीन्या</language>
			<language type="tlh" draft="unconfirmed">क्लिङ्गन</language>
			<language type="tr" draft="unconfirmed">तुर्की</language>
			<language type="uk" draft="unconfirmed">युक्रेनी</language>
			<language type="ur" draft="unconfirmed">उर्दु</language>
			<language type="uz" draft="unconfirmed">उज़्बेक</language>
			<language type="vi" draft="unconfirmed">भियतनामी</language>
			<language type="xh" draft="unconfirmed">झोसा</language>
			<language type="yi" draft="unconfirmed">यिद्दिस</language>
			<language type="zu" draft="unconfirmed">जुलू</language>
		</languages>
		<territories>
			<territory type="TO" draft="unconfirmed">टोन्गा</territory>
		</territories>
	</localeDisplayNames>
	<characters>
		<exemplarCharacters>[ँ-ः ०-९ अ-ऋ ए ऐ ओ-न प-र ल व-ह ा-ृ े ै ो ौ]</exemplarCharacters>
		<exemplarCharacters type="auxiliary">[\u200C \u200D]</exemplarCharacters>
	</characters>
	<delimiters>
		<quotationStart draft="unconfirmed">'</quotationStart>
		<quotationEnd draft="unconfirmed">'</quotationEnd>
		<alternateQuotationStart draft="unconfirmed">&quot;</alternateQuotationStart>
		<alternateQuotationEnd draft="unconfirmed">&quot;</alternateQuotationEnd>
	</delimiters>
	<dates>
		<calendars>
			<calendar type="gregorian">
				<months>
					<monthContext type="format">
						<monthWidth type="abbreviated">
							<month type="1" draft="unconfirmed">जन</month>
							<month type="2" draft="unconfirmed">फेब</month>
							<month type="3" draft="unconfirmed">मार्च</month>
							<month type="4" draft="unconfirmed">अप्रि</month>
							<month type="5" draft="unconfirmed">मे</month>
							<month type="6" draft="unconfirmed">जुन</month>
							<month type="7" draft="unconfirmed">जुला</month>
							<month type="8" draft="unconfirmed">अग</month>
							<month type="9" draft="unconfirmed">सेप्ट</month>
							<month type="10" draft="unconfirmed">अक्टो</month>
							<month type="11" draft="unconfirmed">नोभे</month>
							<month type="12" draft="unconfirmed">डिसे</month>
						</monthWidth>
						<monthWidth type="wide">
							<month type="1">जनवरी</month>
							<month type="2" draft="unconfirmed">फेब्रुअरी</month>
							<month type="3" draft="unconfirmed">मार्च</month>
							<month type="4" draft="unconfirmed">अप्रिल</month>
							<month type="5" draft="unconfirmed">मे</month>
							<month type="6" draft="unconfirmed">जुन</month>
							<month type="7" draft="unconfirmed">जुलाई</month>
							<month type="8" draft="unconfirmed">अगस्त</month>
							<month type="9" draft="unconfirmed">सेप्टेम्बर</month>
							<month type="10" draft="unconfirmed">अक्टोबर</month>
							<month type="11" draft="unconfirmed">नोभेम्बर</month>
							<month type="12" draft="unconfirmed">डिसेम्बर</month>
						</monthWidth>
					</monthContext>
					<monthContext type="stand-alone">
						<monthWidth type="narrow">
							<month type="1" draft="unconfirmed">1</month>
							<month type="2" draft="unconfirmed">2</month>
							<month type="3" draft="unconfirmed">3</month>
							<month type="4" draft="unconfirmed">4</month>
							<month type="5" draft="unconfirmed">5</month>
							<month type="6" draft="unconfirmed">6</month>
							<month type="7" draft="unconfirmed">7</month>
							<month type="8" draft="unconfirmed">8</month>
							<month type="9" draft="unconfirmed">9</month>
							<month type="10" draft="unconfirmed">10</month>
							<month type="11" draft="unconfirmed">11</month>
							<month type="12" draft="unconfirmed">12</month>
						</monthWidth>
					</monthContext>
				</months>
				<days>
					<dayContext type="format">
						<dayWidth type="abbreviated">
							<day type="sun" draft="unconfirmed">आइत</day>
							<day type="mon" draft="unconfirmed">सोम</day>
							<day type="tue" draft="unconfirmed">मङ्गल</day>
							<day type="wed" draft="unconfirmed">बुध</day>
							<day type="thu" draft="unconfirmed">बिही</day>
							<day type="fri" draft="unconfirmed">शुक्र</day>
							<day type="sat" draft="unconfirmed">शनि</day>
						</dayWidth>
						<dayWidth type="wide">
							<day type="sun" draft="unconfirmed">आइतबार</day>
							<day type="mon" draft="unconfirmed">सोमबार</day>
							<day type="tue" draft="unconfirmed">मङ्गलबार</day>
							<day type="wed" draft="unconfirmed">बुधबार</day>
							<day type="thu" draft="unconfirmed">बिहीबार</day>
							<day type="fri" draft="unconfirmed">शुक्रबार</day>
							<day type="sat" draft="unconfirmed">शनिबार</day>
						</dayWidth>
					</dayContext>
					<dayContext type="stand-alone">
						<dayWidth type="narrow">
							<day type="sun" draft="unconfirmed">1</day>
							<day type="mon" draft="unconfirmed">2</day>
							<day type="tue" draft="unconfirmed">3</day>
							<day type="wed" draft="unconfirmed">4</day>
							<day type="thu" draft="unconfirmed">5</day>
							<day type="fri" draft="unconfirmed">6</day>
							<day type="sat" draft="unconfirmed">7</day>
						</dayWidth>
					</dayContext>
				</days>
				<quarters>
					<quarterContext type="format">
						<quarterWidth type="abbreviated">
							<quarter type="1" draft="unconfirmed">Q1</quarter>
							<quarter type="2" draft="unconfirmed">Q2</quarter>
							<quarter type="3" draft="unconfirmed">Q3</quarter>
							<quarter type="4" draft="unconfirmed">Q4</quarter>
						</quarterWidth>
						<quarterWidth type="wide">
							<quarter type="1" draft="unconfirmed">पहिलो सत्र</quarter>
							<quarter type="2" draft="unconfirmed">दोस्रो सत्र</quarter>
							<quarter type="3" draft="unconfirmed">तेस्रो सत्र</quarter>
							<quarter type="4" draft="unconfirmed">चौथो सत्र</quarter>
						</quarterWidth>
					</quarterContext>
				</quarters>
				<am draft="unconfirmed">पूर्वान्ह</am>
				<pm draft="unconfirmed">अपरान्ह</pm>
				<eras>
					<eraNames>
						<era type="0" draft="unconfirmed">ईसापूर्व</era>
						<era type="1" draft="unconfirmed">सन्</era>
					</eraNames>
					<eraAbbr>
						<era type="0" draft="unconfirmed">ईसापूर्व</era>
						<era type="1" draft="unconfirmed">सन्</era>
					</eraAbbr>
				</eras>
				<dateFormats>
					<dateFormatLength type="full">
						<dateFormat>
							<pattern draft="unconfirmed">EEEE, yyyy MMMM dd</pattern>
						</dateFormat>
					</dateFormatLength>
					<dateFormatLength type="long">
						<dateFormat>
							<pattern draft="unconfirmed">yyyy MMMM d</pattern>
						</dateFormat>
					</dateFormatLength>
					<dateFormatLength type="medium">
						<dateFormat>
							<pattern draft="unconfirmed">yyyy MMM d</pattern>
						</dateFormat>
					</dateFormatLength>
					<dateFormatLength type="short">
						<dateFormat>
							<pattern draft="unconfirmed">yy/MM/dd</pattern>
						</dateFormat>
					</dateFormatLength>
				</dateFormats>
				<timeFormats>
					<timeFormatLength type="full">
						<timeFormat>
							<pattern draft="unconfirmed">HH:mm:ss v</pattern>
						</timeFormat>
					</timeFormatLength>
					<timeFormatLength type="long">
						<timeFormat>
							<pattern draft="unconfirmed">HH:mm:ss z</pattern>
						</timeFormat>
					</timeFormatLength>
					<timeFormatLength type="medium">
						<timeFormat>
							<pattern draft="unconfirmed">HH:mm:ss</pattern>
						</timeFormat>
					</timeFormatLength>
					<timeFormatLength type="short">
						<timeFormat>
							<pattern draft="unconfirmed">HH:mm</pattern>
						</timeFormat>
					</timeFormatLength>
				</timeFormats>
				<dateTimeFormats>
					<dateTimeFormatLength>
						<dateTimeFormat>
							<pattern draft="unconfirmed">{1} {0}</pattern>
						</dateTimeFormat>
					</dateTimeFormatLength>
					<availableFormats>
						<dateFormatItem id="yyQ" draft="unconfirmed">Q yy</dateFormatItem>
					</availableFormats>
				</dateTimeFormats>
			</calendar>
		</calendars>
		<timeZoneNames>
			<hourFormat draft="unconfirmed">+HH:mm;-HH:mm</hourFormat>
			<gmtFormat draft="unconfirmed">GMT{0}</gmtFormat>
			<regionFormat draft="unconfirmed">{0}</regionFormat>
		</timeZoneNames>
	</dates>
	<numbers>
		<currencies>
			<currency type="NPR">
				<symbol draft="unconfirmed">रू</symbol>
			</currency>
		</currencies>
	</numbers>
</ldml>

