<?xml version="1.0" encoding="UTF-8" ?>
<!DOCTYPE ldml SYSTEM "http://www.unicode.org/cldr/dtd/1.5/ldml.dtd">
<ldml>
	<identity>
		<version number="$Revision: 1.57 $"/>
		<generation date="$Date: 2007/07/19 22:31:39 $"/>
		<language type="nl"/>
		<territory type="BE"/>
	</identity>
	<localeDisplayNames>
		<languages>
			<language type="lv">Lets</language>
			<language type="oc">Occitaans (na 1500); Provençaals</language>
			<language type="sh">Servo-Kroatisch</language>
			<language type="ssa" draft="provisional">Nilo-Saharaans</language>
			<language type="ssa" alt="proposed-x1001" draft="unconfirmed">Nilo-Saharisch</language>
		</languages>
		<territories>
			<territory type="013" draft="provisional">Centraal-Amerika</territory>
			<territory type="419" alt="proposed-x1001" draft="unconfirmed">Latijns-Amerika en de Caraïben</territory>
			<territory type="IM">Het Eiland Man</territory>
			<territory type="KG" draft="provisional">Kirgizië</territory>
			<territory type="MV" alt="proposed-x1001" draft="unconfirmed">Malediven</territory>
			<territory type="SB" alt="proposed-x1001" draft="unconfirmed">Salomoneilanden</territory>
			<territory type="TZ" alt="proposed-x1001" draft="unconfirmed">Tanzanië</territory>
		</territories>
		<types>
			<type type="traditional" key="collation">Traditioneel</type>
		</types>
	</localeDisplayNames>
	<dates>
		<calendars>
			<calendar type="gregorian">
				<dateFormats>
					<dateFormatLength type="medium">
						<dateFormat>
							<pattern>d-MMM-yyyy</pattern>
						</dateFormat>
					</dateFormatLength>
					<dateFormatLength type="short">
						<dateFormat>
							<pattern>d/MM/yy</pattern>
						</dateFormat>
					</dateFormatLength>
				</dateFormats>
				<dateTimeFormats>
					<availableFormats>
						<dateFormatItem id="yyMM" alt="proposed-x1001" draft="unconfirmed">MM/yy</dateFormatItem>
						<dateFormatItem id="yyMMM" alt="proposed-x1001" draft="unconfirmed">MMM-yy</dateFormatItem>
					</availableFormats>
				</dateTimeFormats>
			</calendar>
		</calendars>
	</dates>
	<numbers>
		<currencyFormats>
			<currencyFormatLength>
				<currencyFormat>
					<pattern>#,##0.00 ¤</pattern>
				</currencyFormat>
			</currencyFormatLength>
		</currencyFormats>
	</numbers>
</ldml>

