<?xml version="1.0" encoding="UTF-8" ?>
<!DOCTYPE ldml SYSTEM "http://www.unicode.org/cldr/dtd/1.5/ldml.dtd">
<ldml>
	<identity>
		<version number="$Revision: 1.50 $"/>
		<generation date="$Date: 2007/07/19 22:31:39 $"/>
		<language type="om"/>
	</identity>
	<localeDisplayNames>
		<languages>
			<language type="af" draft="unconfirmed">Afrikoota</language>
			<language type="am" draft="unconfirmed">Afaan Sidaamaa</language>
			<language type="ar" draft="unconfirmed">Arabiffaa</language>
			<language type="ar" alt="proposed-x1001" draft="unconfirmed">Arabic</language>
			<language type="az" draft="unconfirmed">Afaan Azerbaijani</language>
			<language type="be" draft="unconfirmed">Afaan Belarusia</language>
			<language type="bg" draft="unconfirmed">Afaan Bulgariya</language>
			<language type="bh" draft="unconfirmed">Afaan Bihari</language>
			<language type="bn" draft="unconfirmed">Afaan Baangladeshi</language>
			<language type="bs" draft="unconfirmed">Afaan Bosniyaa</language>
			<language type="ca" draft="unconfirmed">Afaan Katalaa</language>
			<language type="cs" draft="unconfirmed">Afaan Czech</language>
			<language type="cy" draft="unconfirmed">Welishiffaa</language>
			<language type="da" draft="unconfirmed">Afaan Deenmaark</language>
			<language type="de" draft="unconfirmed">Afaan Jarmanii</language>
			<language type="de" alt="proposed-x1001" draft="unconfirmed">German</language>
			<language type="el" draft="unconfirmed">Afaan Giriiki</language>
			<language type="en" draft="unconfirmed">Ingliffa</language>
			<language type="en" alt="proposed-x1001" draft="unconfirmed">English</language>
			<language type="eo" draft="unconfirmed">Afaan Esperantoo</language>
			<language type="es" draft="unconfirmed">Afaan Ispeen</language>
			<language type="es" alt="proposed-x1001" draft="unconfirmed">Spanish</language>
			<language type="et" draft="unconfirmed">Afaan Istooniya</language>
			<language type="eu" draft="unconfirmed">Afaan Baskuu</language>
			<language type="fa" draft="unconfirmed">Afaan Persia</language>
			<language type="fi" draft="unconfirmed">Afaan Fiilaandi</language>
			<language type="fil" draft="unconfirmed">Afaan Filippinii</language>
			<language type="fo" draft="unconfirmed">Afaan Faroese</language>
			<language type="fr" draft="unconfirmed">Afaan Faransaayii</language>
			<language type="fr" alt="proposed-x1001" draft="unconfirmed">French</language>
			<language type="fy" draft="unconfirmed">Afaan Firisiyaani</language>
			<language type="ga" draft="unconfirmed">Afaan Ayirishii</language>
			<language type="gd" draft="unconfirmed">Scots Gaelic</language>
			<language type="gl" draft="unconfirmed">Afaan Galishii</language>
			<language type="gn" draft="unconfirmed">Afaan Guarani</language>
			<language type="gu" draft="unconfirmed">Afaan Gujarati</language>
			<language type="he" draft="unconfirmed">Afaan Hebrew</language>
			<language type="hi" draft="unconfirmed">Afaan Hindii</language>
			<language type="hi" alt="proposed-x1001" draft="unconfirmed">Hindi</language>
			<language type="hr" draft="unconfirmed">Afaan Croatian</language>
			<language type="hu" draft="unconfirmed">Afaan Hangaari</language>
			<language type="ia" draft="unconfirmed">Interlingua</language>
			<language type="id" draft="unconfirmed">Afaan Indoneziya</language>
			<language type="is" draft="unconfirmed">Ayiislandiffaa</language>
			<language type="it" draft="unconfirmed">Afaan Xaaliyaani</language>
			<language type="it" alt="proposed-x1001" draft="unconfirmed">Italian</language>
			<language type="ja" draft="unconfirmed">Afaan Japanii</language>
			<language type="ja" alt="proposed-x1001" draft="unconfirmed">Japanese</language>
			<language type="jv" draft="unconfirmed">Afaan Java</language>
			<language type="ka" draft="unconfirmed">Afaan Georgian</language>
			<language type="kn" draft="unconfirmed">Afaan Kannada</language>
			<language type="ko" draft="unconfirmed">Afaan Korea</language>
			<language type="la" draft="unconfirmed">Afaan Laatini</language>
			<language type="lt" draft="unconfirmed">Afaan Liituniyaa</language>
			<language type="lv" draft="unconfirmed">Afaan Lativiyaa</language>
			<language type="mk" draft="unconfirmed">Afaan Macedooniyaa</language>
			<language type="ml" draft="unconfirmed">Malayaalamiffaa</language>
			<language type="mr" draft="unconfirmed">Afaan Maratii</language>
			<language type="ms" draft="unconfirmed">Malaayiffaa</language>
			<language type="mt" draft="unconfirmed">Afaan Maltesii</language>
			<language type="ne" draft="unconfirmed">Afaan Nepalii</language>
			<language type="nl" draft="unconfirmed">Afaan Dachii</language>
			<language type="nn" draft="unconfirmed">Afaan Norwegian</language>
			<language type="no" draft="unconfirmed">Afaan Norweyii</language>
			<language type="oc" draft="unconfirmed">Afaan Occit</language>
			<language type="om">Oromoo</language>
			<language type="pa" draft="unconfirmed">Afaan Punjabii</language>
			<language type="pl" draft="unconfirmed">Afaan Polandii</language>
			<language type="pt" draft="unconfirmed">Afaan Porchugaal</language>
			<language type="pt" alt="proposed-x1001" draft="unconfirmed">Portuguese</language>
			<language type="pt_BR" draft="unconfirmed">Afaan Portugali (Braazil)</language>
			<language type="pt_PT" draft="unconfirmed">Afaan Protuguese</language>
			<language type="ro" draft="unconfirmed">Afaan Romaniyaa</language>
			<language type="ru" draft="unconfirmed">Afaan Rushiyaa</language>
			<language type="ru" alt="proposed-x1001" draft="unconfirmed">Russian</language>
			<language type="si" draft="unconfirmed">Afaan Sinhalese</language>
			<language type="sk" draft="unconfirmed">Afaan Slovak</language>
			<language type="sl" draft="unconfirmed">Afaan Islovaniyaa</language>
			<language type="sq" draft="unconfirmed">Afaan Albaniyaa</language>
			<language type="sr" draft="unconfirmed">Afaan Serbiya</language>
			<language type="su" draft="unconfirmed">Afaan Sudaanii</language>
			<language type="sv" draft="unconfirmed">Afaan Suwidiin</language>
			<language type="sw" draft="unconfirmed">Suwahilii</language>
			<language type="ta" draft="unconfirmed">Afaan Tamilii</language>
			<language type="te" draft="unconfirmed">Afaan Telugu</language>
			<language type="th" draft="unconfirmed">Afaan Tayii</language>
			<language type="ti" draft="unconfirmed">Afaan Tigiree</language>
			<language type="tk" draft="unconfirmed">Lammii Turkii</language>
			<language type="tlh" draft="unconfirmed">Afaan Kilingon</language>
			<language type="tr" draft="unconfirmed">Afaan Turkii</language>
			<language type="uk" draft="unconfirmed">Afaan Ukreenii</language>
			<language type="ur" draft="unconfirmed">Afaan Urdu</language>
			<language type="uz" draft="unconfirmed">Afaan Uzbek</language>
			<language type="vi" draft="unconfirmed">Afaan Veetinam</language>
			<language type="xh" draft="unconfirmed">Afaan Xhosa</language>
			<language type="zh" draft="unconfirmed">Chinese</language>
			<language type="zu" draft="unconfirmed">Afaan Zuulu</language>
		</languages>
		<scripts>
			<script type="Latn" draft="unconfirmed">Latin</script>
		</scripts>
		<territories>
			<territory type="BR" draft="unconfirmed">Brazil</territory>
			<territory type="CN" draft="unconfirmed">China</territory>
			<territory type="DE" draft="unconfirmed">Germany</territory>
			<territory type="ET">Itoophiyaa</territory>
			<territory type="FR" draft="unconfirmed">France</territory>
			<territory type="GB" draft="unconfirmed">United Kingdom</territory>
			<territory type="IN" draft="unconfirmed">India</territory>
			<territory type="IT" draft="unconfirmed">Italy</territory>
			<territory type="JP" draft="unconfirmed">Japan</territory>
			<territory type="KE">Keeniyaa</territory>
			<territory type="RU" draft="unconfirmed">Russia</territory>
			<territory type="US" draft="unconfirmed">United States</territory>
		</territories>
	</localeDisplayNames>
	<characters>
		<exemplarCharacters>[a-z]</exemplarCharacters>
	</characters>
	<dates>
		<calendars>
			<calendar type="gregorian">
				<months>
					<monthContext type="format">
						<monthWidth type="abbreviated">
							<month type="1">Ama</month>
							<month type="2">Gur</month>
							<month type="3">Bit</month>
							<month type="4">Elb</month>
							<month type="5">Cam</month>
							<month type="6">Wax</month>
							<month type="7">Ado</month>
							<month type="8">Hag</month>
							<month type="9">Ful</month>
							<month type="10">Onk</month>
							<month type="11">Sad</month>
							<month type="12">Mud</month>
						</monthWidth>
						<monthWidth type="wide">
							<month type="1">Amajjii</month>
							<month type="2">Guraandhala</month>
							<month type="3">Bitooteessa</month>
							<month type="4">Elba</month>
							<month type="5">Caamsa</month>
							<month type="6">Waxabajjii</month>
							<month type="7">Adooleessa</month>
							<month type="8">Hagayya</month>
							<month type="9">Fuulbana</month>
							<month type="10">Onkololeessa</month>
							<month type="11">Sadaasa</month>
							<month type="12">Muddee</month>
						</monthWidth>
					</monthContext>
					<monthContext type="stand-alone">
						<monthWidth type="narrow">
							<month type="1" draft="unconfirmed">J</month>
							<month type="2" draft="unconfirmed">F</month>
							<month type="3" draft="unconfirmed">M</month>
							<month type="4" draft="unconfirmed">A</month>
							<month type="5" draft="unconfirmed">M</month>
							<month type="6" draft="unconfirmed">J</month>
							<month type="7" draft="unconfirmed">J</month>
							<month type="8" draft="unconfirmed">A</month>
							<month type="9" draft="unconfirmed">S</month>
							<month type="10" draft="unconfirmed">O</month>
							<month type="11" draft="unconfirmed">N</month>
							<month type="12" draft="unconfirmed">D</month>
						</monthWidth>
					</monthContext>
				</months>
				<days>
					<dayContext type="format">
						<dayWidth type="abbreviated">
							<day type="sun">Dil</day>
							<day type="mon">Wix</day>
							<day type="tue">Qib</day>
							<day type="wed">Rob</day>
							<day type="thu">Kam</day>
							<day type="fri">Jim</day>
							<day type="sat">San</day>
						</dayWidth>
						<dayWidth type="wide">
							<day type="sun">Dilbata</day>
							<day type="mon">Wiixata</day>
							<day type="tue">Qibxata</day>
							<day type="wed">Roobii</day>
							<day type="thu">Kamiisa</day>
							<day type="fri">Jimaata</day>
							<day type="sat">Sanbata</day>
						</dayWidth>
					</dayContext>
					<dayContext type="stand-alone">
						<dayWidth type="narrow">
							<day type="sun" draft="unconfirmed">S</day>
							<day type="mon" draft="unconfirmed">M</day>
							<day type="tue" draft="unconfirmed">T</day>
							<day type="wed" draft="unconfirmed">W</day>
							<day type="thu" draft="unconfirmed">T</day>
							<day type="fri" draft="unconfirmed">F</day>
							<day type="sat" draft="unconfirmed">S</day>
						</dayWidth>
					</dayContext>
				</days>
				<quarters>
					<quarterContext type="format">
						<quarterWidth type="abbreviated">
							<quarter type="1" draft="unconfirmed">Q1</quarter>
							<quarter type="2" draft="unconfirmed">Q2</quarter>
							<quarter type="3" draft="unconfirmed">Q3</quarter>
							<quarter type="4" draft="unconfirmed">Q4</quarter>
						</quarterWidth>
						<quarterWidth type="wide">
							<quarter type="1" draft="unconfirmed">Q1</quarter>
							<quarter type="2" draft="unconfirmed">Q2</quarter>
							<quarter type="3" draft="unconfirmed">Q3</quarter>
							<quarter type="4" draft="unconfirmed">Q4</quarter>
						</quarterWidth>
					</quarterContext>
				</quarters>
				<am draft="unconfirmed">WD</am>
				<am alt="proposed-x1001" draft="unconfirmed">AM</am>
				<pm draft="unconfirmed">WB</pm>
				<pm alt="proposed-x1001" draft="unconfirmed">PM</pm>
				<eras>
					<eraAbbr>
						<era type="0">KD</era>
						<era type="1">KB</era>
					</eraAbbr>
				</eras>
				<dateFormats>
					<dateFormatLength type="full">
						<dateFormat>
							<pattern draft="unconfirmed">EEEE, MMMM d, yyyy</pattern>
							<pattern alt="proposed-x1001" draft="unconfirmed">EEEE, yyyy MMMM dd</pattern>
						</dateFormat>
					</dateFormatLength>
					<dateFormatLength type="long">
						<dateFormat>
							<pattern draft="unconfirmed">dd MMMM yyyy</pattern>
							<pattern alt="proposed-x1001" draft="unconfirmed">yyyy MMMM d</pattern>
						</dateFormat>
					</dateFormatLength>
					<dateFormatLength type="medium">
						<dateFormat>
							<pattern draft="unconfirmed">dd-MMM-yyyy</pattern>
							<pattern alt="proposed-x1001" draft="unconfirmed">yyyy MMM d</pattern>
						</dateFormat>
					</dateFormatLength>
					<dateFormatLength type="short">
						<dateFormat>
							<pattern draft="unconfirmed">dd/MM/yy</pattern>
							<pattern alt="proposed-x1001" draft="unconfirmed">yy/MM/dd</pattern>
						</dateFormat>
					</dateFormatLength>
				</dateFormats>
				<timeFormats>
					<timeFormatLength type="full">
						<timeFormat>
							<pattern draft="unconfirmed">h:mm:ss a v</pattern>
							<pattern alt="proposed-x1001" draft="unconfirmed">HH:mm:ss v</pattern>
						</timeFormat>
					</timeFormatLength>
					<timeFormatLength type="long">
						<timeFormat>
							<pattern draft="unconfirmed">h:mm:ss a z</pattern>
							<pattern alt="proposed-x1001" draft="unconfirmed">HH:mm:ss z</pattern>
						</timeFormat>
					</timeFormatLength>
					<timeFormatLength type="medium">
						<timeFormat>
							<pattern draft="unconfirmed">h:mm:ss a</pattern>
							<pattern alt="proposed-x1001" draft="unconfirmed">HH:mm:ss</pattern>
						</timeFormat>
					</timeFormatLength>
					<timeFormatLength type="short">
						<timeFormat>
							<pattern draft="unconfirmed">h:mm a</pattern>
							<pattern alt="proposed-x1001" draft="unconfirmed">HH:mm</pattern>
						</timeFormat>
					</timeFormatLength>
				</timeFormats>
				<dateTimeFormats>
					<dateTimeFormatLength>
						<dateTimeFormat>
							<pattern draft="unconfirmed">{1} {0}</pattern>
						</dateTimeFormat>
					</dateTimeFormatLength>
					<availableFormats>
						<dateFormatItem id="MMMMdd" draft="unconfirmed">dd MMMM</dateFormatItem>
						<dateFormatItem id="MMdd" draft="unconfirmed">dd/MM</dateFormatItem>
						<dateFormatItem id="yyMM" draft="unconfirmed">MM/yy</dateFormatItem>
						<dateFormatItem id="yyQ" draft="unconfirmed">Q yy</dateFormatItem>
						<dateFormatItem id="yyyyMMMM" draft="unconfirmed">MMMM yyyy</dateFormatItem>
					</availableFormats>
				</dateTimeFormats>
			</calendar>
		</calendars>
		<timeZoneNames>
			<hourFormat draft="unconfirmed">+HH:mm;-HH:mm</hourFormat>
			<gmtFormat draft="unconfirmed">GMT{0}</gmtFormat>
			<regionFormat draft="unconfirmed">{0}</regionFormat>
		</timeZoneNames>
	</dates>
	<numbers>
		<currencyFormats>
			<currencyFormatLength>
				<currencyFormat>
					<pattern>¤#,##0.00</pattern>
				</currencyFormat>
			</currencyFormatLength>
		</currencyFormats>
		<currencies>
			<currency type="BRL">
				<displayName draft="unconfirmed">Brazilian Real</displayName>
			</currency>
			<currency type="CNY">
				<displayName draft="unconfirmed">Chinese Yuan Renminbi</displayName>
			</currency>
			<currency type="ETB">
				<displayName draft="unconfirmed">Itoophiyaa Birrii</displayName>
				<symbol>$</symbol>
			</currency>
			<currency type="EUR">
				<displayName draft="unconfirmed">Euro</displayName>
			</currency>
			<currency type="GBP">
				<displayName draft="unconfirmed">British Pound Sterling</displayName>
			</currency>
			<currency type="INR">
				<displayName draft="unconfirmed">Indian Rupee</displayName>
			</currency>
			<currency type="JPY">
				<displayName draft="unconfirmed">Japanese Yen</displayName>
			</currency>
			<currency type="KES">
				<symbol>Ksh</symbol>
			</currency>
			<currency type="RUB">
				<displayName draft="unconfirmed">Russian Ruble</displayName>
			</currency>
			<currency type="USD">
				<displayName draft="unconfirmed">US Dollar</displayName>
			</currency>
		</currencies>
	</numbers>
</ldml>
<!-- Old Comments. See root.xml for more info.
URL: http://oss.software.ibm.com/cvs/icu/icu/source/data/locales/om.txt?only_with_tag=final-update-LDML

* Oromo language locale.
* Contributed by Daniel Yacob <yacob@geez.org>
* Oromo terms are provided by Mahdi Hamid Muudee of Sagalee Oromoo
* Publishing Co. Inc and formatted in Posix format locale by Daniel Yacob of
* the Ge'ez Frontier Foundation.  The Oromo language terms used here
* are those considered to be canonical in the Oromo language under
* contemporary and progressive usage adopted by government bureaus
* across the Oromo region.  Regional synonyms naturally exist for many
* of the month and day names.
LanguageLibraryUse { "orm" }
Currency display names
        "Latn",  // ISO 15924 Name 
                "KD",  // KD = Kiristoos Dura = Before Christ
                "KB",  // KB = Kiristoos Booda = After Christ
-->

