<?xml version="1.0" encoding="UTF-8" ?>
<!DOCTYPE ldml SYSTEM "http://www.unicode.org/cldr/dtd/1.5/ldml.dtd">
<ldml>
	<identity>
		<version number="$Revision: 1.44 $"/>
		<generation date="$Date: 2007/07/14 23:02:16 $"/>
		<language type="om"/>
		<territory type="KE"/>
	</identity>
	<numbers>
		<currencies>
			<currency type="ETB">
				<symbol>ETB</symbol>
			</currency>
		</currencies>
	</numbers>
</ldml>
<!-- Old Comments. See root.xml for more info.
URL: http://oss.software.ibm.com/cvs/icu/icu/source/data/locales/om_KE.txt?only_with_tag=final-update-LDML

* Oromo language locale for Kenya.
* Contributed by Daniel Yacob <yacob@geez.org>
* Oromo terms are provided by Mahdi Hamid Muudee of Sagalee Oromoo
* Publishing Co. Inc and formatted in Posix format locale by Daniel Yacob of
* the Ge'ez Frontier Foundation.  The Oromo language terms used here
* are those considered to be canonical in the Oromo language under
* contemporary and progressive usage adopted by government bureaus
* across the Oromo region.  Regional synonyms naturally exist for many
* of the month and day names.
Measurement { "Metric" }
"\u2030",
"\u221E",
"\uFFFD",
}
PaperSize {
Height { "297" }
Width { "210" }
Units { "mm" }
}
                "WD",  // WD = Waaree Dura
                "WB",  // WD = Waaree Booda
-->
