<?xml version="1.0" encoding="UTF-8" ?>
<!DOCTYPE ldml SYSTEM "http://www.unicode.org/cldr/dtd/1.5/ldml.dtd">
<ldml>
	<identity>
		<version number="$Revision: 1.35 $"/>
		<generation date="$Date: 2007/07/19 22:31:39 $"/>
		<language type="or"/>
	</identity>
	<localeDisplayNames>
		<languages>
			<language type="or">ଓଡ଼ିଆ</language>
		</languages>
		<territories>
			<territory type="IN">ଭାରତ</territory>
		</territories>
	</localeDisplayNames>
	<characters>
		<exemplarCharacters>[ଅ-ଋ ଏ ଐ ଓ-ନ ପ-ର ଲ ଳ ଶ-ହ ୟ ୱ ଵ ଂ ଃ ଁ ୍ ଼ ା-ୃ େ ୈ ୋ ୌ]</exemplarCharacters>
		<exemplarCharacters type="auxiliary">[\u200C \u200D]</exemplarCharacters>
	</characters>
	<dates>
		<calendars>
			<calendar type="gregorian">
				<months>
					<monthContext type="format">
						<monthWidth type="abbreviated">
							<month type="1" draft="unconfirmed">1</month>
							<month type="2" draft="unconfirmed">2</month>
							<month type="3" draft="unconfirmed">3</month>
							<month type="4" draft="unconfirmed">4</month>
							<month type="5" draft="unconfirmed">5</month>
							<month type="6" draft="unconfirmed">6</month>
							<month type="7" draft="unconfirmed">7</month>
							<month type="8" draft="unconfirmed">8</month>
							<month type="9" draft="unconfirmed">9</month>
							<month type="10" draft="unconfirmed">10</month>
							<month type="11" draft="unconfirmed">11</month>
							<month type="12" draft="unconfirmed">12</month>
						</monthWidth>
						<monthWidth type="wide">
							<month type="1" draft="unconfirmed">ଜାନୁଆରୀ</month>
							<month type="2" draft="unconfirmed">ଫେବ୍ରୁୟାରୀ</month>
							<month type="3" draft="unconfirmed">ମାର୍ଚ୍ଚ</month>
							<month type="4" draft="unconfirmed">ଅପ୍ରେଲ</month>
							<month type="5" draft="unconfirmed">ମେ</month>
							<month type="6" draft="unconfirmed">ଜୁନ</month>
							<month type="7" draft="unconfirmed">ଜୁଲାଇ</month>
							<month type="8" draft="unconfirmed">ଅଗଷ୍ଟ</month>
							<month type="9" draft="unconfirmed">ସେପ୍ଟେମ୍ବର</month>
							<month type="10" draft="unconfirmed">ଅକ୍ଟୋବର</month>
							<month type="11" draft="unconfirmed">ନଭେମ୍ବର</month>
							<month type="12" draft="unconfirmed">ଡିସେମ୍ବର</month>
						</monthWidth>
					</monthContext>
					<monthContext type="stand-alone">
						<monthWidth type="narrow">
							<month type="1" draft="unconfirmed">1</month>
							<month type="2" draft="unconfirmed">2</month>
							<month type="3" draft="unconfirmed">3</month>
							<month type="4" draft="unconfirmed">4</month>
							<month type="5" draft="unconfirmed">5</month>
							<month type="6" draft="unconfirmed">6</month>
							<month type="7" draft="unconfirmed">7</month>
							<month type="8" draft="unconfirmed">8</month>
							<month type="9" draft="unconfirmed">9</month>
							<month type="10" draft="unconfirmed">10</month>
							<month type="11" draft="unconfirmed">11</month>
							<month type="12" draft="unconfirmed">12</month>
						</monthWidth>
					</monthContext>
				</months>
				<days>
					<dayContext type="format">
						<dayWidth type="abbreviated">
							<day type="sun" draft="unconfirmed">ରବି</day>
							<day type="mon" draft="unconfirmed">ସୋମ</day>
							<day type="tue" draft="unconfirmed">ମଙ୍ଗଳ</day>
							<day type="wed" draft="unconfirmed">ବୁଧ</day>
							<day type="thu" draft="unconfirmed">ଗୁରୁ</day>
							<day type="fri" draft="unconfirmed">ଶୁକ୍ର</day>
							<day type="sat" draft="unconfirmed">ଶନି</day>
						</dayWidth>
						<dayWidth type="wide">
							<day type="sun" draft="unconfirmed">ରବିବାର</day>
							<day type="mon" draft="unconfirmed">ସୋମବାର</day>
							<day type="tue" draft="unconfirmed">ମଙ୍ଗଳବାର</day>
							<day type="wed" draft="unconfirmed">ବୁଧବାର</day>
							<day type="thu" draft="unconfirmed">ଗୁରୁବାର</day>
							<day type="fri" draft="unconfirmed">ଶୁକ୍ରବାର</day>
							<day type="sat" draft="unconfirmed">ଶନିବାର</day>
						</dayWidth>
					</dayContext>
					<dayContext type="stand-alone">
						<dayWidth type="narrow">
							<day type="sun" draft="unconfirmed">1</day>
							<day type="mon" draft="unconfirmed">2</day>
							<day type="tue" draft="unconfirmed">3</day>
							<day type="wed" draft="unconfirmed">4</day>
							<day type="thu" draft="unconfirmed">5</day>
							<day type="fri" draft="unconfirmed">6</day>
							<day type="sat" draft="unconfirmed">7</day>
						</dayWidth>
					</dayContext>
				</days>
				<quarters>
					<quarterContext type="format">
						<quarterWidth type="abbreviated">
							<quarter type="1" draft="unconfirmed">Q1</quarter>
							<quarter type="2" draft="unconfirmed">Q2</quarter>
							<quarter type="3" draft="unconfirmed">Q3</quarter>
							<quarter type="4" draft="unconfirmed">Q4</quarter>
						</quarterWidth>
						<quarterWidth type="wide">
							<quarter type="1" draft="unconfirmed">Q1</quarter>
							<quarter type="2" draft="unconfirmed">Q2</quarter>
							<quarter type="3" draft="unconfirmed">Q3</quarter>
							<quarter type="4" draft="unconfirmed">Q4</quarter>
						</quarterWidth>
					</quarterContext>
				</quarters>
				<am draft="unconfirmed">AM</am>
				<pm draft="unconfirmed">PM</pm>
				<eras>
					<eraAbbr>
						<era type="0" draft="unconfirmed">BCE</era>
						<era type="1" draft="unconfirmed">CE</era>
					</eraAbbr>
				</eras>
				<dateFormats>
					<dateFormatLength type="full">
						<dateFormat>
							<pattern draft="unconfirmed">EEEE d MMMM yyyy</pattern>
							<pattern alt="proposed-x1001" draft="unconfirmed">EEEE, yyyy MMMM dd</pattern>
						</dateFormat>
					</dateFormatLength>
					<dateFormatLength type="long">
						<dateFormat>
							<pattern draft="unconfirmed">d MMMM yyyy</pattern>
							<pattern alt="proposed-x1001" draft="unconfirmed">yyyy MMMM d</pattern>
						</dateFormat>
					</dateFormatLength>
					<dateFormatLength type="medium">
						<dateFormat>
							<pattern draft="unconfirmed">dd-MM-yyyy</pattern>
							<pattern alt="proposed-x1001" draft="unconfirmed">yyyy MMM d</pattern>
						</dateFormat>
					</dateFormatLength>
					<dateFormatLength type="short">
						<dateFormat>
							<pattern draft="unconfirmed">dd-MM-yy</pattern>
							<pattern alt="proposed-x1001" draft="unconfirmed">yy/MM/dd</pattern>
						</dateFormat>
					</dateFormatLength>
				</dateFormats>
				<timeFormats>
					<timeFormatLength type="full">
						<timeFormat>
							<pattern draft="unconfirmed">h:mm:ss a v</pattern>
							<pattern alt="proposed-x1001" draft="unconfirmed">HH:mm:ss v</pattern>
						</timeFormat>
					</timeFormatLength>
					<timeFormatLength type="long">
						<timeFormat>
							<pattern draft="unconfirmed">h:mm:ss a z</pattern>
							<pattern alt="proposed-x1001" draft="unconfirmed">HH:mm:ss z</pattern>
						</timeFormat>
					</timeFormatLength>
					<timeFormatLength type="medium">
						<timeFormat>
							<pattern draft="unconfirmed">h:mm:ss a</pattern>
							<pattern alt="proposed-x1001" draft="unconfirmed">HH:mm:ss</pattern>
						</timeFormat>
					</timeFormatLength>
					<timeFormatLength type="short">
						<timeFormat>
							<pattern draft="unconfirmed">h:mm a</pattern>
							<pattern alt="proposed-x1001" draft="unconfirmed">HH:mm</pattern>
						</timeFormat>
					</timeFormatLength>
				</timeFormats>
				<dateTimeFormats>
					<dateTimeFormatLength>
						<dateTimeFormat>
							<pattern draft="unconfirmed">{1} {0}</pattern>
						</dateTimeFormat>
					</dateTimeFormatLength>
					<availableFormats>
						<dateFormatItem id="MMMMd" draft="unconfirmed">d MMMM</dateFormatItem>
						<dateFormatItem id="MMdd" draft="unconfirmed">dd-MM</dateFormatItem>
						<dateFormatItem id="yyQ" draft="unconfirmed">Q yy</dateFormatItem>
						<dateFormatItem id="yyyyMM" draft="unconfirmed">MM-yyyy</dateFormatItem>
						<dateFormatItem id="yyyyMMMM" draft="unconfirmed">MMMM yyyy</dateFormatItem>
					</availableFormats>
				</dateTimeFormats>
			</calendar>
		</calendars>
		<timeZoneNames>
			<hourFormat draft="unconfirmed">+HH:mm;-HH:mm</hourFormat>
			<gmtFormat draft="unconfirmed">GMT{0}</gmtFormat>
			<regionFormat draft="unconfirmed">{0}</regionFormat>
		</timeZoneNames>
	</dates>
	<numbers>
		<symbols>
			<nativeZeroDigit draft="unconfirmed">୦</nativeZeroDigit>
		</symbols>
		<decimalFormats>
			<decimalFormatLength>
				<decimalFormat>
					<pattern draft="unconfirmed">#,##,##0.###</pattern>
				</decimalFormat>
			</decimalFormatLength>
		</decimalFormats>
		<percentFormats>
			<percentFormatLength>
				<percentFormat>
					<pattern draft="unconfirmed">#,##,##0%</pattern>
				</percentFormat>
			</percentFormatLength>
		</percentFormats>
		<currencyFormats>
			<currencyFormatLength>
				<currencyFormat>
					<pattern draft="unconfirmed">¤ #,##,##0.00</pattern>
				</currencyFormat>
			</currencyFormatLength>
		</currencyFormats>
	</numbers>
</ldml>
<!-- Same as root.
	<week draft="true">
          <minDays count="1"></minDays>
          <firstDay day="sun"></firstDay>
          <weekendStart day="sat"></weekendStart>
          <weekendEnd day="sun"></weekendEnd>
        </week>
-->

