<?xml version="1.0" encoding="UTF-8" ?>
<!DOCTYPE ldml SYSTEM "http://www.unicode.org/cldr/dtd/1.5/ldml.dtd">
<ldml>
	<identity>
		<version number="$Revision: 1.56 $"/>
		<generation date="$Date: 2007/07/19 23:40:49 $"/>
		<language type="pa"/>
	</identity>
	<localeDisplayNames>
		<languages>
			<language type="af" draft="contributed">ਅਫ਼ਰੀਕੀ</language>
			<language type="ar" draft="contributed">ਅਰਬੀ</language>
			<language type="az" draft="contributed">ਅਜ਼ੇਰਬੈਜਨਿ</language>
			<language type="bn" draft="contributed">ਬੰਗਾਲੀ</language>
			<language type="da" draft="contributed">ਡੈਨਿਸ਼</language>
			<language type="de" draft="contributed">ਜਰਮਨ</language>
			<language type="en" draft="contributed">ਅੰਗਰੇਜ਼ੀ</language>
			<language type="eo" draft="contributed">ਏਸਪਰੇਂਟੋ</language>
			<language type="es" draft="contributed">ਸਪੇਨਿਸ਼</language>
			<language type="fi" draft="contributed">ਫਿਨਿਸ਼</language>
			<language type="fr" draft="contributed">ਫਰੈਂਚ</language>
			<language type="gu" draft="unconfirmed">ਗੁਜਰਤਿ</language>
			<language type="hi" draft="contributed">ਹਿੰਦੀ</language>
			<language type="id" draft="contributed">ਇੰਡੋਨੇਸ਼ੀਆਈ</language>
			<language type="it" draft="contributed">ਇਤਾਲਵੀ</language>
			<language type="ja" draft="unconfirmed">ਜਾਪਾਨੀ</language>
			<language type="mk" draft="contributed">ਮੈਕੇਡੋਨੀਅਨ</language>
			<language type="nl" draft="contributed">ਡੱਚ</language>
			<language type="no" draft="contributed">ਨਾਰਵੇਜੀਅਨ</language>
			<language type="pa">ਪੰਜਾਬੀ</language>
			<language type="pt" draft="contributed">ਪੋਰਤੂਗੂਈਸ</language>
			<language type="sv" draft="contributed">ਸਵੈਡਿਸ਼</language>
			<language type="ta" draft="contributed">ਤਾਮਿਲ</language>
			<language type="te" draft="contributed">ਤੇਲਗੂ</language>
			<language type="th" draft="contributed">ਥਾਈ</language>
			<language type="tw" draft="contributed">ਤ੍ਵਿ</language>
			<language type="ug" draft="contributed">ਉਇਘੁਰ</language>
		</languages>
		<scripts>
			<script type="Deva" draft="unconfirmed">ਦੇਵਨਾਗਰੀ</script>
			<script type="Guru" draft="unconfirmed">ਗੁਰਮੁਖੀ</script>
			<script type="Zxxx" draft="unconfirmed">Zxxx</script>
			<script type="Zzzz" draft="unconfirmed">Zzzz</script>
		</scripts>
		<territories>
			<territory type="IN">ਭਾਰਤ</territory>
			<territory type="IN" alt="proposed-x1001" draft="unconfirmed">IN</territory>
			<territory type="TO" draft="unconfirmed">TO</territory>
			<territory type="TO" alt="proposed-x1001" draft="unconfirmed">ਤੋਨ੍ਗ</territory>
			<territory type="ZZ" draft="unconfirmed">ਅਣਜਾਣ</territory>
			<territory type="ZZ" alt="proposed-x1001" draft="unconfirmed">ZZ</territory>
		</territories>
	</localeDisplayNames>
	<characters>
		<exemplarCharacters>[਼ ੰ ੱ ੦-੯ ੴ ੳ ਉ ਊ ਓ ਅ ਆ ਐ ਔ ੲ ਇ ਈ ਏ ਸ {ਸ਼} ਹ ਕ ਖ {ਖ਼} ਗ {ਗ਼} ਘ-ਜ {ਜ਼} ਝ-ਨ ਪ ਫ {ਫ਼} ਬ-ਰ ਲ ਵ ੜ ਾ-ੂ ੇ ੈ ੋ-੍]</exemplarCharacters>
		<exemplarCharacters type="auxiliary">[\u200C \u200D ਁ-ਃ {ਲ਼}]</exemplarCharacters>
		<exemplarCharacters alt="proposed-x1001" draft="unconfirmed">[\u200C \u200D ਼ ਁ-ਃ ੰ ੱ ੦-੯ ੴ ੳ ਉ ਊ ਓ ਅ ਆ ਐ ਔ ੲ ਇ ਈ ਏ ਸ {ਸ਼} ਹ ਕ ਖ {ਖ਼} ਗ {ਗ਼} ਘ-ਜ {ਜ਼} ਝ-ਨ ਪ ਫ {ਫ਼} ਬ-ਰ ਲ {ਲ਼} ਵ ੜ ਾ-ੂ ੇ ੈ ੋ-੍]</exemplarCharacters>
	</characters>
	<delimiters>
		<quotationStart draft="unconfirmed">'</quotationStart>
		<quotationEnd draft="unconfirmed">'</quotationEnd>
		<alternateQuotationStart draft="unconfirmed">&quot;</alternateQuotationStart>
		<alternateQuotationEnd draft="unconfirmed">&quot;</alternateQuotationEnd>
	</delimiters>
	<dates>
		<calendars>
			<calendar type="gregorian">
				<months>
					<monthContext type="format">
						<monthWidth type="abbreviated">
							<month type="1">ਜਨਵਰੀ</month>
							<month type="2">ਫ਼ਰਵਰੀ</month>
							<month type="3">ਮਾਰਚ</month>
							<month type="4">ਅਪ੍ਰੈਲ</month>
							<month type="5">ਮਈ</month>
							<month type="6">ਜੂਨ</month>
							<month type="7">ਜੁਲਾਈ</month>
							<month type="8">ਅਗਸਤ</month>
							<month type="9">ਸਤੰਬਰ</month>
							<month type="10">ਅਕਤੂਬਰ</month>
							<month type="11">ਨਵੰਬਰ</month>
							<month type="12">ਦਸੰਬਰ</month>
						</monthWidth>
						<monthWidth type="wide">
							<month type="1">ਜਨਵਰੀ</month>
							<month type="2">ਫ਼ਰਵਰੀ</month>
							<month type="3">ਮਾਰਚ</month>
							<month type="4">ਅਪ੍ਰੈਲ</month>
							<month type="5">ਮਈ</month>
							<month type="6">ਜੂਨ</month>
							<month type="7">ਜੁਲਾਈ</month>
							<month type="8">ਅਗਸਤ</month>
							<month type="9">ਸਤੰਬਰ</month>
							<month type="10">ਅਕਤੂਬਰ</month>
							<month type="11">ਨਵੰਬਰ</month>
							<month type="12">ਦਸੰਬਰ</month>
						</monthWidth>
					</monthContext>
					<monthContext type="stand-alone">
						<monthWidth type="narrow">
							<month type="1" draft="unconfirmed">ਜ</month>
							<month type="1" alt="proposed-x1001" draft="unconfirmed">1</month>
							<month type="2" draft="unconfirmed">ਫ</month>
							<month type="2" alt="proposed-x1001" draft="unconfirmed">2</month>
							<month type="3" draft="unconfirmed">ਮਾ</month>
							<month type="3" alt="proposed-x1001" draft="unconfirmed">3</month>
							<month type="4" draft="unconfirmed">ਅ</month>
							<month type="4" alt="proposed-x1001" draft="unconfirmed">4</month>
							<month type="5" draft="unconfirmed">ਮ</month>
							<month type="5" alt="proposed-x1001" draft="unconfirmed">5</month>
							<month type="6" draft="unconfirmed">ਜੂ</month>
							<month type="6" alt="proposed-x1001" draft="unconfirmed">6</month>
							<month type="7" draft="unconfirmed">ਜੁ</month>
							<month type="7" alt="proposed-x1001" draft="unconfirmed">7</month>
							<month type="8" draft="unconfirmed">ਅ</month>
							<month type="8" alt="proposed-x1001" draft="unconfirmed">8</month>
							<month type="9" draft="unconfirmed">ਸ</month>
							<month type="9" alt="proposed-x1001" draft="unconfirmed">9</month>
							<month type="10" draft="unconfirmed">ਅ</month>
							<month type="10" alt="proposed-x1001" draft="unconfirmed">10</month>
							<month type="11" draft="unconfirmed">ਨ</month>
							<month type="11" alt="proposed-x1001" draft="unconfirmed">11</month>
							<month type="12" draft="unconfirmed">ਦ</month>
							<month type="12" alt="proposed-x1001" draft="unconfirmed">12</month>
						</monthWidth>
					</monthContext>
				</months>
				<days>
					<dayContext type="format">
						<dayWidth type="abbreviated">
							<day type="sun">ਐਤ.</day>
							<day type="mon">ਸੋਮ.</day>
							<day type="tue">ਮੰਗਲ.</day>
							<day type="wed">ਬੁਧ.</day>
							<day type="wed" alt="proposed-x1001" draft="unconfirmed">ਬੁੱਧ.</day>
							<day type="thu">ਵੀਰ.</day>
							<day type="fri">ਸ਼ੁਕਰ.</day>
							<day type="fri" alt="proposed-x1001" draft="unconfirmed">ਸ਼ੁੱਕਰ.</day>
							<day type="sat">ਸ਼ਨੀ.</day>
							<day type="sat" alt="proposed-x1001" draft="unconfirmed">ਸ਼ਨਿੱਚਰ.</day>
						</dayWidth>
						<dayWidth type="narrow">
							<day type="sun" draft="unconfirmed">ਐ</day>
						</dayWidth>
						<dayWidth type="wide">
							<day type="sun">ਐਤਵਾਰ</day>
							<day type="mon">ਸੋਮਵਾਰ</day>
							<day type="tue">ਮੰਗਲਵਾਰ</day>
							<day type="wed">ਬੁਧਵਾਰ</day>
							<day type="wed" alt="proposed-x1001" draft="unconfirmed">ਬੁੱਧਵਾਰ</day>
							<day type="thu">ਵੀਰਵਾਰ</day>
							<day type="fri">ਸ਼ੁੱਕਰਵਾਰ</day>
							<day type="sat">ਸ਼ਨੀਚਰਵਾਰ</day>
							<day type="sat" alt="proposed-x1001" draft="unconfirmed">ਸ਼ਨਿੱਚਰਵਾਰ</day>
						</dayWidth>
					</dayContext>
					<dayContext type="stand-alone">
						<dayWidth type="narrow">
							<day type="sun" draft="unconfirmed">ਐ</day>
							<day type="sun" alt="proposed-x1001" draft="unconfirmed">1</day>
							<day type="mon" draft="unconfirmed">ਸੋ</day>
							<day type="mon" alt="proposed-x1001" draft="unconfirmed">2</day>
							<day type="tue" draft="unconfirmed">ਮੰ</day>
							<day type="tue" alt="proposed-x1001" draft="unconfirmed">3</day>
							<day type="wed" draft="unconfirmed">ਬੁੱ</day>
							<day type="wed" alt="proposed-x1001" draft="unconfirmed">4</day>
							<day type="thu" draft="unconfirmed">ਵੀ</day>
							<day type="thu" alt="proposed-x1001" draft="unconfirmed">5</day>
							<day type="fri" draft="unconfirmed">ਸ਼ੁੱ</day>
							<day type="fri" alt="proposed-x1001" draft="unconfirmed">6</day>
							<day type="sat" draft="unconfirmed">ਸ਼</day>
							<day type="sat" alt="proposed-x1001" draft="unconfirmed">7</day>
						</dayWidth>
					</dayContext>
				</days>
				<quarters>
					<quarterContext type="format">
						<quarterWidth type="abbreviated">
							<quarter type="1" draft="unconfirmed">Q1</quarter>
							<quarter type="2" draft="unconfirmed">Q2</quarter>
							<quarter type="3" draft="unconfirmed">Q3</quarter>
							<quarter type="4" draft="unconfirmed">Q4</quarter>
						</quarterWidth>
						<quarterWidth type="wide">
							<quarter type="1" draft="unconfirmed">ਪਹਿਲਾਂ ਚੌਥਾਈ</quarter>
							<quarter type="2" draft="unconfirmed">ਦੂਜਾ ਚੌਥਾਈ</quarter>
							<quarter type="3" draft="unconfirmed">ਤੀਜਾ ਚੌਥਾਈ</quarter>
							<quarter type="4" draft="unconfirmed">ਚੌਥਾ ਚੌਥਾਈ</quarter>
						</quarterWidth>
					</quarterContext>
				</quarters>
				<am>ਸਵੇਰੇ</am>
				<am alt="proposed-x1001" draft="unconfirmed">ਸਵੇਰ</am>
				<pm>ਸ਼ਾਮ</pm>
				<eras>
					<!-- These era names look like abbreviations and not full names. -->
					<eraNames>
						<era type="0" draft="unconfirmed">ਈਸਾਪੂਰਵ</era>
						<era type="1" draft="unconfirmed">ਸੰਨ</era>
					</eraNames>
					<eraAbbr>
						<era type="0" draft="unconfirmed">BCE</era>
						<era type="1" draft="unconfirmed">CE</era>
					</eraAbbr>
				</eras>
				<dateFormats>
					<dateFormatLength type="full">
						<dateFormat>
							<pattern draft="unconfirmed">EEEE, dd MMMM yyyy</pattern>
							<pattern alt="proposed-x1001" draft="unconfirmed">EEEE, yyyy MMMM dd</pattern>
						</dateFormat>
					</dateFormatLength>
					<dateFormatLength type="long">
						<dateFormat>
							<pattern draft="unconfirmed">yyyy MMMM d</pattern>
						</dateFormat>
					</dateFormatLength>
					<dateFormatLength type="medium">
						<dateFormat>
							<pattern draft="unconfirmed">yyyy MMM d</pattern>
						</dateFormat>
					</dateFormatLength>
					<dateFormatLength type="short">
						<dateFormat>
							<pattern draft="unconfirmed">dd/MM/yyy</pattern>
							<pattern alt="proposed-x1001" draft="unconfirmed">yy/MM/dd</pattern>
						</dateFormat>
					</dateFormatLength>
				</dateFormats>
				<timeFormats>
					<timeFormatLength type="full">
						<timeFormat>
							<pattern draft="unconfirmed">HH:mm:ss v</pattern>
						</timeFormat>
					</timeFormatLength>
					<timeFormatLength type="long">
						<timeFormat>
							<pattern draft="unconfirmed">HH:mm:ss z</pattern>
						</timeFormat>
					</timeFormatLength>
					<timeFormatLength type="medium">
						<timeFormat>
							<pattern draft="unconfirmed">HH:mm:ss</pattern>
						</timeFormat>
					</timeFormatLength>
					<timeFormatLength type="short">
						<timeFormat>
							<pattern draft="unconfirmed">HH:mm</pattern>
						</timeFormat>
					</timeFormatLength>
				</timeFormats>
				<dateTimeFormats>
					<dateTimeFormatLength>
						<dateTimeFormat>
							<pattern draft="unconfirmed">{1} {0}</pattern>
						</dateTimeFormat>
					</dateTimeFormatLength>
					<availableFormats>
						<dateFormatItem id="HHmmss" draft="unconfirmed">HH:mm:ss 	13:25:59</dateFormatItem>
						<dateFormatItem id="Md" draft="unconfirmed">d/M    14/9</dateFormatItem>
						<dateFormatItem id="mmss" draft="unconfirmed">mm:ss 	25:59</dateFormatItem>
						<dateFormatItem id="yyMMM" draft="unconfirmed">MMM yy</dateFormatItem>
						<dateFormatItem id="yyMMM" alt="proposed-x1001" draft="unconfirmed">MMMM yy</dateFormatItem>
						<dateFormatItem id="yyQ" draft="unconfirmed">Q yy</dateFormatItem>
					</availableFormats>
				</dateTimeFormats>
				<fields>
					<field type="year">
						<displayName draft="unconfirmed">ਸਾਲ</displayName>
					</field>
					<field type="month">
						<displayName draft="unconfirmed">ਮਹੀਨਾ</displayName>
					</field>
					<field type="week">
						<displayName draft="unconfirmed">ਹਫ਼ਤਾ</displayName>
					</field>
					<field type="day">
						<displayName draft="unconfirmed">ਦਿਨ</displayName>
						<relative type="0" draft="unconfirmed">ਅੱਜ</relative>
						<relative type="1" draft="unconfirmed">ਭਲਕ</relative>
						<relative type="2" draft="unconfirmed">ਭਲਕ</relative>
						<relative type="2" alt="proposed-x1001" draft="unconfirmed">ਪਰਸੋਂ</relative>
						<relative type="3" draft="unconfirmed">ਤਿੰਨ ਦਿਨ ਬਾਅਦ</relative>
						<relative type="-2" draft="unconfirmed">ਪਰਸੋਂ</relative>
						<relative type="-3" draft="unconfirmed">ਤਿੰਨ ਦਿਨ ਪਹਿਲਾਂ</relative>
					</field>
					<field type="weekday">
						<displayName draft="unconfirmed">ਹਫ਼ਤੇ ਦਾ ਦਿਨ</displayName>
					</field>
					<field type="hour">
						<displayName draft="unconfirmed">ਘੰਟਾ</displayName>
					</field>
					<field type="minute">
						<displayName draft="unconfirmed">ਮਿੰਟ</displayName>
					</field>
					<field type="zone">
						<displayName draft="unconfirmed">ਖੇਤਰ</displayName>
					</field>
				</fields>
			</calendar>
		</calendars>
		<timeZoneNames>
			<hourFormat draft="unconfirmed">+HH:mm;-HH:mm</hourFormat>
			<gmtFormat draft="unconfirmed">GMT{0}</gmtFormat>
			<regionFormat draft="unconfirmed">{0}</regionFormat>
		</timeZoneNames>
	</dates>
	<numbers>
		<symbols>
			<nativeZeroDigit>੦</nativeZeroDigit>
			<nativeZeroDigit alt="proposed-x1001" draft="unconfirmed">0</nativeZeroDigit>
		</symbols>
		<decimalFormats>
			<decimalFormatLength>
				<decimalFormat>
					<pattern>#,##,##0.###</pattern>
				</decimalFormat>
			</decimalFormatLength>
		</decimalFormats>
		<percentFormats>
			<percentFormatLength>
				<percentFormat>
					<pattern>#,##,##0%</pattern>
				</percentFormat>
			</percentFormatLength>
		</percentFormats>
		<currencyFormats>
			<currencyFormatLength>
				<currencyFormat>
					<pattern>¤ #,##,##0.00</pattern>
				</currencyFormat>
			</currencyFormatLength>
		</currencyFormats>
		<currencies>
			<currency type="AFN">
				<displayName draft="unconfirmed">ਅਫ਼ਗਾਨੀ</displayName>
			</currency>
			<currency type="EUR">
				<displayName draft="unconfirmed">ਯੂਰੋ</displayName>
			</currency>
			<currency type="INR">
				<displayName>ਰੁਪਿਯ</displayName>
				<displayName alt="proposed-x1001" draft="unconfirmed">ਰੁਪਈਆ</displayName>
				<symbol>ਰੁ.</symbol>
			</currency>
			<currency type="XXX">
				<displayName draft="unconfirmed">ਅਣਜਾਣ</displayName>
				<symbol draft="unconfirmed">ਅਣਜਾਣ</symbol>
			</currency>
		</currencies>
	</numbers>
	<posix>
		<messages>
			<yesstr draft="unconfirmed">ਹਾਂ</yesstr>
			<nostr draft="unconfirmed">ਨਹੀਂ</nostr>
		</messages>
	</posix>
	<references>
		<reference type="R211" uri="http://tdil.mit.gov.in/newsIndexApr02.htm">Govt of India Vishwabhart Newsletter</reference>
	</references>
</ldml>

