<?xml version="1.0" encoding="UTF-8" ?>
<!DOCTYPE ldml SYSTEM "http://www.unicode.org/cldr/dtd/1.5/ldml.dtd">
<ldml>
	<identity>
		<version number="$Revision: 1.64 $"/>
		<generation date="$Date: 2007/11/14 16:26:58 $"/>
		<language type="pt"/>
		<territory type="PT"/>
	</identity>
	<localeDisplayNames>
		<languages>
			<language type="af" draft="provisional">Afrikaans</language>
			<language type="af" alt="proposed-x1001" draft="unconfirmed">africâner</language>
			<language type="afa" alt="proposed-x1001" draft="unconfirmed">outras línguas afro-asiáticas</language>
			<language type="afh" draft="provisional">afrihili</language>
			<language type="afh" alt="proposed-x1001" draft="unconfirmed">Afrihili</language>
			<language type="ak" draft="provisional">akan</language>
			<language type="ak" alt="proposed-x1001" draft="unconfirmed">Akan</language>
			<language type="ang">inglês, arcaico (aprox. 450-1100)</language>
			<language type="ang" alt="proposed-x1001" draft="unconfirmed">inglês antigo</language>
			<language type="ang" alt="proposed-x1002" draft="unconfirmed">inglês arcaico</language>
			<language type="art" alt="proposed-x1001" draft="unconfirmed">outras línguas artificiais</language>
			<language type="awa">Awadhi</language>
			<language type="awa" alt="proposed-x1001" draft="unconfirmed">awadhi</language>
			<language type="bai">bamileke Languages</language>
			<language type="bai" alt="proposed-x1001" draft="unconfirmed">idiomas bamileke</language>
			<language type="bat" alt="proposed-x1001" draft="unconfirmed">outras línguas bálticas</language>
			<language type="bua" draft="provisional">buriat</language>
			<language type="bua" alt="proposed-x1001" draft="unconfirmed">Buriat</language>
			<language type="bug">Buginese</language>
			<language type="bug" alt="proposed-x1001" draft="unconfirmed">buguinês</language>
			<language type="byn" draft="provisional">blin</language>
			<language type="byn" alt="proposed-x1001" draft="unconfirmed">Blin</language>
			<language type="cai" alt="proposed-x1001" draft="unconfirmed">outras línguas centro-americanas indígenas</language>
			<language type="cau" alt="proposed-x1001" draft="unconfirmed">outras línguas caucasianas</language>
			<language type="ce">chechene</language>
			<language type="ce" alt="proposed-x1001" draft="unconfirmed">checheno</language>
			<language type="cel" alt="proposed-x1001" draft="unconfirmed">outras línguas celtas</language>
			<language type="chn" draft="provisional">jargão chinook</language>
			<language type="chn" alt="proposed-x1001" draft="unconfirmed">chinook jargon</language>
			<language type="chy" draft="provisional">cheyenne</language>
			<language type="chy" alt="proposed-x1001" draft="unconfirmed">cheiene</language>
			<language type="cpe" draft="provisional">outros crioulos e pidgins ingleses</language>
			<language type="cpe" alt="proposed-x1001" draft="unconfirmed">crioulos e pídgin, inglês (outros)</language>
			<language type="cpf" draft="provisional">outros crioulos e pidgins franceses</language>
			<language type="cpf" alt="proposed-x1001" draft="unconfirmed">crioulos e pídgin, francês (outros)</language>
			<language type="cpp" draft="provisional">outros crioulos e pidgins portugueses</language>
			<language type="cpp" alt="proposed-x1001" draft="unconfirmed">crioulos e pídgin, português (outros)</language>
			<language type="crh" draft="provisional">turco (Crimeia)</language>
			<language type="crh" alt="proposed-x1001" draft="unconfirmed">turco da criméia; tártaro da criméia</language>
			<language type="crh" alt="proposed-x1002" draft="unconfirmed">turco da crimeia, tatar da crimeia</language>
			<language type="crp" alt="proposed-x1001" draft="unconfirmed">outros crioulos e pidgins</language>
			<language type="cs">checo</language>
			<language type="cus" alt="proposed-x1001" draft="unconfirmed">outras línguas cuchitas</language>
			<language type="cus" alt="proposed-x1002" draft="unconfirmed">cuchíticas (outros)</language>
			<language type="de_CH" draft="unconfirmed">alemão alto (Suíça)</language>
			<language type="de_CH" alt="proposed-x1001" draft="unconfirmed">alto-alemão (Suiça)</language>
			<language type="de_CH" alt="proposed-x1002" draft="unconfirmed">alto alemão suíço</language>
			<language type="dra" alt="proposed-x1001" draft="unconfirmed">outras línguas drávidas</language>
			<language type="dsb" alt="proposed-x1001" draft="unconfirmed">Baixo Sórbio</language>
			<language type="dum">holandês, medieval (aprox. 1050-1350)</language>
			<language type="dum" alt="proposed-x1001" draft="unconfirmed">holandês medieval</language>
			<language type="dum" alt="proposed-x1002" draft="unconfirmed">holandês médio</language>
			<language type="dyu" draft="unconfirmed">diula</language>
			<language type="dyu" alt="proposed-x1001" draft="unconfirmed">diúla</language>
			<language type="ee" alt="proposed-x1001" draft="unconfirmed">ewe</language>
			<language type="egy" draft="provisional">egípcio antigo</language>
			<language type="egy" alt="proposed-x1002" draft="unconfirmed">egípcio (arcaico)</language>
			<language type="en" alt="proposed-x1001" draft="unconfirmed">inglês (Estados Unidos)</language>
			<language type="enm">inglês, medieval (1100-1500)</language>
			<language type="enm" alt="proposed-x1001" draft="unconfirmed">inglês médio</language>
			<language type="enm" alt="proposed-x1002" draft="unconfirmed">inglês medieval</language>
			<language type="et">estónio</language>
			<language type="et" alt="proposed-x1001" draft="unconfirmed">estoniano</language>
			<language type="fiu" alt="proposed-x1001" draft="unconfirmed">outras línguas fino-úgricas</language>
			<language type="fo" alt="proposed-x1001" draft="unconfirmed">faroés</language>
			<language type="frm">francês, medieval (aprox.1400-1600)</language>
			<language type="frm" alt="proposed-x1001" draft="unconfirmed">francês médio</language>
			<language type="frm" alt="proposed-x1002" draft="unconfirmed">francês medieval</language>
			<language type="fro">francês, arcaico (842-aprox.1400)</language>
			<language type="fro" alt="proposed-x1001" draft="unconfirmed">francês antigo</language>
			<language type="fro" alt="proposed-x1002" draft="unconfirmed">francês arcaico</language>
			<language type="frr" draft="provisional">frísio do norte</language>
			<language type="frr" alt="proposed-x1001" draft="unconfirmed">frisão do norte</language>
			<language type="frs" draft="provisional">frísio oriental</language>
			<language type="frs" alt="proposed-x1001" draft="unconfirmed">frisão oriental</language>
			<language type="gem" alt="proposed-x1001" draft="unconfirmed">outras línguas germânicas</language>
			<language type="gl" alt="proposed-x1001" draft="unconfirmed">galiciano</language>
			<language type="gmh">alemão, medieval alto (aprox.1050-1500)</language>
			<language type="gmh" alt="proposed-x1001" draft="unconfirmed">alemão medieval alto</language>
			<language type="gmh" alt="proposed-x1002" draft="unconfirmed">alto-alemão médio</language>
			<language type="goh">alemão, arcaico alto (aprox.750-1050)</language>
			<language type="goh" alt="proposed-x1001" draft="unconfirmed">alemão arcaico alto</language>
			<language type="goh" alt="proposed-x1002" draft="unconfirmed">alto-alemão antigo</language>
			<language type="grb" draft="provisional">grebo</language>
			<language type="grb" alt="proposed-x1001" draft="unconfirmed">Grebo</language>
			<language type="grc">grego, arcaico (até 1453)</language>
			<language type="grc" alt="proposed-x1001" draft="unconfirmed">grego arcaico</language>
			<language type="grc" alt="proposed-x1002" draft="unconfirmed">grego antigo</language>
			<language type="hsb" draft="contributed">sorbiano superior</language>
			<language type="hy">arménio</language>
			<language type="hy" alt="proposed-x1001" draft="unconfirmed">armênio</language>
			<language type="iba">Iban</language>
			<language type="iba" alt="proposed-x1001" draft="unconfirmed">ibã</language>
			<language type="ig" draft="contributed">igbo</language>
			<language type="ik">Inupiaq</language>
			<language type="ik" alt="proposed-x1001" draft="unconfirmed">inupiaque</language>
			<language type="ilo" alt="proposed-x1001" draft="unconfirmed">iloko</language>
			<language type="inc" alt="proposed-x1001" draft="unconfirmed">outras línguas índicas</language>
			<language type="ine" alt="proposed-x1001" draft="unconfirmed">outras línguas indo-europeias</language>
			<language type="jv">jv</language>
			<language type="jv" alt="proposed-x1001" draft="unconfirmed">javanês</language>
			<language type="kaa" draft="provisional">kara-kalpak</language>
			<language type="kaa" alt="proposed-x1001" draft="unconfirmed">kara-Kalpak</language>
			<language type="kaj" draft="provisional">iju</language>
			<language type="kaj" alt="proposed-x1001" draft="unconfirmed">jju</language>
			<language type="khi" alt="proposed-x1001" draft="unconfirmed">outras línguas khoisan</language>
			<language type="kho" draft="contributed">khotanês</language>
			<language type="kj" draft="provisional">kuanyama</language>
			<language type="kj" alt="proposed-x1001" draft="unconfirmed">Kuanyama</language>
			<language type="kl" alt="proposed-x1001" draft="unconfirmed">kalaallisut</language>
			<language type="krc" draft="provisional">karachay-balkar</language>
			<language type="krc" alt="proposed-x1001" draft="unconfirmed">karachay-Balkar</language>
			<language type="lez" draft="contributed">lezghiano</language>
			<language type="lua" draft="provisional">luba-lulua</language>
			<language type="lua" alt="proposed-x1001" draft="unconfirmed">luba-Lulua</language>
			<language type="mga">irlandês, medieval (900-1200)</language>
			<language type="mga" alt="proposed-x1001" draft="unconfirmed">irlandês medieval</language>
			<language type="mga" alt="proposed-x1002" draft="unconfirmed">irlandês médio</language>
			<language type="mh" alt="proposed-x1001" draft="unconfirmed">marsalhês</language>
			<language type="mk" draft="provisional">macedónio</language>
			<language type="mk" alt="proposed-x1001" draft="unconfirmed">macedônio</language>
			<language type="mkh">mon-khmer (other)</language>
			<language type="mkh" alt="proposed-x1001" draft="unconfirmed">outras línguas mon-khmer</language>
			<language type="mkh" alt="proposed-x1002" draft="unconfirmed">mon-khmer (outros)</language>
			<language type="nah" draft="unconfirmed">nauatle</language>
			<language type="nah" alt="proposed-x1001" draft="unconfirmed">náuatle</language>
			<language type="nai" alt="proposed-x1001" draft="unconfirmed">outras línguas norte-americanas indígenas</language>
			<language type="nb" alt="proposed-x1001" draft="unconfirmed">norueguês clássico</language>
			<language type="nds" draft="provisional">baixo-alemão</language>
			<language type="nic" draft="unconfirmed">nigeriano - cordofano (outros)</language>
			<language type="nic" alt="proposed-x1001" draft="unconfirmed">outras línguas nigero-kordofanias</language>
			<language type="nic" alt="proposed-x1002" draft="unconfirmed">níger - kordofaniano (outros)</language>
			<language type="nic" alt="proposed-x1003" draft="unconfirmed">Cordofano-nigeriano (outros)</language>
			<language type="nl" alt="proposed-x1001" draft="unconfirmed">holandês (Holanda)</language>
			<language type="nl_BE" draft="provisional">flamengo (Bélgica)</language>
			<language type="nl_BE" alt="proposed-x1001" draft="unconfirmed">flamenco</language>
			<language type="nl_BE" alt="proposed-x1002" draft="unconfirmed">holandês (Bélgica)</language>
			<language type="non">norse, old</language>
			<language type="non" alt="proposed-x1001" draft="unconfirmed">nórdico arcaico</language>
			<language type="non" alt="proposed-x1002" draft="unconfirmed">nórdico antigo</language>
			<language type="nso">soto, setentrional</language>
			<language type="nso" alt="proposed-x1001" draft="unconfirmed">sotho do norte</language>
			<language type="nso" alt="proposed-x1002" draft="unconfirmed">soto setentrional</language>
			<language type="ny" draft="contributed">chichewa; cinyanja</language>
			<language type="ny" alt="proposed-x1001" draft="unconfirmed">nianja; chicheua; cheua</language>
			<language type="oc" draft="unconfirmed">occitânico; provençal</language>
			<language type="oc" alt="proposed-x1002" draft="unconfirmed">occitano</language>
			<language type="os" draft="contributed">ossético</language>
			<language type="paa" alt="proposed-x1001" draft="unconfirmed">outras línguas papuanas</language>
			<language type="peo">persa arcaico (aprox. 600-400 a.C.)</language>
			<language type="peo" alt="proposed-x1001" draft="unconfirmed">persa arcaico</language>
			<language type="peo" alt="proposed-x1002" draft="unconfirmed">persa antigo</language>
			<language type="phi" alt="proposed-x1001" draft="unconfirmed">outras línguas filipinas</language>
			<language type="pl">polaco</language>
			<language type="pro">provençal, arcaico (até 1500)</language>
			<language type="pro" alt="proposed-x1001" draft="unconfirmed">provençal antigo</language>
			<language type="pro" alt="proposed-x1002" draft="unconfirmed">provençal arcaico</language>
			<language type="pt" alt="proposed-x1001" draft="unconfirmed">português (Portugal)</language>
			<language type="rm" draft="provisional">reto-romance</language>
			<language type="rm" alt="proposed-x1001" draft="unconfirmed">reto-romano</language>
			<language type="roa" draft="provisional">outras línguas românicas</language>
			<language type="roa" alt="proposed-x1001" draft="unconfirmed">romances (outros)</language>
			<language type="sai" alt="proposed-x1001" draft="unconfirmed">outras línguas sul-americanas</language>
			<language type="sal">salishan languages</language>
			<language type="sal" alt="proposed-x1001" draft="unconfirmed">idiomas salisanos</language>
			<language type="sem" alt="proposed-x1001" draft="unconfirmed">outras línguas semitas</language>
			<language type="sga" draft="provisional">irlandês antigo</language>
			<language type="sga" alt="proposed-x1001" draft="unconfirmed">irlandês arcaico</language>
			<language type="sgn">linguages de sinais</language>
			<language type="sgn" alt="proposed-x1001" draft="unconfirmed">linguagem de sinais</language>
			<language type="sit" alt="proposed-x1001" draft="unconfirmed">outras línguas sino-tibetanas</language>
			<language type="sla" draft="provisional">outras línguas eslávicas</language>
			<language type="sla" alt="proposed-x1001" draft="unconfirmed">idiomas eslavos</language>
			<language type="sla" alt="proposed-x1002" draft="unconfirmed">eslavos (outros)</language>
			<language type="smi" draft="provisional">outras línguas sami</language>
			<language type="smi" alt="proposed-x1001" draft="unconfirmed">outros idiomas sami</language>
			<language type="smi" alt="proposed-x1002" draft="unconfirmed">sami (outros)</language>
			<language type="ssa" alt="proposed-x1001" draft="unconfirmed">nilo-saariano (outros)</language>
			<language type="ssa" alt="proposed-x1002" draft="unconfirmed">outras línguas nilo-saarianas</language>
			<language type="ta" draft="provisional">tamil</language>
			<language type="ta" alt="proposed-x1001" draft="unconfirmed">tâmil</language>
			<language type="tai" draft="provisional">outras línguas tailandesas</language>
			<language type="tai" alt="proposed-x1001" draft="unconfirmed">tai (outros)</language>
			<language type="tet" alt="proposed-x1001" draft="unconfirmed">tetum</language>
			<language type="tig" alt="proposed-x1001" draft="unconfirmed">tigre</language>
			<language type="tl" draft="provisional">tagalogue</language>
			<language type="tl" alt="proposed-x1001" draft="unconfirmed">tagalog</language>
			<language type="to">tonga</language>
			<language type="tog" draft="provisional">tonga (Niassa)</language>
			<language type="tog" alt="proposed-x1001" draft="unconfirmed">toganês (Nyasa)</language>
			<language type="tut" draft="provisional">outras línguas altaicas</language>
			<language type="tut" alt="proposed-x1001" draft="unconfirmed">altaicos (outros)</language>
			<language type="tut" alt="proposed-x1002" draft="unconfirmed">altaico (outros)</language>
			<language type="tyv" draft="contributed">tuviniano</language>
			<language type="wak">wakashan languages</language>
			<language type="wak" alt="proposed-x1001" draft="unconfirmed">idiomas wakashan</language>
			<language type="wen" alt="proposed-x1001" draft="unconfirmed">idiomas sorbio</language>
			<language type="zh_Hans">chinês simplificado</language>
			<language type="zh_Hant">chinês tradicional</language>
			<language type="zza" draft="provisional">zazaki</language>
			<language type="zza" alt="proposed-x1001" draft="unconfirmed">zaza</language>
		</languages>
		<scripts>
			<script type="Armn">arménio</script>
			<script type="Bali" alt="proposed-x1001" draft="unconfirmed">Balinês</script>
			<script type="Batk" alt="proposed-x1001" draft="unconfirmed">Batak</script>
			<script type="Blis">símbolos Bliss</script>
			<script type="Brah" alt="proposed-x1001" draft="unconfirmed">brámi</script>
			<script type="Brah" alt="proposed-x1002" draft="unconfirmed">Brahmi</script>
			<script type="Bugi" alt="proposed-x1001" draft="unconfirmed">Buginês</script>
			<script type="Cans" draft="provisional">símbolos aborígenes canadianos</script>
			<script type="Cari" draft="contributed">cariano</script>
			<script type="Cari" alt="proposed-x1001" draft="unconfirmed">carian</script>
			<script type="Cyrs" draft="unconfirmed">cirílico (eslavónico sacro antigo)</script>
			<script type="Cyrs" alt="proposed-x1001" draft="unconfirmed">cirílico eslavo eclesiástico</script>
			<script type="Cyrs" alt="proposed-x1002" draft="unconfirmed">cirílico (sacro-eslavo antigo)</script>
			<script type="Cyrs" alt="proposed-x1003" draft="unconfirmed">Cirílico (Eslavónico Sacro Antigo)</script>
			<script type="Cyrs" alt="proposed-x1004" draft="unconfirmed">cirílico sacro-eslavo antigo</script>
			<script type="Egyd" draft="contributed">egípcio demótico</script>
			<script type="Egyd" alt="proposed-x1001" draft="unconfirmed">demótico egípcio</script>
			<script type="Egyd" alt="proposed-x1002" draft="unconfirmed">Demótico egípcio</script>
			<script type="Egyh" draft="contributed">egípcio hierático</script>
			<script type="Egyh" alt="proposed-x1001" draft="unconfirmed">Hierático egípcio</script>
			<script type="Egyh" alt="proposed-x1002" draft="unconfirmed">hierático egípcio</script>
			<script type="Egyp" alt="proposed-x1001" draft="unconfirmed">Hieroglifos egípcios</script>
			<script type="Geok" draft="provisional">georgiano khutsuri</script>
			<script type="Geok" alt="proposed-x1001" draft="unconfirmed">Khutsuri (Asomtavruli e Nuskhuri)</script>
			<script type="Geok" alt="proposed-x1002" draft="unconfirmed">khutsuri georgiano</script>
			<script type="Glag" alt="proposed-x1001" draft="unconfirmed">Glagolítico</script>
			<script type="Hmng" alt="proposed-x1001" draft="unconfirmed">Pahawh Hmong</script>
			<script type="Hrkt" alt="proposed-x1001" draft="unconfirmed">Katakana ou Hiragana</script>
			<script type="Hung" alt="proposed-x1001" draft="unconfirmed">Húngaro antigo</script>
			<script type="Inds">indus</script>
			<script type="Inds" alt="proposed-x1001" draft="unconfirmed">Indi (Harapan)</script>
			<script type="Java" alt="proposed-x1001" draft="unconfirmed">Javanês</script>
			<script type="Latf" draft="unconfirmed">latim (fraktur)</script>
			<script type="Latf" alt="proposed-x1001" draft="unconfirmed">Latim (Fraktur)</script>
			<script type="Latf" alt="proposed-x1002" draft="unconfirmed">latim fraktur</script>
			<script type="Latf" alt="proposed-x1003" draft="unconfirmed">latim gótico</script>
			<script type="Latf" alt="proposed-x1004" draft="unconfirmed">latim (gótico)</script>
			<script type="Latg" alt="proposed-x1001" draft="unconfirmed">Latim (Gaélico)</script>
			<script type="Latg" alt="proposed-x1002" draft="unconfirmed">latim (gaélico)</script>
			<script type="Lepc" alt="proposed-x1001" draft="unconfirmed">Lepcha (Róng)</script>
			<script type="Lina" alt="proposed-x1001" draft="unconfirmed">Linear A</script>
			<script type="Linb">linear B</script>
			<script type="Linb" alt="proposed-x1001" draft="unconfirmed">Linear B</script>
			<script type="Mand" draft="unconfirmed">mandaeano</script>
			<script type="Mand" alt="proposed-x1001" draft="unconfirmed">mandaiano</script>
			<script type="Mand" alt="proposed-x1002" draft="unconfirmed">mandaico</script>
			<script type="Maya" alt="proposed-x1001" draft="unconfirmed">Hieroglifos maias</script>
			<script type="Mero" alt="proposed-x1001" draft="unconfirmed">meroitic</script>
			<script type="Mlym" draft="unconfirmed">malaialam</script>
			<script type="Mlym" alt="proposed-x1001" draft="unconfirmed">malaiala</script>
			<script type="Mlym" alt="proposed-x1002" draft="unconfirmed">malaialame</script>
			<script type="Mlym" alt="proposed-x1003" draft="unconfirmed">Malaialam</script>
			<script type="Nkoo" draft="provisional">n’ko</script>
			<script type="Nkoo" alt="proposed-x1001" draft="unconfirmed">n'ko</script>
			<script type="Plrd" draft="provisional">Pollard fonético</script>
			<script type="Sgnw" draft="unconfirmed">escrita gestual</script>
			<script type="Sgnw" alt="proposed-x1001" draft="unconfirmed">signwriting</script>
			<script type="Sgnw" alt="proposed-x1002" draft="unconfirmed">escrita visual</script>
			<script type="Sylo">siloti nagri</script>
			<script type="Sylo" alt="proposed-x1001" draft="unconfirmed">Siloti Nagri</script>
			<script type="Tale">tai le</script>
			<script type="Talu" draft="provisional">tai lue moderno</script>
			<script type="Talu" alt="proposed-x1001" draft="unconfirmed">novo tai lue</script>
			<script type="Taml">tamil</script>
			<script type="Taml" alt="proposed-x1001" draft="unconfirmed">tâmil</script>
			<script type="Telu">telugu</script>
			<script type="Teng" alt="proposed-x1001" draft="unconfirmed">tenguar</script>
			<script type="Visp" draft="unconfirmed">fala visível</script>
			<script type="Visp" alt="proposed-x1001" draft="unconfirmed">fala visual</script>
			<script type="Visp" alt="proposed-x1002" draft="unconfirmed">visible speech</script>
			<script type="Xsux">cuneiforme sumero-acadiano</script>
			<script type="Zxxx">não escrito</script>
			<script type="Zzzz">inválido ou desconhecido</script>
		</scripts>
		<territories>
			<territory type="009" alt="proposed-x1001" draft="unconfirmed">Oceânia</territory>
			<territory type="015" alt="proposed-x1001" draft="unconfirmed">Norte de África</territory>
			<territory type="017" alt="proposed-x1002" draft="unconfirmed">África Interior</territory>
			<territory type="018" draft="unconfirmed">África Meridional</territory>
			<territory type="018" alt="proposed-x1001" draft="unconfirmed">Sul de África</territory>
			<territory type="018" alt="proposed-x1002" draft="unconfirmed">África Austral</territory>
			<territory type="021" alt="proposed-x1001" draft="unconfirmed">América do Sul</territory>
			<territory type="021" alt="proposed-x1002" draft="unconfirmed">América do Norte</territory>
			<territory type="035">Sudeste Asiático</territory>
			<territory type="057" draft="unconfirmed">Micronésia</territory>
			<territory type="057" alt="proposed-x1001" draft="unconfirmed">Região da Micronésia</territory>
			<territory type="057" alt="proposed-x1002" draft="unconfirmed">Região Micronésia</territory>
			<territory type="062" draft="unconfirmed">Ásia Sul-Central</territory>
			<territory type="062" alt="proposed-x1001" draft="unconfirmed">Ásia Central e do Sul</territory>
			<territory type="062" alt="proposed-x1002" draft="unconfirmed">Centro-Sul Asiático</territory>
			<territory type="151" alt="proposed-x1001" draft="unconfirmed">Leste Europeu</territory>
			<territory type="151" alt="proposed-x1002" draft="unconfirmed">Europa de Leste</territory>
			<territory type="154">Europa do Norte</territory>
			<territory type="154" alt="proposed-x1001" draft="unconfirmed">Norte Europeu</territory>
			<territory type="172" alt="proposed-x1001" draft="unconfirmed">172</territory>
			<territory type="419" alt="proposed-x1001" draft="unconfirmed">América Latina e Caraíbas</territory>
			<territory type="AE">Emiratos Árabes Unidos</territory>
			<territory type="AE" alt="proposed-x1001" draft="unconfirmed">Emirados Árabes Unidos</territory>
			<territory type="AI" draft="provisional">Anguilha</territory>
			<territory type="AI" alt="proposed-x1001" draft="unconfirmed">Anguila</territory>
			<territory type="AI" alt="proposed-x1002" draft="unconfirmed">Anguilla</territory>
			<territory type="AM">Arménia</territory>
			<territory type="AQ">Antárctica</territory>
			<territory type="AQ" alt="proposed-x1001" draft="unconfirmed">Antárctida</territory>
			<territory type="AQ" alt="proposed-x1002" draft="unconfirmed">Antártida</territory>
			<territory type="AX" draft="provisional">Ilhas Alanda</territory>
			<territory type="AX" alt="proposed-x1001" draft="unconfirmed">Ilhas Aland</territory>
			<territory type="AZ">Azerbeijão</territory>
			<territory type="AZ" alt="proposed-x1001" draft="unconfirmed">Azerbaijão</territory>
			<territory type="BD">Bangladeche</territory>
			<territory type="BF" draft="provisional">Burquina Fasso</territory>
			<territory type="BF" alt="proposed-x1001" draft="unconfirmed">Burquina Faso</territory>
			<territory type="BH">Bareine</territory>
			<territory type="BH" alt="proposed-x1001" draft="unconfirmed">Bahrein</territory>
			<territory type="BH" alt="proposed-x1002" draft="unconfirmed">Bahrain</territory>
			<territory type="BH" alt="proposed-x1003" draft="unconfirmed">Barém</territory>
			<territory type="BH" alt="proposed-x1004" draft="unconfirmed">Baraine</territory>
			<territory type="BJ">Benim</territory>
			<territory type="BJ" alt="proposed-x1001" draft="unconfirmed">Benin</territory>
			<territory type="BS" draft="provisional">Baamas</territory>
			<territory type="BS" alt="proposed-x1001" draft="unconfirmed">Bahamas</territory>
			<territory type="BY">Bielorrússia</territory>
			<territory type="CC" draft="contributed">Ilhas Cocos</territory>
			<territory type="CC" alt="proposed-x1001" draft="unconfirmed">Ilhas Cocos (Ilhas Keeling)</territory>
			<territory type="CC" alt="proposed-x1002" draft="unconfirmed">Ilhas Cocos (Keeling)</territory>
			<territory type="CD">República Democrática do Congo</territory>
			<territory type="CG" draft="provisional">Congo-Brazzaville</territory>
			<territory type="CG" alt="proposed-x1001" draft="unconfirmed">Congo</territory>
			<territory type="CX">Ilha do Natal</territory>
			<territory type="CX" alt="proposed-x1001" draft="unconfirmed">Ilhas Natal</territory>
			<territory type="CZ">República Checa</territory>
			<territory type="EE">Estónia</territory>
			<territory type="EG">Egipto</territory>
			<territory type="EH" alt="proposed-x1001" draft="unconfirmed">Sahara Ocidental</territory>
			<territory type="ER">Eritreia</territory>
			<territory type="FK" alt="proposed-x1001" draft="unconfirmed">Ilhas Falkland</territory>
			<territory type="FK" alt="proposed-x1002" draft="unconfirmed">Ilhas Falkland ou Malvinas</territory>
			<territory type="FM">Estados Federados da Micronésia</territory>
			<territory type="FO" draft="provisional">Ilhas Faroé</territory>
			<territory type="FO" alt="proposed-x1001" draft="unconfirmed">Ilhas Faroe</territory>
			<territory type="GL">Gronelândia</territory>
			<territory type="GS" alt="proposed-x1001" draft="unconfirmed">Ilhas South Georgia e South Sandwich</territory>
			<territory type="GU" draft="provisional">Guão</territory>
			<territory type="GU" alt="proposed-x1001" draft="unconfirmed">Guam</territory>
			<territory type="GW">Guiné-Bissau</territory>
			<territory type="HK">Hong Kong - Região Administrativa Especial da China</territory>
			<territory type="HK" alt="proposed-x1001" draft="unconfirmed">Hong Kong, Região Admin. Especial da China</territory>
			<territory type="HK" alt="proposed-x1002" draft="unconfirmed">Região Administrativa Especial de Hong Kong da República Popular da China</territory>
			<territory type="IR">Irão</territory>
			<territory type="JE" alt="proposed-x1001" draft="unconfirmed">Jérsia</territory>
			<territory type="KE">Quénia</territory>
			<territory type="KG">Quirguizistão</territory>
			<territory type="KG" alt="proposed-x1001" draft="unconfirmed">Quirguistão</territory>
			<territory type="KG" alt="proposed-x1002" draft="unconfirmed">Quirguízia</territory>
			<territory type="KN">Saint Kitts e Nevis</territory>
			<territory type="KN" alt="proposed-x1001" draft="unconfirmed">São Cristovão e Névis</territory>
			<territory type="KN" alt="proposed-x1002" draft="unconfirmed">São Cristóvão e Neves</territory>
			<territory type="KN" alt="proposed-x1003" draft="unconfirmed">São Cristovão e Nevis</territory>
			<territory type="KP">Coreia do Norte</territory>
			<territory type="KR">Coreia do Sul</territory>
			<territory type="KW" draft="provisional">Cuaite</territory>
			<territory type="KW" alt="proposed-x1001" draft="unconfirmed">Kuwait</territory>
			<territory type="KY">Ilhas Caimão</territory>
			<territory type="KY" alt="proposed-x1001" draft="unconfirmed">Ilhas Caiman</territory>
			<territory type="KZ">Cazaquistão</territory>
			<territory type="LA">Lao, República Popular Democrática</territory>
			<territory type="LA" alt="proposed-x1001" draft="unconfirmed">Laos, República Popular Democrática do</territory>
			<territory type="LA" alt="proposed-x1002" draft="unconfirmed">República Democrática Popular de Lao</territory>
			<territory type="LA" alt="proposed-x1003" draft="unconfirmed">Laos</territory>
			<territory type="LV">Letónia</territory>
			<territory type="MC">Mónaco</territory>
			<territory type="MD">Moldávia, República da</territory>
			<territory type="MD" alt="proposed-x1001" draft="unconfirmed">Moldávia</territory>
			<territory type="MD" alt="proposed-x1002" draft="unconfirmed">República da Moldávia</territory>
			<territory type="MG">Madagáscar</territory>
			<territory type="MH" draft="provisional">Ilhas Marechal</territory>
			<territory type="MH" alt="proposed-x1001" draft="unconfirmed">Ilhas Marshall</territory>
			<territory type="MK">Macedónia, República da</territory>
			<territory type="MK" alt="proposed-x1001" draft="unconfirmed">República da Macedónia</territory>
			<territory type="MK" alt="proposed-x1002" draft="unconfirmed">Macedónia</territory>
			<territory type="MO">Macau - Região Administrativa Especial da China</territory>
			<territory type="MO" alt="proposed-x1001" draft="unconfirmed">Região Administrativa Especial de Macau da República Popular da China</territory>
			<territory type="MO" alt="proposed-x1002" draft="unconfirmed">Macau, Região Admin. Especial da China</territory>
			<territory type="MP">Ilhas Mariana do Norte</territory>
			<territory type="MP" alt="proposed-x1001" draft="unconfirmed">Ilhas Marianas do Norte</territory>
			<territory type="MS" draft="provisional">Monserrate</territory>
			<territory type="MS" alt="proposed-x1001" draft="unconfirmed">Montserrat</territory>
			<territory type="MU">Maurícias</territory>
			<territory type="MW" draft="provisional">Malaui</territory>
			<territory type="MW" alt="proposed-x1001" draft="unconfirmed">Malawi</territory>
			<territory type="NC">Nova Caledónia</territory>
			<territory type="NF" draft="provisional">Ilha Norfolque</territory>
			<territory type="NF" alt="proposed-x1001" draft="unconfirmed">Ilha Norfolk</territory>
			<territory type="NL">Países Baixos</territory>
			<territory type="NL" alt="proposed-x1001" draft="unconfirmed">Holanda</territory>
			<territory type="PG">Papua Nova Guiné</territory>
			<territory type="PG" alt="proposed-x1001" draft="unconfirmed">Papua-Nova-Guiné</territory>
			<territory type="PL">Polónia</territory>
			<territory type="PS">Território Palestiniano</territory>
			<territory type="QO" draft="unconfirmed">Oceania Insular</territory>
			<territory type="QO" alt="proposed-x1001" draft="unconfirmed">Outlying Oceania</territory>
			<territory type="QO" alt="proposed-x1002" draft="unconfirmed">Oceânia Insular</territory>
			<territory type="QU">União Europeia</territory>
			<territory type="RE" alt="proposed-x1001" draft="unconfirmed">Reunion</territory>
			<territory type="RO">Roménia</territory>
			<territory type="SC">Seicheles</territory>
			<territory type="SC" alt="proposed-x1001" draft="unconfirmed">Seychelles</territory>
			<territory type="SG">Singapura</territory>
			<territory type="SI">Eslovénia</territory>
			<territory type="SJ" draft="provisional">Esvalbarda e Jan Mayen</territory>
			<territory type="SJ" alt="proposed-x1001" draft="unconfirmed">Svalbard e Jan Mayen</territory>
			<territory type="SM">São Marino</territory>
			<territory type="SM" alt="proposed-x1001" draft="unconfirmed">San Marino</territory>
			<territory type="SM" alt="proposed-x1002" draft="unconfirmed">São Marinho</territory>
			<territory type="TC">Ilhas Turcas e Caicos</territory>
			<territory type="TC" alt="proposed-x1001" draft="unconfirmed">Ilhas Turks e Caicos</territory>
			<territory type="TD" alt="proposed-x1001" draft="unconfirmed">Tchade</territory>
			<territory type="TF" alt="proposed-x1001" draft="unconfirmed">Territórios Franceses a Sul</territory>
			<territory type="TJ">Tajiquistão</territory>
			<territory type="TK" draft="provisional">Toquelau</territory>
			<territory type="TK" alt="proposed-x1001" draft="unconfirmed">Tokelau</territory>
			<territory type="TM">Turquemenistão</territory>
			<territory type="TM" alt="proposed-x1001" draft="unconfirmed">Turcomenistão</territory>
			<territory type="TT" draft="provisional">Trindade e Tobago</territory>
			<territory type="TT" alt="proposed-x1001" draft="unconfirmed">Trinidad e Tobago</territory>
			<territory type="UM">Ilhas Minor Outlying (E.U.A)</territory>
			<territory type="UM" alt="proposed-x1001" draft="unconfirmed">Ilhas Menores Remotas dos Estados Unidos</territory>
			<territory type="UM" alt="proposed-x1002" draft="unconfirmed">Ilhas Menores Distantes dos Estados Unidos</territory>
			<territory type="UZ" alt="proposed-x1001" draft="unconfirmed">Uzbaquistão</territory>
			<territory type="UZ" alt="proposed-x1002" draft="unconfirmed">Usbequistão</territory>
			<territory type="VA" alt="proposed-x1001" draft="unconfirmed">Santa Sé (Estado da Cidade do Vaticano)</territory>
			<territory type="VC" alt="proposed-x1001" draft="unconfirmed">Saint Vincent e Grenadines</territory>
			<territory type="VC" alt="proposed-x1002" draft="unconfirmed">São Vicente e Grenadinas</territory>
			<territory type="VG" alt="proposed-x1001" draft="unconfirmed">Ilhas Virgin Britânicas</territory>
			<territory type="VI">Ilhas Virgin E.U.A.</territory>
			<territory type="VI" alt="proposed-x1001" draft="unconfirmed">Ilhas Virgens Americanas</territory>
			<territory type="VI" alt="proposed-x1002" draft="unconfirmed">Ilhas Virgens dos Estados Unidos da América</territory>
			<territory type="VI" alt="proposed-x1003" draft="unconfirmed">Ilhas Virgens dos EUA</territory>
			<territory type="VN">Vietname</territory>
			<territory type="YE">Iémen</territory>
			<territory type="YT" draft="provisional">Maiote</territory>
			<territory type="YT" alt="proposed-x1001" draft="unconfirmed">Mayotte</territory>
			<territory type="ZW" draft="unconfirmed">Zimbabué</territory>
			<territory type="ZW" alt="proposed-x1001" draft="unconfirmed">Zimbábue</territory>
			<territory type="ZW" alt="proposed-x1002" draft="unconfirmed">Zimbabwe</territory>
		</territories>
		<variants>
			<variant type="1901" draft="provisional">Alemão Tradicional</variant>
			<variant type="1996" draft="provisional">Alemão Moderno</variant>
			<variant type="AREVELA" draft="provisional">Arménio Oriental</variant>
			<variant type="AREVMDA" draft="provisional">Arménio Ocidental</variant>
			<variant type="BOONT" draft="provisional">Buntlingue</variant>
			<variant type="FONIPA" draft="provisional">Alfabeto Fonético Internacional</variant>
			<variant type="FONUPA" draft="provisional">Alfabeto Fonético Urálico</variant>
			<variant type="MONOTON" draft="provisional">Monotónico</variant>
			<variant type="NEDIS" draft="provisional">Dialecto Natisone</variant>
			<variant type="POLYTON" draft="provisional">Politónico</variant>
			<variant type="POSIX" draft="provisional">Computador</variant>
			<variant type="REVISED" draft="provisional">Revisão Ortográfica</variant>
			<variant type="ROZAJ" draft="provisional">Resiano</variant>
			<variant type="SAAHO" draft="provisional">Saho</variant>
			<variant type="SCOUSE" draft="provisional">Scouse</variant>
		</variants>
		<keys>
			<key type="collation" alt="proposed-x1001" draft="unconfirmed">Ordem</key>
		</keys>
		<types>
			<type type="big5han" key="collation" draft="unconfirmed">Ordem de Chinês Tradicional - Big5</type>
			<type type="big5han" key="collation" alt="proposed-x1001" draft="unconfirmed">Ordem do Chinês Tradicional</type>
			<type type="big5han" key="collation" alt="proposed-x1002" draft="unconfirmed">Ordem do Chinês Tradicional - Big5</type>
			<type type="direct" key="collation">Ordem Directa</type>
			<type type="gb2312han" key="collation" draft="unconfirmed">Ordem de Chinês Simplificado - GB2312</type>
			<type type="gb2312han" key="collation" alt="proposed-x1001" draft="unconfirmed">Ordem do Chinês Simplificado - GB2312</type>
			<type type="gb2312han" key="collation" alt="proposed-x1002" draft="unconfirmed">Ordem do Chinês Simplificado</type>
			<type type="phonebook" key="collation">Ordem da Lista Telefónica</type>
		</types>
		<measurementSystemNames>
			<measurementSystemName type="US" alt="proposed-x1001" draft="unconfirmed">EUA</measurementSystemName>
			<measurementSystemName type="metric">Métrico</measurementSystemName>
			<measurementSystemName type="metric" alt="proposed-x1001" draft="unconfirmed">métrico</measurementSystemName>
		</measurementSystemNames>
	</localeDisplayNames>
	<characters>
		<exemplarCharacters type="auxiliary" draft="provisional">[á à ă â å ä ā æ ç é è ĕ ê ë ē í ì ĭ î ï ī ñ ó ò ŏ ô ö ø ō œ ß ú ù ŭ û ü ū ÿ]</exemplarCharacters>
	</characters>
	<delimiters>
		<quotationStart>‘</quotationStart>
		<quotationStart alt="proposed-x1001" draft="unconfirmed">«</quotationStart>
		<quotationStart alt="proposed-x1002" draft="unconfirmed">”</quotationStart>
		<quotationEnd>’</quotationEnd>
		<quotationEnd alt="proposed-x1001" draft="unconfirmed">“</quotationEnd>
		<quotationEnd alt="proposed-x1002" draft="unconfirmed">»</quotationEnd>
		<alternateQuotationStart>“</alternateQuotationStart>
		<alternateQuotationStart alt="proposed-x1002" draft="unconfirmed">‘</alternateQuotationStart>
		<alternateQuotationEnd>”</alternateQuotationEnd>
		<alternateQuotationEnd alt="proposed-x1001" draft="unconfirmed">’</alternateQuotationEnd>
		<alternateQuotationEnd alt="proposed-x1002" draft="unconfirmed">&quot;</alternateQuotationEnd>
	</delimiters>
	<dates>
		<calendars>
			<calendar type="buddhist">
				<dateFormats>
					<dateFormatLength type="full">
						<dateFormat>
							<pattern>EEEE, MMMM d, yyyy G</pattern>
						</dateFormat>
					</dateFormatLength>
					<dateFormatLength type="long">
						<dateFormat>
							<pattern>MMMM d, yyyy G</pattern>
							<pattern alt="proposed-x1001" draft="unconfirmed">d de MMMM de yyyy G</pattern>
						</dateFormat>
					</dateFormatLength>
					<dateFormatLength type="medium">
						<dateFormat>
							<pattern>MMM d, yyyy G</pattern>
							<pattern alt="proposed-x1001" draft="unconfirmed">d de MMMM de yyyy G</pattern>
						</dateFormat>
					</dateFormatLength>
					<dateFormatLength type="short">
						<dateFormat>
							<pattern>M/d/yyyy</pattern>
							<pattern alt="proposed-x1001" draft="unconfirmed">d/M/yyyy</pattern>
						</dateFormat>
					</dateFormatLength>
				</dateFormats>
				<dateTimeFormats>
					<availableFormats>
						<dateFormatItem id="MMMMd" draft="provisional">d de MMMM</dateFormatItem>
						<dateFormatItem id="Md" draft="provisional">d-M</dateFormatItem>
						<dateFormatItem id="yyMM" draft="provisional">MM-yy</dateFormatItem>
					</availableFormats>
				</dateTimeFormats>
			</calendar>
			<calendar type="gregorian">
				<months>
					<monthContext type="format">
						<monthWidth type="abbreviated">
							<month type="1">Jan</month>
							<month type="1" alt="proposed-x1001" draft="unconfirmed">jan</month>
							<month type="2">Fev</month>
							<month type="2" alt="proposed-x1001" draft="unconfirmed">fev</month>
							<month type="3">Mar</month>
							<month type="3" alt="proposed-x1001" draft="unconfirmed">mar</month>
							<month type="4">Abr</month>
							<month type="4" alt="proposed-x1001" draft="unconfirmed">abr</month>
							<month type="5">Mai</month>
							<month type="5" alt="proposed-x1001" draft="unconfirmed">mai</month>
							<month type="6">Jun</month>
							<month type="6" alt="proposed-x1001" draft="unconfirmed">jun</month>
							<month type="7">Jul</month>
							<month type="7" alt="proposed-x1001" draft="unconfirmed">jul</month>
							<month type="8">Ago</month>
							<month type="8" alt="proposed-x1001" draft="unconfirmed">ago</month>
							<month type="9">Set</month>
							<month type="9" alt="proposed-x1001" draft="unconfirmed">set</month>
							<month type="10">Out</month>
							<month type="10" alt="proposed-x1001" draft="unconfirmed">out</month>
							<month type="11">Nov</month>
							<month type="11" alt="proposed-x1001" draft="unconfirmed">nov</month>
							<month type="12">Dez</month>
							<month type="12" alt="proposed-x1001" draft="unconfirmed">dez</month>
						</monthWidth>
						<monthWidth type="wide">
							<month type="1">Janeiro</month>
							<month type="1" alt="proposed-x1001" draft="unconfirmed">janeiro</month>
							<month type="2">Fevereiro</month>
							<month type="2" alt="proposed-x1001" draft="unconfirmed">fevereiro</month>
							<month type="3">Março</month>
							<month type="3" alt="proposed-x1001" draft="unconfirmed">março</month>
							<month type="4">Abril</month>
							<month type="4" alt="proposed-x1001" draft="unconfirmed">abril</month>
							<month type="5">Maio</month>
							<month type="5" alt="proposed-x1001" draft="unconfirmed">maio</month>
							<month type="6">Junho</month>
							<month type="6" alt="proposed-x1001" draft="unconfirmed">junho</month>
							<month type="7">Julho</month>
							<month type="7" alt="proposed-x1001" draft="unconfirmed">julho</month>
							<month type="8">Agosto</month>
							<month type="8" alt="proposed-x1001" draft="unconfirmed">agosto</month>
							<month type="9">Setembro</month>
							<month type="9" alt="proposed-x1001" draft="unconfirmed">setembro</month>
							<month type="10">Outubro</month>
							<month type="10" alt="proposed-x1001" draft="unconfirmed">outubro</month>
							<month type="11">Novembro</month>
							<month type="11" alt="proposed-x1001" draft="unconfirmed">novembro</month>
							<month type="12">Dezembro</month>
							<month type="12" alt="proposed-x1001" draft="unconfirmed">dezembro</month>
						</monthWidth>
					</monthContext>
					<monthContext type="stand-alone">
						<monthWidth type="abbreviated">
							<month type="1">Jan</month>
							<month type="1" alt="proposed-x1001" draft="unconfirmed">jan</month>
							<month type="2">Fev</month>
							<month type="2" alt="proposed-x1001" draft="unconfirmed">fev</month>
							<month type="3">Mar</month>
							<month type="3" alt="proposed-x1001" draft="unconfirmed">mar</month>
							<month type="4">Abr</month>
							<month type="4" alt="proposed-x1001" draft="unconfirmed">abr</month>
							<month type="5">Mai</month>
							<month type="5" alt="proposed-x1001" draft="unconfirmed">mai</month>
							<month type="6">Jun</month>
							<month type="6" alt="proposed-x1001" draft="unconfirmed">jun</month>
							<month type="7">Jul</month>
							<month type="7" alt="proposed-x1001" draft="unconfirmed">jul</month>
							<month type="8">Ago</month>
							<month type="8" alt="proposed-x1001" draft="unconfirmed">ago</month>
							<month type="9">Set</month>
							<month type="9" alt="proposed-x1001" draft="unconfirmed">set</month>
							<month type="10">Out</month>
							<month type="10" alt="proposed-x1001" draft="unconfirmed">out</month>
							<month type="11">Nov</month>
							<month type="11" alt="proposed-x1001" draft="unconfirmed">nov</month>
							<month type="12">Dez</month>
							<month type="12" alt="proposed-x1001" draft="unconfirmed">dez</month>
						</monthWidth>
						<monthWidth type="wide">
							<month type="1">Janeiro</month>
							<month type="1" alt="proposed-x1001" draft="unconfirmed">janeiro</month>
							<month type="2">Fevereiro</month>
							<month type="2" alt="proposed-x1001" draft="unconfirmed">fevereiro</month>
							<month type="3">Março</month>
							<month type="3" alt="proposed-x1001" draft="unconfirmed">março</month>
							<month type="4">Abril</month>
							<month type="4" alt="proposed-x1001" draft="unconfirmed">abril</month>
							<month type="5">Maio</month>
							<month type="5" alt="proposed-x1001" draft="unconfirmed">maio</month>
							<month type="6">Junho</month>
							<month type="6" alt="proposed-x1001" draft="unconfirmed">junho</month>
							<month type="7">Julho</month>
							<month type="7" alt="proposed-x1001" draft="unconfirmed">julho</month>
							<month type="8">Agosto</month>
							<month type="8" alt="proposed-x1001" draft="unconfirmed">agosto</month>
							<month type="9">Setembro</month>
							<month type="9" alt="proposed-x1001" draft="unconfirmed">setembro</month>
							<month type="10">Outubro</month>
							<month type="10" alt="proposed-x1001" draft="unconfirmed">outubro</month>
							<month type="11">Novembro</month>
							<month type="11" alt="proposed-x1001" draft="unconfirmed">novembro</month>
							<month type="12">Dezembro</month>
							<month type="12" alt="proposed-x1001" draft="unconfirmed">dezembro</month>
						</monthWidth>
					</monthContext>
				</months>
				<days>
					<dayContext type="format">
						<dayWidth type="abbreviated">
							<day type="sun" alt="proposed-x1001" draft="unconfirmed">Dom</day>
							<day type="mon" alt="proposed-x1001" draft="unconfirmed">Seg</day>
						</dayWidth>
						<dayWidth type="wide">
							<day type="sun" alt="proposed-x1001" draft="unconfirmed">Domingo</day>
						</dayWidth>
					</dayContext>
					<dayContext type="stand-alone">
						<dayWidth type="abbreviated">
							<day type="sun" alt="proposed-x1001" draft="unconfirmed">Dom</day>
						</dayWidth>
						<dayWidth type="wide">
							<day type="sun" alt="proposed-x1001" draft="unconfirmed">Domingo</day>
						</dayWidth>
					</dayContext>
				</days>
				<quarters>
					<quarterContext type="format">
						<quarterWidth type="wide">
							<quarter type="1" draft="contributed">1.º trimestre</quarter>
							<quarter type="1" alt="proposed-x1001" draft="unconfirmed">1º trimestre</quarter>
							<quarter type="2" draft="contributed">2.º trimestre</quarter>
							<quarter type="2" alt="proposed-x1001" draft="unconfirmed">2º trimestre</quarter>
							<quarter type="3" draft="contributed">3.º trimestre</quarter>
							<quarter type="3" alt="proposed-x1001" draft="unconfirmed">3º trimestre</quarter>
							<quarter type="4" draft="contributed">4.º trimestre</quarter>
							<quarter type="4" alt="proposed-x1001" draft="unconfirmed">4º trimestre</quarter>
						</quarterWidth>
					</quarterContext>
					<quarterContext type="stand-alone">
						<quarterWidth type="wide">
							<quarter type="1" draft="contributed">1.º trimestre</quarter>
							<quarter type="1" alt="proposed-x1001" draft="unconfirmed">1º trimestre</quarter>
							<quarter type="2" draft="contributed">2.º trimestre</quarter>
							<quarter type="2" alt="proposed-x1001" draft="unconfirmed">2º trimestre</quarter>
							<quarter type="3" draft="contributed">3.º trimestre</quarter>
							<quarter type="3" alt="proposed-x1001" draft="unconfirmed">3º trimestre</quarter>
							<quarter type="4" draft="contributed">4.º trimestre</quarter>
							<quarter type="4" alt="proposed-x1001" draft="unconfirmed">4º trimestre</quarter>
						</quarterWidth>
					</quarterContext>
				</quarters>
				<am>Antes do meio-dia</am>
				<am alt="proposed-x1001" draft="unconfirmed">AM</am>
				<pm>Depois do meio-dia</pm>
				<pm alt="proposed-x1001" draft="unconfirmed">PM</pm>
				<eras>
					<eraNames>
						<era type="0">a.C.</era>
						<era type="0" alt="proposed-x1001" draft="unconfirmed">Antes de Cristo</era>
						<era type="1">d.C.</era>
						<era type="1" alt="proposed-x1001" draft="unconfirmed">Ano do Senhor</era>
					</eraNames>
				</eras>
				<dateFormats>
					<dateFormatLength type="medium">
						<dateFormat>
							<pattern>yyyy/MM/dd</pattern>
							<pattern alt="proposed-x1001" draft="unconfirmed">dd/MM/yyyy</pattern>
							<pattern alt="proposed-x1002" draft="unconfirmed">dd MMM yyyy</pattern>
						</dateFormat>
					</dateFormatLength>
					<dateFormatLength type="short">
						<dateFormat>
							<pattern>yy/MM/dd</pattern>
							<pattern alt="proposed-x1001" draft="unconfirmed">dd-MM-yy</pattern>
							<pattern alt="proposed-x1002" draft="unconfirmed">dd/MM/yy</pattern>
						</dateFormat>
					</dateFormatLength>
				</dateFormats>
				<timeFormats>
					<timeFormatLength type="full">
						<timeFormat>
							<pattern>HH'H'mm'm'ss's' v</pattern>
						</timeFormat>
					</timeFormatLength>
				</timeFormats>
				<dateTimeFormats>
					<availableFormats>
						<dateFormatItem id="MMMEd">E d MMM</dateFormatItem>
						<dateFormatItem id="MMMEd" alt="proposed-x1001" draft="unconfirmed">E MMM d</dateFormatItem>
						<dateFormatItem id="Md" draft="contributed">d-M</dateFormatItem>
						<dateFormatItem id="Md" alt="proposed-x1001" draft="unconfirmed">d/M</dateFormatItem>
						<dateFormatItem id="yyMM" draft="contributed">MM-yy</dateFormatItem>
						<dateFormatItem id="yyMM" alt="proposed-x1001" draft="unconfirmed">MM/yy</dateFormatItem>
						<dateFormatItem id="yyyyMM" draft="unconfirmed">yyyy/MM</dateFormatItem>
						<dateFormatItem id="yyyyMM" alt="proposed-x1001" draft="unconfirmed">MM-yyyy</dateFormatItem>
						<dateFormatItem id="yyyyMMM" draft="provisional">MMM yyyy</dateFormatItem>
						<dateFormatItem id="yyyyMMM" alt="proposed-x1001" draft="unconfirmed">MMM/yyyy</dateFormatItem>
					</availableFormats>
				</dateTimeFormats>
				<fields>
					<field type="day">
						<relative type="3">Em três dias</relative>
						<relative type="-2">Anteontem</relative>
						<relative type="-2" alt="proposed-x1001" draft="unconfirmed">Antes de ontem</relative>
						<relative type="-3">Trás-anteontem</relative>
					</field>
					<field type="second">
						<displayName alt="proposed-x1001" draft="unconfirmed">Second</displayName>
					</field>
					<field type="zone">
						<displayName alt="proposed-x1001" draft="unconfirmed">Zona</displayName>
					</field>
				</fields>
			</calendar>
			<calendar type="japanese">
				<dateFormats>
					<dateFormatLength type="full">
						<dateFormat>
							<pattern>EEEE, MMMM d, y G</pattern>
						</dateFormat>
					</dateFormatLength>
					<dateFormatLength type="long">
						<dateFormat>
							<pattern>MMMM d, y G</pattern>
						</dateFormat>
					</dateFormatLength>
					<dateFormatLength type="medium">
						<dateFormat>
							<pattern>MMM d, y G</pattern>
						</dateFormat>
					</dateFormatLength>
					<dateFormatLength type="short">
						<dateFormat>
							<pattern>M/d/yy</pattern>
						</dateFormat>
					</dateFormatLength>
				</dateFormats>
			</calendar>
		</calendars>
		<timeZoneNames>
			<zone type="America/Argentina/Tucuman">
				<exemplarCity>Tucumán</exemplarCity>
			</zone>
			<zone type="America/Cuiaba">
				<exemplarCity>Cuibá</exemplarCity>
				<exemplarCity alt="proposed-x1001" draft="unconfirmed">Cuiabá</exemplarCity>
			</zone>
			<zone type="America/Araguaina">
				<exemplarCity>Araguaina</exemplarCity>
				<exemplarCity alt="proposed-x1001" draft="unconfirmed">Araguaína</exemplarCity>
			</zone>
			<zone type="America/Bahia">
				<exemplarCity>Baía</exemplarCity>
			</zone>
			<zone type="America/St_Johns">
				<exemplarCity draft="provisional">St.John's</exemplarCity>
			</zone>
			<zone type="Pacific/Easter">
				<exemplarCity draft="provisional">Páscoa</exemplarCity>
			</zone>
			<zone type="Europe/Madrid">
				<exemplarCity>Madrid</exemplarCity>
			</zone>
			<zone type="Africa/Casablanca">
				<exemplarCity draft="provisional">Marrocos</exemplarCity>
			</zone>
			<zone type="Asia/Ulaanbaatar">
				<exemplarCity>Ulan Bator</exemplarCity>
				<exemplarCity alt="proposed-x1001" draft="unconfirmed">Ulaanbaatar</exemplarCity>
			</zone>
			<zone type="America/Cancun">
				<exemplarCity>Cancun</exemplarCity>
				<exemplarCity alt="proposed-x1001" draft="unconfirmed">Cancún</exemplarCity>
			</zone>
			<!-- Russia -->
			<zone type="Europe/Kaliningrad">
				<exemplarCity>Kaliningrado</exemplarCity>
			</zone>
			<zone type="Europe/Moscow">
				<exemplarCity>Moscovo</exemplarCity>
			</zone>
			<zone type="Asia/Sakhalin">
				<exemplarCity>Sacalina</exemplarCity>
				<exemplarCity alt="proposed-x1001" draft="unconfirmed">Sakhalin</exemplarCity>
			</zone>
			<zone type="America/North_Dakota/Center">
				<exemplarCity>Center</exemplarCity>
				<exemplarCity alt="proposed-x1001" draft="unconfirmed">Central</exemplarCity>
			</zone>
			<zone type="America/Indiana/Petersburg">
				<exemplarCity draft="provisional">Petersburgo</exemplarCity>
			</zone>
			<metazone type="Acre">
				<commonlyUsed>false</commonlyUsed>
			</metazone>
			<metazone type="Amazon">
				<commonlyUsed>false</commonlyUsed>
			</metazone>
			<metazone type="Brasilia">
				<commonlyUsed>false</commonlyUsed>
			</metazone>
			<metazone type="Europe_Central">
				<long>
					<standard>Horário Padrão da Europa Central</standard>
				</long>
			</metazone>
			<metazone type="Newfoundland">
				<long>
					<standard>Horário Padrão da Terra Nova</standard>
					<daylight>Horário de Verão da Terra Nova</daylight>
				</long>
			</metazone>
		</timeZoneNames>
	</dates>
	<numbers>
		<currencyFormats>
			<currencyFormatLength>
				<currencyFormat>
					<pattern>#,##0.00 ¤</pattern>
				</currencyFormat>
			</currencyFormatLength>
		</currencyFormats>
		<currencies>
			<currency type="AED">
				<displayName draft="unconfirmed">Dirham dos Emirados Árabes Unidos</displayName>
			</currency>
			<currency type="AFA">
				<displayName>Afeghani (1927-2002)</displayName>
			</currency>
			<currency type="AFN">
				<displayName draft="unconfirmed">Afeghani</displayName>
			</currency>
			<currency type="ANG">
				<displayName draft="unconfirmed">Florim das Antilhas Holandesa</displayName>
			</currency>
			<currency type="AOA">
				<displayName draft="unconfirmed">Kwanza angolano</displayName>
			</currency>
			<currency type="AOK">
				<displayName draft="unconfirmed">Kwanza angolano (1977-1990)</displayName>
			</currency>
			<currency type="AON">
				<displayName draft="unconfirmed">Kwanza novo angolano (1990-2000)</displayName>
			</currency>
			<currency type="AOR">
				<displayName draft="unconfirmed">Kwanza angolano reajustado (1995-1999)</displayName>
			</currency>
			<currency type="AWG">
				<displayName draft="unconfirmed">Florim de Aruba</displayName>
			</currency>
			<currency type="BAD">
				<displayName>Dinar da Bósnia-Herzegóvina</displayName>
			</currency>
			<currency type="BAM">
				<displayName>Marco bósnio-herzegóvino conversível</displayName>
			</currency>
			<currency type="CYP">
				<displayName>Libra de Chipre</displayName>
			</currency>
			<currency type="CZK">
				<displayName>Coroa da República Checa</displayName>
			</currency>
			<currency type="ECV">
				<displayName>Unidad de Valor Constante (UVC) do Equador</displayName>
			</currency>
			<currency type="FJD">
				<displayName draft="unconfirmed">Dólar das Fiji</displayName>
			</currency>
			<currency type="GHC">
				<displayName draft="unconfirmed">Cedi do Gana</displayName>
			</currency>
			<currency type="GMD">
				<displayName draft="unconfirmed">Dalasi da Gâmbia</displayName>
			</currency>
			<currency type="GNF">
				<displayName draft="unconfirmed">Franco da Guiné</displayName>
			</currency>
			<currency type="GTQ">
				<displayName draft="unconfirmed">Quetzal da Guatemala</displayName>
			</currency>
			<currency type="HNL">
				<displayName draft="unconfirmed">Lempira das Honduras</displayName>
			</currency>
			<currency type="KWD">
				<displayName draft="unconfirmed">Dinar koweitiano</displayName>
			</currency>
			<currency type="KYD">
				<displayName>Dólar das Ilhas Caimão</displayName>
			</currency>
			<currency type="MAD">
				<displayName draft="unconfirmed">Dirham marroquino</displayName>
			</currency>
			<currency type="MKD">
				<displayName draft="unconfirmed">Dinar macedónio</displayName>
			</currency>
			<currency type="MLF">
				<displayName draft="unconfirmed">Franco do Mali</displayName>
			</currency>
			<currency type="MWK">
				<displayName draft="unconfirmed">Kwacha do Malawi</displayName>
			</currency>
			<currency type="MXP">
				<displayName>Peso Plata mexicano (1861-1992)</displayName>
			</currency>
			<currency type="MXV">
				<displayName>Unidad de Inversion (UDI) mexicana</displayName>
			</currency>
			<currency type="NIC">
				<displayName>Córdoba nicaraguano</displayName>
			</currency>
			<currency type="NIO">
				<displayName>Córdoba Ouro nicaraguano</displayName>
			</currency>
			<currency type="PLN">
				<displayName draft="unconfirmed">Zloti polaco</displayName>
			</currency>
			<currency type="PLZ">
				<displayName draft="unconfirmed">Zloti polaco (1950-1995)</displayName>
			</currency>
			<currency type="PTE">
				<pattern>#,##0.00 ¤;-#,##0.00 ¤</pattern>
				<decimal>$</decimal>
				<group>,</group>
			</currency>
			<currency type="QAR">
				<displayName draft="unconfirmed">Rial do Qatar</displayName>
			</currency>
			<currency type="SGD">
				<displayName draft="unconfirmed">Dólar de Singapura</displayName>
			</currency>
			<currency type="TZS">
				<displayName>Xelim de Tanzânia</displayName>
			</currency>
			<currency type="WST">
				<displayName>Tala de Samoa Ocidental</displayName>
			</currency>
			<currency type="XBA">
				<displayName draft="unconfirmed">Unidade Composta Europeia</displayName>
			</currency>
			<currency type="XBB">
				<displayName draft="unconfirmed">Unidade Monetária Europeia</displayName>
			</currency>
			<currency type="XBC">
				<displayName draft="unconfirmed">Unidade de Conta Europeia (XBC)</displayName>
			</currency>
			<currency type="XBD">
				<displayName draft="unconfirmed">Unidade de Conta Europeia (XBD)</displayName>
			</currency>
			<currency type="XEU">
				<displayName draft="unconfirmed">Unidade da Moeda Europeia</displayName>
			</currency>
			<currency type="XXX">
				<displayName draft="provisional">Moeda inválida ou desconhecida</displayName>
			</currency>
			<currency type="YUD">
				<displayName draft="unconfirmed">Dinar forte jugoslavo</displayName>
			</currency>
			<currency type="YUM">
				<displayName draft="unconfirmed">Super Dinar jugoslavo</displayName>
			</currency>
			<currency type="YUN">
				<displayName draft="unconfirmed">Dinar conversível jugoslavo</displayName>
			</currency>
			<currency type="ZMK">
				<displayName draft="unconfirmed">Kwacha da Zâmbia</displayName>
			</currency>
			<currency type="ZWD">
				<displayName draft="unconfirmed">Dólar do Zimbabwe</displayName>
			</currency>
		</currencies>
	</numbers>
	<posix>
		<messages>
			<nostr draft="contributed">não:n</nostr>
		</messages>
	</posix>
</ldml>
<!-- Old Comments. See root.xml for more info.
URL: http://oss.software.ibm.com/cvs/icu/icu/source/data/locales/pt_PT.txt?only_with_tag=final-update-LDML

Only contains differences from pt.
TODO Verify that the commented out translations are correct for pt and pt_PT.
        KP { "Coreia do Norte" }    // alternate name { "Coreia, Rep\u00FAblica Popular Democr\u00E1tica da" }
        KR { "Coreia do Sul" }    // alternate name { "Coreia, Rep\u00FAblica da" }
Fallback to pt
"\u2030",
"\u221E",
"\uFFFD",
}

Comments without bases

 Spain 	 - was on: /ldml/dates/timeZoneNames/zone[@type="Atlantic/Canary"]
 Kiribati 	 - was on: /ldml/dates/timeZoneNames/zone[@type="Pacific/Enderbury"]
 Marshall Islands 	 - was on: /ldml/dates/timeZoneNames/zone[@type="Pacific/Kwajalein"]
 Mali 	 - was on: /ldml/dates/timeZoneNames/zone[@type="Africa/Bamako"]
 Ecuador 	 - was on: /ldml/dates/timeZoneNames/zone[@type="Pacific/Galapagos"]
 Indonesia 	 - was on: /ldml/dates/timeZoneNames/zone[@type="Asia/Jakarta"]
 United States 	 - was on: /ldml/dates/timeZoneNames/zone[@type="America/Adak"]
 Kazakhstan 	 - was on: /ldml/dates/timeZoneNames/zone[@type="Asia/Aqtau"]
 Ukraine 	 - was on: /ldml/dates/timeZoneNames/zone[@type="Europe/Uzhgorod"]
 Portugal 	 - was on: /ldml/dates/timeZoneNames/zone[@type="Atlantic/Azores"]
 Brazil 	 - was on: /ldml/dates/timeZoneNames/zone[@type="America/Eirunepe"]
 Antarctica 	 - was on: /ldml/dates/timeZoneNames/zone[@type="Antarctica/Rothera"]
 Malaysia 	 - was on: /ldml/dates/timeZoneNames/zone[@type="Asia/Kuala_Lumpur"]
 Canada 	 - was on: /ldml/dates/timeZoneNames/zone[@type="America/Dawson"]
 Micronesia 	 - was on: /ldml/dates/timeZoneNames/zone[@type="Pacific/Yap"]
 Argentina 	 - was on: /ldml/dates/timeZoneNames/zone[@type="America/Argentina/Rio_Gallegos"]
 United States Minor Outlying Islands 	 - was on: /ldml/dates/timeZoneNames/zone[@type="Pacific/Midway"]
 Mexico 	 - was on: /ldml/dates/timeZoneNames/zone[@type="America/Tijuana"]
 Democratic Republic of the Congo 	 - was on: /ldml/dates/timeZoneNames/zone[@type="Africa/Kinshasa"]
 United Kingdom 	 - was on: /ldml/dates/timeZoneNames/zone[@type="Europe/Belfast"]
 French Polynesia 	 - was on: /ldml/dates/timeZoneNames/zone[@type="Pacific/Tahiti"]
 Chile 	 - was on: /ldml/dates/timeZoneNames/zone[@type="Pacific/Easter"]
 New Zealand 	 - was on: /ldml/dates/timeZoneNames/zone[@type="Pacific/Chatham"]
 Greenland 	 - was on: /ldml/dates/timeZoneNames/zone[@type="America/Thule"]
 Mongolia 	 - was on: /ldml/dates/timeZoneNames/zone[@type="Asia/Hovd"]
 Uzbekistan 	 - was on: /ldml/dates/timeZoneNames/zone[@type="Asia/Samarkand"]
 Svalbard and Jan Mayen 	 - was on: /ldml/dates/timeZoneNames/zone[@type="Atlantic/Jan_Mayen"]
 Australia 	 - was on: /ldml/dates/timeZoneNames/zone[@type="Australia/Perth"]
 China 	 - was on: /ldml/dates/timeZoneNames/zone[@type="Asia/Kashgar"]
-->

