<?xml version="1.0" encoding="UTF-8" ?>
<!DOCTYPE ldml SYSTEM "http://www.unicode.org/cldr/dtd/1.5/ldml.dtd">
<ldml>
	<identity>
		<version number="$Revision: 1.45 $"/>
		<generation date="$Date: 2007/07/14 23:02:16 $"/>
		<language type="so"/>
		<territory type="DJ"/>
	</identity>
	<numbers>
		<currencies>
			<currency type="DJF">
				<symbol>$</symbol>
			</currency>
			<currency type="SOS">
				<symbol>SOS</symbol>
			</currency>
		</currencies>
	</numbers>
</ldml>
<!-- Old Comments. See root.xml for more info.
URL: http://oss.software.ibm.com/cvs/icu/icu/source/data/locales/so_DJ.txt?only_with_tag=final-update-LDML

* Somali language locale for Djibouti.
* Contributed by :
*    Daniel Yacob <yacob@geez.org>, Ge'ez Frontier Foundation
*    Mohamed Diriye Abdullahi <diriyeam@magellan.umontreal.ca>
*    Department of Linguistics and Translation, Universite de Montreal, Montreal
Measurement { "Metric" }
"\u2030",
"\u221E",
"\uFFFD",
}
PaperSize {
Height { "297" }
Width { "210" }
Units { "mm" }
}
Currency display names
-->
