<?xml version="1.0" encoding="UTF-8" ?>
<!DOCTYPE ldml SYSTEM "http://www.unicode.org/cldr/dtd/1.5/ldml.dtd">
<ldml>
	<!-- IDENTIFICATION of the locale -->
	<identity>
		<version number="$Revision: 1.29 $"/>
		<generation date="$Date: 2007/07/24 23:39:15 $"/>
		<language type="sr"/>
		<script type="Cyrl"/>
		<territory type="BA"/>
	</identity>
	<localeDisplayNames>
		<languages>
			<language type="sr" draft="unconfirmed">српски</language>
		</languages>
	</localeDisplayNames>
	<!-- CALENDAR INFORMATION.  Gregorian Only -->
	<dates>
		<calendars>
			<calendar type="gregorian">
				<months>
					<monthContext type="format">
						<monthWidth type="wide">
							<month type="6">јуни</month>
							<month type="7">јули</month>
						</monthWidth>
					</monthContext>
				</months>
				<days>
					<dayContext type="format">
						<dayWidth type="abbreviated">
							<day type="wed">сри</day>
						</dayWidth>
						<dayWidth type="wide">
							<day type="wed">сриједа</day>
						</dayWidth>
					</dayContext>
				</days>
				<dateFormats>
					<dateFormatLength type="medium">
						<dateFormat>
							<pattern>yyyy-MM-dd</pattern>
						</dateFormat>
					</dateFormatLength>
					<dateFormatLength type="short">
						<dateFormat>
							<pattern>yy-MM-dd</pattern>
						</dateFormat>
					</dateFormatLength>
				</dateFormats>
				<timeFormats>
					<timeFormatLength type="full">
						<timeFormat>
							<pattern>HH 'часова', mm 'минута', ss 'секунди' v</pattern>
						</timeFormat>
					</timeFormatLength>
					<timeFormatLength type="medium">
						<timeFormat>
							<pattern>HH:mm:ss</pattern>
						</timeFormat>
					</timeFormatLength>
					<timeFormatLength type="short">
						<timeFormat>
							<pattern>HH:mm</pattern>
						</timeFormat>
					</timeFormatLength>
				</timeFormats>
			</calendar>
		</calendars>
	</dates>
	<!-- NUMERIC INFORMATION -->
	<numbers>
		<currencies>
			<!-- currency id as per ISO4217, three letter alphabetic code -->
			<currency type="BAM">
				<displayName>Конвертибилна Марка</displayName>
				<symbol>КМ.</symbol>
				<!-- decimal draft="true">,</decimal
					 group draft="true">.</group
				-->
			</currency>
		</currencies>
	</numbers>
</ldml>
<!-- Comments without bases

 MONETARY INFORMATION 	 - was on: //ldml/numbers/currencyFormats 
-->

