<?xml version="1.0" encoding="UTF-8" ?>
<!DOCTYPE ldml SYSTEM "http://www.unicode.org/cldr/dtd/1.5/ldml.dtd">
<ldml>
	<identity>
		<version number="$Revision: 1.12 $"/>
		<generation date="$Date: 2007/07/21 21:12:28 $"/>
		<language type="sr"/>
		<script type="Latn"/>
		<territory type="RS"/>
	</identity>
	<dates>
		<calendars>
			<calendar type="gregorian">
				<dateFormats>
					<dateFormatLength type="long">
						<dateFormat>
							<pattern>d. MMM yyyy.</pattern>
						</dateFormat>
					</dateFormatLength>
				</dateFormats>
				<timeFormats>
					<timeFormatLength type="full">
						<timeFormat>
							<pattern>HH.mm.ss v</pattern>
						</timeFormat>
					</timeFormatLength>
				</timeFormats>
			</calendar>
		</calendars>
	</dates>
	<numbers>
		<currencyFormats>
			<currencyFormatLength>
				<currencyFormat>
					<pattern>¤ #,##0.00</pattern>
				</currencyFormat>
			</currencyFormatLength>
		</currencyFormats>
	</numbers>
</ldml>

