<?xml version="1.0" encoding="UTF-8" ?>
<!DOCTYPE ldml SYSTEM "http://www.unicode.org/cldr/dtd/1.5/ldml.dtd">
<ldml>
	<identity>
		<version number="$Revision: 1.64 $"/>
		<generation date="$Date: 2007/07/14 23:02:17 $"/>
		<language type="ta"/>
	</identity>
	<localeDisplayNames>
		<languages>
			<language type="aa">அபார்</language>
			<language type="ab">அப்காஸின்</language>
			<language type="af">ஆப்ரிகன்ஸ்</language>
			<language type="af" alt="proposed-x1001" draft="unconfirmed">ஆபிரிக்கான்ஸ்</language>
			<language type="am">அம்ஹாரிக்</language>
			<language type="ar">அரபு</language>
			<language type="ar" alt="proposed-x1001" draft="unconfirmed">அராபிக்</language>
			<language type="as">அஸ்ஸாமி</language>
			<language type="as" alt="proposed-x1001" draft="unconfirmed">அசாமீஸ்</language>
			<language type="ay">அயமரா</language>
			<language type="az">அசர்பாய்ஜானி</language>
			<language type="az" alt="proposed-x1001" draft="unconfirmed">அஜெர்பைஜானி</language>
			<language type="ba">பாஷ்கிர்0</language>
			<language type="be">பைலோருஷ்ன்</language>
			<language type="be" alt="proposed-x1001" draft="unconfirmed">பெலாருஷ்யன்</language>
			<language type="bg">பல்கேரியன்</language>
			<language type="bh">பிஹாரி</language>
			<language type="bh" alt="proposed-x1001" draft="unconfirmed">பீஹாரி</language>
			<language type="bi">பிஸ்லாமா</language>
			<language type="bn">வங்காளம்</language>
			<language type="bo">திபெத்து</language>
			<language type="br">பிரிடன்</language>
			<language type="bs" draft="unconfirmed">போஸ்னியன்</language>
			<language type="ca">காடலான்</language>
			<language type="ca" alt="proposed-x1001" draft="unconfirmed">கட்டாலன்</language>
			<language type="co">கார்சியன்</language>
			<language type="cs">செக்</language>
			<language type="cy">வெல்ஷ்</language>
			<language type="da">டானிஷ்</language>
			<language type="da" alt="proposed-x1001" draft="unconfirmed">டேனிஷ்</language>
			<language type="de">ஜெர்மன்</language>
			<language type="dz">புடானி</language>
			<language type="el">கிரேக்கம்</language>
			<language type="el" alt="proposed-x1001" draft="unconfirmed">கிரீக்</language>
			<language type="en">ஆங்கிலம்</language>
			<language type="eo">எஸ்பரேன்டோ</language>
			<language type="eo" alt="proposed-x1001" draft="unconfirmed">எஸ்பெரான்ட்டோ</language>
			<language type="es">ஸ்பேனிஷ்</language>
			<language type="es" alt="proposed-x1001" draft="unconfirmed">ஸ்பானீஷ்</language>
			<language type="et">எஸ்டோனியன்</language>
			<language type="et" alt="proposed-x1001" draft="unconfirmed">எஸ்தோனியன்</language>
			<language type="eu">பஸ்க்</language>
			<language type="eu" alt="proposed-x1001" draft="unconfirmed">பாஸ்க்</language>
			<language type="fa">பர்ஸியன்</language>
			<language type="fa" alt="proposed-x1001" draft="unconfirmed">பெர்ஷியன்</language>
			<language type="fi">பின்னிஷ்</language>
			<language type="fi" alt="proposed-x1001" draft="unconfirmed">ஃபின்னிஷ்</language>
			<language type="fil" draft="unconfirmed">பிலிபினோ</language>
			<language type="fj">பிஜி</language>
			<language type="fo">பைரோஸி</language>
			<language type="fo" alt="proposed-x1001" draft="unconfirmed">பரோஸ்</language>
			<language type="fr">பிரெஞ்சு</language>
			<language type="fy">பிரிஷியன்</language>
			<language type="fy" alt="proposed-x1001" draft="unconfirmed">ஃப்ரிஷியன்</language>
			<language type="ga">ஐரிஷ்</language>
			<language type="gd">ஸ்காட்ஸ் காலெக்</language>
			<language type="gd" alt="proposed-x1001" draft="unconfirmed">ஸ்காட்ஸ் கேலிக்</language>
			<language type="gl">கெலிஸியன்</language>
			<language type="gl" alt="proposed-x1001" draft="unconfirmed">கலீசியன்</language>
			<language type="gn">குரானி</language>
			<language type="gn" alt="proposed-x1001" draft="unconfirmed">குவாரணி</language>
			<language type="gu">குஜராத்தி</language>
			<language type="ha">ஹொஸா</language>
			<language type="he">ஹுப்ரு</language>
			<language type="he" alt="proposed-x1001" draft="unconfirmed">ஹீப்ரு</language>
			<language type="hi">இந்தி</language>
			<language type="hr">கரோஷியன்</language>
			<language type="hr" alt="proposed-x1001" draft="unconfirmed">குரோசியன்</language>
			<language type="hu">ஹங்கேரியன்</language>
			<language type="hy">ஆர்மேனியன்</language>
			<language type="hy" alt="proposed-x1001" draft="unconfirmed">ஆர்மீனியன்</language>
			<language type="ia">இன்டர்லிங்குவா [ia]</language>
			<language type="ia" alt="proposed-x1001" draft="unconfirmed">இன்ட்டர்லிங்க்வா</language>
			<language type="id">இந்தோனேஷியன்</language>
			<language type="ie">இன்டர்லிங்குவா</language>
			<language type="ie" alt="proposed-x1001" draft="unconfirmed">இன்ட்டர்லிங்க்வா</language>
			<language type="ik">இனுபெக்</language>
			<language type="is">ஐஸ்லென்டிக்</language>
			<language type="is" alt="proposed-x1001" draft="unconfirmed">ஐஸ்லாந்தியன்</language>
			<language type="it">இத்தாலியன்</language>
			<language type="iu">இனுகிடட்</language>
			<language type="ja">ஜப்பானீஸ்</language>
			<language type="ja" alt="proposed-x1001" draft="unconfirmed">ஜப்பானியம்</language>
			<language type="jv">ஜாவானீஸ்</language>
			<language type="ka">கன்னடம்</language>
			<language type="ka" alt="proposed-x1001" draft="unconfirmed">ஜார்ஜியன்</language>
			<language type="kk">கசாக்</language>
			<language type="kl">கிரின்லென்டிக்</language>
			<language type="km">கம்போடியன்</language>
			<language type="kn">கன்னடா</language>
			<language type="kn" alt="proposed-x1001" draft="unconfirmed">கன்னடம்</language>
			<language type="ko">கொரியன்</language>
			<language type="kok">கொங்கனி</language>
			<language type="ks">காஷ்மிரி</language>
			<language type="ku">குர்திஷ்</language>
			<language type="ky">கிர்கிஷ்</language>
			<language type="ky" alt="proposed-x1001" draft="unconfirmed">கிர்கீஸ்</language>
			<language type="la">லாதின்</language>
			<language type="la" alt="proposed-x1001" draft="unconfirmed">லத்தீன்</language>
			<language type="ln">லிங்காலா</language>
			<language type="lo">லோத்தியன்</language>
			<language type="lo" alt="proposed-x1001" draft="unconfirmed">லாவோஷியன்</language>
			<language type="lt">லுத்தேனியன்</language>
			<language type="lt" alt="proposed-x1001" draft="unconfirmed">லிதுவேனியன்</language>
			<language type="lv">லேட்வியன் (லேட்டிஷ்)</language>
			<language type="lv" alt="proposed-x1001" draft="unconfirmed">லாத்வியன்</language>
			<language type="mg">மலகெஸி</language>
			<language type="mi">மோரி</language>
			<language type="mk">மெக்கடோனியன்</language>
			<language type="mk" alt="proposed-x1001" draft="unconfirmed">மசிடோனியன்</language>
			<language type="ml">மலையாளம்</language>
			<language type="mn">மங்கோலியன்</language>
			<language type="mo">மோல்டேவியன்</language>
			<language type="mr">மராத்தி</language>
			<language type="ms">மலாய்</language>
			<language type="mt">மால்டிஸ்</language>
			<language type="mt" alt="proposed-x1001" draft="unconfirmed">மால்ட்டீஸ்</language>
			<language type="my">பர்மிஸ்</language>
			<language type="na">நாரூ</language>
			<language type="ne">நேப்பாலி</language>
			<language type="ne" alt="proposed-x1001" draft="unconfirmed">நேபாளி</language>
			<language type="nl">டச்சு</language>
			<language type="nn" draft="unconfirmed">நார்வீஜியன் (நைநோர்ஸ்க்)</language>
			<language type="no">நார்வேகியன்</language>
			<language type="no" alt="proposed-x1001" draft="unconfirmed">நார்வீஜியன்</language>
			<language type="oc">ஆகிடியன்</language>
			<language type="oc" alt="proposed-x1001" draft="unconfirmed">ஓசிட்டான்</language>
			<language type="om">ஒரோம (அபன்)</language>
			<language type="or">ஒரியா</language>
			<language type="pa">பஞ்சாபி</language>
			<language type="pl">போலிஷ்</language>
			<language type="ps">பேஷ்டோ (புஷ்டோ)</language>
			<language type="ps" alt="proposed-x1001" draft="unconfirmed">பஷ்து</language>
			<language type="pt">போர்த்துகீஸ்</language>
			<language type="pt" alt="proposed-x1001" draft="unconfirmed">போர்த்துக்கீசியம்</language>
			<language type="pt_BR" draft="unconfirmed">போர்த்துக்கீசியம்(பிரேசில்)</language>
			<language type="pt_PT" draft="unconfirmed">போர்த்துகீசியம் (போர்ச்சுக்கல்)</language>
			<language type="qu">கியுசா</language>
			<language type="rm">ரைட்டோ-ரோமென்ஸ்</language>
			<language type="rn">கிருந்தி</language>
			<language type="ro">ரோமேனியன்</language>
			<language type="ro" alt="proposed-x1001" draft="unconfirmed">ருமேனியன்</language>
			<language type="ru">ரஷியன்</language>
			<language type="ru" alt="proposed-x1001" draft="unconfirmed">ரஷ்யன்</language>
			<language type="rw">கின்யர்வென்டா</language>
			<language type="sa">சமஸ்கிருதம்</language>
			<language type="sd">சிந்தி</language>
			<language type="sg">சென்க்ரோ</language>
			<language type="sh">செர்போ-க்ரோஷியன்</language>
			<language type="sh" alt="proposed-x1001" draft="unconfirmed">செர்போ-குரோசியன்</language>
			<language type="si">சிங்களம்</language>
			<language type="sk">ஸ்லோவெக்</language>
			<language type="sk" alt="proposed-x1001" draft="unconfirmed">ஸ்லோவாக்</language>
			<language type="sl">ஸ்லோவினேயின்</language>
			<language type="sl" alt="proposed-x1001" draft="unconfirmed">ஸ்லவேனியன்</language>
			<language type="sm">ஸெமோன்</language>
			<language type="sn">ஷோனா</language>
			<language type="so">சோமாலி</language>
			<language type="so" alt="proposed-x1001" draft="unconfirmed">சொமாலி</language>
			<language type="sq">அல்பெனியன்</language>
			<language type="sq" alt="proposed-x1001" draft="unconfirmed">அல்பேனியன்</language>
			<language type="sr">சர்பியன்</language>
			<language type="sr" alt="proposed-x1001" draft="unconfirmed">சேர்பியன்</language>
			<language type="ss">ஷிஸ்வாதி</language>
			<language type="st">ஷெஸ்ஸோதோ</language>
			<language type="st" alt="proposed-x1001" draft="unconfirmed">சேசோத்தோ</language>
			<language type="su">சுடானீஸ்</language>
			<language type="su" alt="proposed-x1001" draft="unconfirmed">சுந்தனீஸ்</language>
			<language type="sv">ஷீவிடிஸ்</language>
			<language type="sv" alt="proposed-x1001" draft="unconfirmed">ஸ்வீடிஷ்</language>
			<language type="sw">சுவாஹிலி</language>
			<language type="sw" alt="proposed-x1001" draft="unconfirmed">ஸ்வாஹிலி</language>
			<language type="ta">தமிழ்</language>
			<language type="te">தெலுங்கு</language>
			<language type="tg">தாஜிக்</language>
			<language type="th">தாய்</language>
			<language type="ti">டிக்ரின்யா</language>
			<language type="tk">டர்க்மென்</language>
			<language type="tk" alt="proposed-x1001" draft="unconfirmed">துர்க்மென்</language>
			<language type="tl">டாகாலோக்</language>
			<language type="tlh" draft="unconfirmed">கிளிங்கன்</language>
			<language type="tn">ஸெட்ஸ்வானா</language>
			<language type="to">டோங்கா</language>
			<language type="tr">டர்கிஷ்</language>
			<language type="tr" alt="proposed-x1001" draft="unconfirmed">துருக்கியம்</language>
			<language type="ts">ஸோங்கா</language>
			<language type="tt">டாடர்</language>
			<language type="tw">த்திவி</language>
			<language type="tw" alt="proposed-x1001" draft="unconfirmed">த்வீ</language>
			<language type="ug">யுகுர்</language>
			<language type="uk">உக்ரேனியன்</language>
			<language type="uk" alt="proposed-x1001" draft="unconfirmed">உக்கிரேனியன்</language>
			<language type="ur">உருது</language>
			<language type="uz">உஸ்பெக்</language>
			<language type="vi">வியட்நாமிஸ்</language>
			<language type="vi" alt="proposed-x1001" draft="unconfirmed">வியட்நாமியம்</language>
			<language type="vo">ஒலபுக்</language>
			<language type="wo">ஒலோப்</language>
			<language type="xh">ஹோஷா</language>
			<language type="xh" alt="proposed-x1001" draft="unconfirmed">க்ஸ்ஹோசா</language>
			<language type="yi">ஈத்திஷ</language>
			<language type="yi" alt="proposed-x1001" draft="unconfirmed">இதிஷ்</language>
			<language type="yo">யோருப்பா</language>
			<language type="za">ஜுவாங்</language>
			<language type="zh">சீனம்</language>
			<language type="zu">ஜூலூ</language>
			<language type="zu" alt="proposed-x1001" draft="unconfirmed">ஸ்சூலு</language>
		</languages>
		<territories>
			<territory type="AD">அன்டோரா</territory>
			<territory type="AE">ஐக்கிய அரபு கூட்டாட்சி</territory>
			<territory type="AF">ஆப்கானிஸ்தான்</territory>
			<territory type="AG">ஆன்டிகுவா பார்புடா</territory>
			<territory type="AL">அல்பேனியா</territory>
			<territory type="AM">ஆர்மீனியா</territory>
			<territory type="AO">அங்கோலா</territory>
			<territory type="AR">அர்ஜெண்டினா</territory>
			<territory type="AT">ஆஸ்திரியா</territory>
			<territory type="AU">ஆஸ்திரேலியா</territory>
			<territory type="AZ">அஜர்பைஜான்</territory>
			<territory type="BA">போஸ்னியா ஹெர்ஸிகோவினா</territory>
			<territory type="BB">பார்படோஸ்</territory>
			<territory type="BD">பங்களாதேஷ்</territory>
			<territory type="BE">பெல்ஜியம்</territory>
			<territory type="BF">பர்கினோ பாஸோ</territory>
			<territory type="BG">பல்கேரியா</territory>
			<territory type="BH">பஹ்ரைன்</territory>
			<territory type="BI">புருண்டி</territory>
			<territory type="BJ">பெனின்</territory>
			<territory type="BN">புரூனேய்</territory>
			<territory type="BO">பொலிவியா</territory>
			<territory type="BR">பிரேஸில்</territory>
			<territory type="BS">பஹாமாஸ்</territory>
			<territory type="BT">பூடான்</territory>
			<territory type="BW">போட்ஸ்வானா</territory>
			<territory type="BY">பெலாரூஸ்</territory>
			<territory type="BZ">பெலிஸ்</territory>
			<territory type="CA">கனடா</territory>
			<territory type="CF">மத்திய ஆப்ரிக்கக் குடியரசு</territory>
			<territory type="CG">காங்கோ</territory>
			<territory type="CH">ஸ்விட்சர்லாந்து</territory>
			<territory type="CI">ஐவரி கோஸ்ட்</territory>
			<territory type="CL">சிலி</territory>
			<territory type="CM">கேமரூன்</territory>
			<territory type="CN">சீன</territory>
			<territory type="CO">கொலம்பியா</territory>
			<territory type="CR">கோஸ்டாரிகா</territory>
			<territory type="CU">கியூபா</territory>
			<territory type="CV">கேப் வெர்டே</territory>
			<territory type="CY">சைப்ரஸ்</territory>
			<territory type="CZ">செக் குடியரசு</territory>
			<territory type="DE">ஜெர்மன்</territory>
			<territory type="DJ">ஜிபௌடி</territory>
			<territory type="DK">டென்மார்க்</territory>
			<territory type="DM">டொமினிகா</territory>
			<territory type="DO">டொமினிகன் குடியரசு</territory>
			<territory type="DZ">அல்ஜீரியா</territory>
			<territory type="EC">ஈக்வடார்</territory>
			<territory type="EE">எஸ்டோனியா</territory>
			<territory type="EG">எகிப்து</territory>
			<territory type="ES">ஸ்பெயின்</territory>
			<territory type="ET">எதியோப்பியா</territory>
			<territory type="FI">பின்லாந்து</territory>
			<territory type="FJ">பிஜி</territory>
			<territory type="FR">பிரான்ஸ்</territory>
			<territory type="GA">காபோன்</territory>
			<territory type="GB">பிரிடிஷ் கூட்டரசு</territory>
			<territory type="GD">கிரனெடா</territory>
			<territory type="GE">ஜார்ஜியா</territory>
			<territory type="GH">கானா</territory>
			<territory type="GM">காம்பியா</territory>
			<territory type="GN">கினி</territory>
			<territory type="GQ">ஈக்குவிடோரியல் கினி</territory>
			<territory type="GR">கிரீஸ்</territory>
			<territory type="GT">குவாத்தாமாலா</territory>
			<territory type="GW">கினி-பிஸ்ஸாவ்</territory>
			<territory type="GY">கயானா</territory>
			<territory type="HN">ஹாண்டுராஸ்</territory>
			<territory type="HR">குரோசியா</territory>
			<territory type="HT">ஹெய்தி</territory>
			<territory type="HU">ஹங்கேரி</territory>
			<territory type="ID">இந்தோனேஷியா</territory>
			<territory type="IE">அயர்லாந்து</territory>
			<territory type="IL">இஸ்ரேல்</territory>
			<territory type="IN">இந்தியா</territory>
			<territory type="IQ">இராக்</territory>
			<territory type="IR">ஈரான்</territory>
			<territory type="IS">ஐஸ்லாந்து</territory>
			<territory type="IT">இத்தாலி</territory>
			<territory type="JM">ஜமாய்க்கா</territory>
			<territory type="JO">ஜொர்டான்</territory>
			<territory type="JP">ஜப்பான்</territory>
			<territory type="KE">கென்யா</territory>
			<territory type="KG">கிர்கிஸ்தான்</territory>
			<territory type="KH">கம்போடியா</territory>
			<territory type="KI">கிரிபடி</territory>
			<territory type="KM">கோமரோஸ்</territory>
			<territory type="KP">வட கொரியா</territory>
			<territory type="KR">தென் கொரியா</territory>
			<territory type="KW">குவைத்து</territory>
			<territory type="KZ">கஜகஸ்தான்</territory>
			<territory type="LA">லாவோஸ்</territory>
			<territory type="LB">லெபனான்</territory>
			<territory type="LI">லிச்டெண்ஸ்டீன்</territory>
			<territory type="LK">இலங்கை</territory>
			<territory type="LR">லைபீரியா</territory>
			<territory type="LS">லெசோதோ</territory>
			<territory type="LT">லிதுவேனியா</territory>
			<territory type="LU">லக்ஸ்சம்பர்க்</territory>
			<territory type="LV">லாட்வியா</territory>
			<territory type="LY">லிப்யா</territory>
			<territory type="MA">மொரோக்கோ</territory>
			<territory type="MC">மொனாக்கோ</territory>
			<territory type="MD">மால்டோவா</territory>
			<territory type="MK">மசெடோணியா</territory>
			<territory type="ML">மாலீ</territory>
			<territory type="MM">மியான்மார்</territory>
			<territory type="MN">மங்கோலியா</territory>
			<territory type="MT">மால்டா</territory>
			<territory type="MV">மாலத்தீவு</territory>
			<territory type="MW">மலாவீ</territory>
			<territory type="MX">மெக்சிகோ</territory>
			<territory type="MY">மலேஷியா</territory>
			<territory type="NA">னாமீபியா</territory>
			<territory type="NI">நிகாராகுவா</territory>
			<territory type="NL">நெதர்லாந்து</territory>
			<territory type="NO">நார்வே</territory>
			<territory type="NP">நேபாளம்</territory>
			<territory type="NR">நௌரு</territory>
			<territory type="NZ">நியூசிலாந்து</territory>
			<territory type="OM">ஓமான்</territory>
			<territory type="PA">பணாமா</territory>
			<territory type="PE">பெரு</territory>
			<territory type="PG">பாப்புவா-நியூகினி</territory>
			<territory type="PH">பிலிப்பைன்ஸ்</territory>
			<territory type="PK">பாகிஸ்தான்</territory>
			<territory type="PL">போலந்து</territory>
			<territory type="PT">போர்ச்சுக்கல்</territory>
			<territory type="PY">பாரகுவே</territory>
			<territory type="QA">காடார்</territory>
			<territory type="RO">ருமேனியா</territory>
			<territory type="RU">ரஷ்யா</territory>
			<territory type="SA">சவூதி அரேபியா</territory>
			<territory type="SB">சாலமன் தீவுகள்</territory>
			<territory type="SE">ஸ்வீடன்</territory>
			<territory type="SG">சிங்கப்பூர்</territory>
			<territory type="SI">ஸ்லோவேனியா</territory>
			<territory type="SK">ஸ்லோவாகியா</territory>
			<territory type="SM">சான்மெரினோ</territory>
			<territory type="SR">சூரினாம்</territory>
			<territory type="SV">எல் சால்வடார்</territory>
			<territory type="SY">சிரியா</territory>
			<territory type="TD">சாட்</territory>
			<territory type="TH">தாய்லாந்து</territory>
			<territory type="TJ">தாஜிகிஸ்தான்</territory>
			<territory type="TM">துர்க்மெனிஸ்தான்</territory>
			<territory type="TN">துனிசியா</territory>
			<territory type="TO">தொங்கா</territory>
			<territory type="TO" alt="proposed-x1001" draft="unconfirmed">டோங்கா</territory>
			<territory type="TR">துருக்கி</territory>
			<territory type="TT">திரினிடாட் தொபாகோ</territory>
			<territory type="TV">துவாலூ</territory>
			<territory type="TW">தைவான்</territory>
			<territory type="UA">உக்ரைன்</territory>
			<territory type="US">ஐக்கிய அமெரிக்கா குடியரசு</territory>
			<territory type="UY">உருகுவே</territory>
			<territory type="UZ">உஸ்பெகிஸ்தான்</territory>
			<territory type="VA">வாடிகன்</territory>
			<territory type="VE">வெனஜுவேலா</territory>
			<territory type="VN">வியட்நாம்</territory>
			<territory type="VU">வனுவாட்டு</territory>
			<territory type="WS">சமோவா</territory>
			<territory type="YE">யேமன்</territory>
			<territory type="ZA">தென் ஆப்ரிக்கா</territory>
			<territory type="ZW">ஜிம்பாப்வே</territory>
		</territories>
	</localeDisplayNames>
	<characters>
		<exemplarCharacters references="R224">[ஃ அ-ஊ எ-ஐ ஒ-க ங ச ஜ ஞ ட ண த ந-ப ம-வ ஷ-ஹ ா-ூ ெ-ை ொ-்]</exemplarCharacters>
	</characters>
	<delimiters>
		<quotationStart draft="unconfirmed">'</quotationStart>
		<quotationEnd draft="unconfirmed">'</quotationEnd>
		<alternateQuotationStart draft="unconfirmed">&quot;</alternateQuotationStart>
		<alternateQuotationEnd draft="unconfirmed">&quot;</alternateQuotationEnd>
	</delimiters>
	<dates>
		<calendars>
			<calendar type="gregorian">
				<months>
					<monthContext type="format">
						<monthWidth type="abbreviated">
							<month type="1">ஜன.</month>
							<month type="2">பிப்.</month>
							<month type="3">மார்.</month>
							<month type="4">ஏப்.</month>
							<month type="5">மே</month>
							<month type="6">ஜூன்</month>
							<month type="7">ஜூலை</month>
							<month type="8">ஆக.</month>
							<month type="9">செப்.</month>
							<month type="10">அக்.</month>
							<month type="11">நவ.</month>
							<month type="12">டிச.</month>
						</monthWidth>
						<monthWidth type="wide">
							<month type="1">ஜனவரி</month>
							<month type="2">பிப்ரவரி</month>
							<month type="3">மார்ச்</month>
							<month type="4">ஏப்ரல்</month>
							<month type="5">மே</month>
							<month type="6">ஜூன்</month>
							<month type="7">ஜூலை</month>
							<month type="8">ஆகஸ்ட்</month>
							<month type="9">செப்டம்பர்</month>
							<month type="10">அக்டோபர்</month>
							<month type="11">நவம்பர்</month>
							<month type="12">டிசம்பர்</month>
						</monthWidth>
					</monthContext>
					<monthContext type="stand-alone">
						<monthWidth type="narrow">
							<month type="1" draft="unconfirmed">1</month>
							<month type="2" draft="unconfirmed">2</month>
							<month type="3" draft="unconfirmed">3</month>
							<month type="4" draft="unconfirmed">4</month>
							<month type="5" draft="unconfirmed">5</month>
							<month type="6" draft="unconfirmed">6</month>
							<month type="7" draft="unconfirmed">7</month>
							<month type="8" draft="unconfirmed">8</month>
							<month type="9" draft="unconfirmed">9</month>
							<month type="10" draft="unconfirmed">10</month>
							<month type="11" draft="unconfirmed">11</month>
							<month type="12" draft="unconfirmed">12</month>
						</monthWidth>
					</monthContext>
				</months>
				<days>
					<dayContext type="format">
						<dayWidth type="abbreviated">
							<day type="sun">ஞா</day>
							<day type="mon">தி</day>
							<day type="tue">செ</day>
							<day type="wed">பு</day>
							<day type="thu">வி</day>
							<day type="fri">வெ</day>
							<day type="sat">ச</day>
						</dayWidth>
						<dayWidth type="wide">
							<day type="sun">ஞாயிறு</day>
							<day type="mon">திங்கள்</day>
							<day type="tue">செவ்வாய்</day>
							<day type="wed">புதன்</day>
							<day type="thu">வியாழன்</day>
							<day type="fri">வெள்ளி</day>
							<day type="sat">சனி</day>
						</dayWidth>
					</dayContext>
					<dayContext type="stand-alone">
						<dayWidth type="narrow">
							<day type="sun" draft="unconfirmed">1</day>
							<day type="mon" draft="unconfirmed">2</day>
							<day type="tue" draft="unconfirmed">3</day>
							<day type="wed" draft="unconfirmed">4</day>
							<day type="thu" draft="unconfirmed">5</day>
							<day type="fri" draft="unconfirmed">6</day>
							<day type="sat" draft="unconfirmed">7</day>
						</dayWidth>
					</dayContext>
				</days>
				<quarters>
					<quarterContext type="format">
						<quarterWidth type="abbreviated">
							<quarter type="1" draft="unconfirmed">Q1</quarter>
							<quarter type="2" draft="unconfirmed">Q2</quarter>
							<quarter type="3" draft="unconfirmed">Q3</quarter>
							<quarter type="4" draft="unconfirmed">Q4</quarter>
						</quarterWidth>
						<quarterWidth type="wide">
							<quarter type="1" draft="unconfirmed">வந்ந௧  1</quarter>
							<quarter type="2" draft="unconfirmed">ரெஂட௨ 2</quarter>
							<quarter type="3" draft="unconfirmed">மூடு௩ 3</quarter>
							<quarter type="4" draft="unconfirmed">நால்௪ 4</quarter>
						</quarterWidth>
					</quarterContext>
				</quarters>
				<am>காலை</am>
				<pm>மாலை</pm>
				<eras>
					<eraNames>
						<era type="0" draft="unconfirmed">வர்ஷು.</era>
						<era type="1" draft="unconfirmed">ஸந்.</era>
					</eraNames>
					<eraAbbr>
						<era type="0">கிமு</era>
						<era type="1">கிபி</era>
					</eraAbbr>
				</eras>
				<dateFormats>
					<dateFormatLength type="full">
						<dateFormat>
							<pattern draft="unconfirmed">EEEE d MMMM yyyy</pattern>
							<pattern alt="proposed-x1001" draft="unconfirmed">EEEE, yyyy MMMM dd</pattern>
						</dateFormat>
					</dateFormatLength>
					<dateFormatLength type="long">
						<dateFormat>
							<pattern draft="unconfirmed">d MMMM yyyy</pattern>
							<pattern alt="proposed-x1001" draft="unconfirmed">yyyy MMMM d</pattern>
						</dateFormat>
					</dateFormatLength>
					<dateFormatLength type="medium">
						<dateFormat>
							<pattern draft="unconfirmed">dd-MM-yyyy</pattern>
							<pattern alt="proposed-x1001" draft="unconfirmed">yyyy MMM d</pattern>
						</dateFormat>
					</dateFormatLength>
					<dateFormatLength type="short">
						<dateFormat>
							<pattern draft="unconfirmed">d-M-yy</pattern>
							<pattern alt="proposed-x1001" draft="unconfirmed">yy/MM/dd</pattern>
						</dateFormat>
					</dateFormatLength>
				</dateFormats>
				<timeFormats>
					<timeFormatLength type="full">
						<timeFormat>
							<pattern draft="unconfirmed">h:mm:ss a v</pattern>
							<pattern alt="proposed-x1001" draft="unconfirmed">HH:mm:ss v</pattern>
						</timeFormat>
					</timeFormatLength>
					<timeFormatLength type="long">
						<timeFormat>
							<pattern draft="unconfirmed">h:mm:ss a z</pattern>
							<pattern alt="proposed-x1001" draft="unconfirmed">HH:mm:ss z</pattern>
						</timeFormat>
					</timeFormatLength>
					<timeFormatLength type="medium">
						<timeFormat>
							<pattern draft="unconfirmed">h:mm:ss a</pattern>
							<pattern alt="proposed-x1001" draft="unconfirmed">HH:mm:ss</pattern>
						</timeFormat>
					</timeFormatLength>
					<timeFormatLength type="short">
						<timeFormat>
							<pattern draft="unconfirmed">h:mm a</pattern>
							<pattern alt="proposed-x1001" draft="unconfirmed">HH:mm</pattern>
						</timeFormat>
					</timeFormatLength>
				</timeFormats>
				<dateTimeFormats>
					<dateTimeFormatLength>
						<dateTimeFormat>
							<pattern draft="unconfirmed">{1} {0}</pattern>
						</dateTimeFormat>
					</dateTimeFormatLength>
					<availableFormats>
						<dateFormatItem id="MMMMd" draft="unconfirmed">d MMMM</dateFormatItem>
						<dateFormatItem id="MMdd" draft="unconfirmed">dd-MM</dateFormatItem>
						<dateFormatItem id="yyQ" draft="unconfirmed">Q yy</dateFormatItem>
						<dateFormatItem id="yyyyMM" draft="unconfirmed">MM-yyyy</dateFormatItem>
						<dateFormatItem id="yyyyMMMM" draft="unconfirmed">MMMM yyyy</dateFormatItem>
					</availableFormats>
				</dateTimeFormats>
			</calendar>
		</calendars>
		<timeZoneNames>
			<hourFormat draft="unconfirmed">+HH:mm;-HH:mm</hourFormat>
			<gmtFormat draft="unconfirmed">GMT{0}</gmtFormat>
			<regionFormat draft="unconfirmed">{0}</regionFormat>
			<metazone type="India">
				<long>
					<standard>இந்திய நேரப்படி</standard>
				</long>
				<short>
					<standard>IST</standard>
				</short>
				<commonlyUsed>true</commonlyUsed>
			</metazone>
		</timeZoneNames>
	</dates>
	<numbers>
		<decimalFormats>
			<decimalFormatLength>
				<decimalFormat>
					<pattern>#,##,##0.###</pattern>
				</decimalFormat>
			</decimalFormatLength>
		</decimalFormats>
		<percentFormats>
			<percentFormatLength>
				<percentFormat>
					<pattern>#,##,##0%</pattern>
				</percentFormat>
			</percentFormatLength>
		</percentFormats>
		<currencyFormats>
			<currencyFormatLength>
				<currencyFormat>
					<pattern>¤ #,##,##0.00</pattern>
				</currencyFormat>
			</currencyFormatLength>
		</currencyFormats>
		<currencies>
			<currency type="INR">
				<symbol>ரூ</symbol>
			</currency>
		</currencies>
	</numbers>
	<posix>
		<messages>
			<yesstr draft="unconfirmed">ஆம்</yesstr>
			<nostr draft="unconfirmed">இல்லை</nostr>
		</messages>
	</posix>
	<references>
		<reference type="R224">Unicode Standard 4.0</reference>
	</references>
</ldml>
<!-- Old Comments. See root.xml for more info.
        IN { "\u0b87\u0ba8\u0bcd\u0ba4\u0bbf\u0baf\u0bbe" } // Could be \u0baa\u0bbe\u0bb0\u0ba4 too
KN { "\u0bcd\u0b9a\u0bc6\u0ba3\u0bcd\u0b9f\u0bcd \u0b95\u0bbf\u0b9f\u0bcd\u0bb8\u0bcd \u0ba8\u0bc6\u0bb5\u0bbf\u0bb8\u0bcd" } // The first code unit seems to be in the wrong place
LC { "\u0bcd\u0b9a\u0bc6\u0ba3\u0bcd\u0b9f\u0bcd \u0bb2\u0bc2\u0b9a\u0bbf\u0baf\u0bbe" } // The first code unit seems to be in the wrong place
VC { "\u0bcd\u0b9a\u0bc6\u0ba3\u0bcd\u0b9f\u0bcd \u0bb5\u0bbf\u0ba3\u0bcd\u0b9a\u0bc6\u0ba3\u0bcd\u0b9f\u0bcd \u0b95\u0bbf\u0bb0\u0bc6\u0ba9\u0bc6\u0b9f\u0bc8\u0ba9\u0bcd\u0bb8\u0bcd" } // The first code unit seems to be in the wrong place
jw { "\u0b9c\u0bbe\u0bb5\u0bbe\u0ba9\u0bc0\u0bb8\u0bcd" } // Use jv instead
-->
