<?xml version="1.0" encoding="UTF-8" ?>
<!DOCTYPE ldml SYSTEM "http://www.unicode.org/cldr/dtd/1.5/ldml.dtd">
<ldml>
	<identity>
		<version number="$Revision: 1.62 $"/>
		<generation date="$Date: 2007/07/21 17:25:02 $"/>
		<language type="te"/>
	</identity>
	<localeDisplayNames>
		<languages>
			<language type="ar">అరబిక్</language>
			<language type="ar" alt="proposed-x1001" draft="unconfirmed">అరబ్బీ</language>
			<language type="bh" draft="unconfirmed">బీహారి</language>
			<language type="bn" draft="unconfirmed">బెంగాలి</language>
			<language type="cs" draft="unconfirmed">చెక్</language>
			<language type="da" draft="unconfirmed">డానిష్</language>
			<language type="de">ఙర్మన్</language>
			<language type="de" alt="proposed-x1001" draft="unconfirmed">జర్మన్</language>
			<language type="el" draft="unconfirmed">గ్రీకు</language>
			<language type="en">ఆంగ్లం</language>
			<language type="en" alt="proposed-x1001" draft="unconfirmed">ఆంగ్లము</language>
			<language type="es">స్పానిష్</language>
			<language type="et" draft="unconfirmed">ఈస్టోనియను</language>
			<language type="fa" draft="unconfirmed">పార్శీ</language>
			<language type="fi" draft="unconfirmed">ఫిన్నిష్</language>
			<language type="fr">ఫ్రెంచ్</language>
			<language type="ga" draft="unconfirmed">ఐరిష్</language>
			<language type="gu" draft="unconfirmed">గుజరాతి</language>
			<language type="he" draft="unconfirmed">హీబ్రూ</language>
			<language type="hi">హిందీ</language>
			<language type="hi" alt="proposed-x1001" draft="unconfirmed">హింది</language>
			<language type="hu" draft="unconfirmed">హంగేరియను</language>
			<language type="id" draft="unconfirmed">ఇండొనేసియన్</language>
			<language type="is" draft="unconfirmed">ఐస్ లాండు</language>
			<language type="it">ఇటాలియన్ భాష</language>
			<language type="it" alt="proposed-x1001" draft="unconfirmed">ఇటాలియన్</language>
			<language type="ja">జపాను భాష</language>
			<language type="ja" alt="proposed-x1001" draft="unconfirmed">జపనీస్</language>
			<language type="kn" draft="unconfirmed">కన్నడ</language>
			<language type="la" draft="unconfirmed">లాటిన్</language>
			<language type="lt" draft="unconfirmed">లిథువేనియను</language>
			<language type="lv" draft="unconfirmed">లాత్వియను</language>
			<language type="ml" draft="unconfirmed">మలయాళం</language>
			<language type="mn" draft="unconfirmed">మంగోలియన్</language>
			<language type="mr" draft="unconfirmed">మరాఠి</language>
			<language type="ne" draft="unconfirmed">నేపాలి</language>
			<language type="nl" draft="unconfirmed">డచ్</language>
			<language type="no" draft="unconfirmed">నార్వేజియన్</language>
			<language type="pa" draft="unconfirmed">పంజాబి</language>
			<language type="pl" draft="unconfirmed">పోలిష్</language>
			<language type="pt">పొర్చుగల్ భాష</language>
			<language type="ro" draft="unconfirmed">రొమేనియను</language>
			<language type="ru">రష్యన్ భాష</language>
			<language type="ru" alt="proposed-x1001" draft="unconfirmed">రష్యను</language>
			<language type="si" draft="unconfirmed">సింహళీ</language>
			<language type="sv" draft="unconfirmed">స్వీడిష్</language>
			<language type="sw" draft="unconfirmed">స్వాహిలి</language>
			<language type="ta" draft="unconfirmed">తమిళం</language>
			<language type="te">తెలుగు</language>
			<language type="th" draft="unconfirmed">థాయి</language>
			<language type="ur" draft="unconfirmed">ఉర్దు</language>
			<language type="xh" draft="unconfirmed">ఖోస</language>
			<language type="zh">చైనా భాష</language>
			<language type="zu" draft="unconfirmed">జూలూ</language>
		</languages>
		<scripts>
			<script type="Arab">అరబ్బి లిపి</script>
			<script type="Cyrl">సిరిలిక్ లిపి</script>
			<script type="Hans">సరళమైన చైనా లిపి</script>
			<script type="Hant">ప్రాచీన చైనా లిపి</script>
			<script type="Latn">లాటిన్</script>
			<script type="Telu">తెలుగు</script>
		</scripts>
		<territories>
			<territory type="BR">బ్రజిల్</territory>
			<territory type="CN">చైనా</territory>
			<territory type="DE">ఙర్మని</territory>
			<territory type="FR">ఫ్రాన్స్‌</territory>
			<territory type="GB">బ్రిటన్</territory>
			<territory type="IN">భారత దేళం</territory>
			<territory type="IT">ఇటలి</territory>
			<territory type="JP">జపాసు</territory>
			<territory type="RU">రష్య</territory>
			<territory type="TO" draft="unconfirmed">ఠాఙ్గ</territory>
			<territory type="US">ఐక్య రాష్ట్ర అమెరిక</territory>
		</territories>
		<variants>
			<variant type="1901">ప్రాచీన ఙర్మన వర్ణక్రమం</variant>
			<variant type="1996">1996 ఙర్మన వర్ణక్రమం</variant>
			<variant type="REVISED">సవరించబడిన వర్ణక్రమం</variant>
		</variants>
	</localeDisplayNames>
	<characters>
		<exemplarCharacters>[అ-ఋ ౠ ఌ ౡ ఎ-ఐ ఒ-న ప-ళ వ-హ ఁ-ః ్ ా-ౄ ె-ై ొ-ౌ ౕ ౖ]</exemplarCharacters>
		<exemplarCharacters type="auxiliary">[\u200C \u200D ౦-౯]</exemplarCharacters>
	</characters>
	<delimiters>
		<quotationStart draft="unconfirmed">'</quotationStart>
		<quotationEnd draft="unconfirmed">'</quotationEnd>
		<alternateQuotationStart draft="unconfirmed">&quot;</alternateQuotationStart>
		<alternateQuotationEnd draft="unconfirmed">&quot;</alternateQuotationEnd>
	</delimiters>
	<dates>
		<calendars>
			<calendar type="gregorian">
				<months>
					<monthContext type="format">
						<monthWidth type="abbreviated">
							<month type="1">జనవరి</month>
							<month type="2">ఫిబ్రవరి</month>
							<month type="3">మార్చి</month>
							<month type="4">ఏప్రిల్</month>
							<month type="5">మే</month>
							<month type="6">జూన్</month>
							<month type="7">జూలై</month>
							<month type="8">ఆగస్టు</month>
							<month type="9">సెప్టెంబర్</month>
							<month type="10">అక్టోబర్</month>
							<month type="11">నవంబర్</month>
							<month type="12">డిసెంబర్</month>
						</monthWidth>
						<monthWidth type="wide">
							<month type="1">జనవరి</month>
							<month type="2">ఫిబ్రవరి</month>
							<month type="3">మార్చి</month>
							<month type="4">ఏప్రిల్</month>
							<month type="5">మే</month>
							<month type="6">జూన్</month>
							<month type="7">జూలై</month>
							<month type="8">ఆగస్టు</month>
							<month type="9">సెప్టెంబర్</month>
							<month type="10">అక్టోబర్</month>
							<month type="11">నవంబర్</month>
							<month type="12">డిసెంబర్</month>
						</monthWidth>
					</monthContext>
					<monthContext type="stand-alone">
						<monthWidth type="narrow">
							<month type="1" draft="unconfirmed">జ</month>
							<month type="2" draft="unconfirmed">ఫి</month>
							<month type="3" draft="unconfirmed">మ</month>
							<month type="4" draft="unconfirmed">ఎ</month>
							<month type="5" draft="unconfirmed">మె</month>
							<month type="6" draft="unconfirmed">జు</month>
							<month type="7" draft="unconfirmed">జు</month>
							<month type="8" draft="unconfirmed">ఆ</month>
							<month type="9" draft="unconfirmed">సె</month>
							<month type="10" draft="unconfirmed">అ</month>
							<month type="11" draft="unconfirmed">న</month>
							<month type="12" draft="unconfirmed">డి</month>
						</monthWidth>
					</monthContext>
				</months>
				<days>
					<dayContext type="format">
						<dayWidth type="abbreviated">
							<day type="sun">ఆది</day>
							<day type="mon">సోమ</day>
							<day type="tue">మంగళ</day>
							<day type="wed">బుధ</day>
							<day type="thu">గురు</day>
							<day type="fri">శుక్ర</day>
							<day type="sat">శని</day>
						</dayWidth>
						<dayWidth type="wide">
							<day type="sun">ఆదివారం</day>
							<day type="mon">సోమవారం</day>
							<day type="tue">మంగళవారం</day>
							<day type="wed">బుధవారం</day>
							<day type="thu">గురువారం</day>
							<day type="fri">శుక్రవారం</day>
							<day type="sat">శనివారం</day>
						</dayWidth>
					</dayContext>
					<dayContext type="stand-alone">
						<dayWidth type="narrow">
							<day type="sun" draft="unconfirmed">ఆ</day>
							<day type="mon" draft="unconfirmed">2</day>
							<day type="tue" draft="unconfirmed">సొ</day>
							<day type="wed" draft="unconfirmed">భు</day>
							<day type="thu" draft="unconfirmed">గు</day>
							<day type="fri" draft="unconfirmed">శు</day>
							<day type="sat" draft="unconfirmed">శ</day>
						</dayWidth>
					</dayContext>
				</days>
				<quarters>
					<quarterContext type="format">
						<quarterWidth type="abbreviated">
							<quarter type="1" draft="unconfirmed">Q1</quarter>
							<quarter type="2" draft="unconfirmed">Q2</quarter>
							<quarter type="3" draft="unconfirmed">Q3</quarter>
							<quarter type="4" draft="unconfirmed">Q4</quarter>
						</quarterWidth>
						<quarterWidth type="wide">
							<quarter type="1">ఒకటి  1</quarter>
							<quarter type="2">రెండు  2</quarter>
							<quarter type="3">మూడు 3</quarter>
							<quarter type="4">నాలుగు 4</quarter>
						</quarterWidth>
					</quarterContext>
				</quarters>
				<am>పూర్వాహ్నం</am>
				<pm>అపరాహ్నం</pm>
				<eras>
					<!-- Warning: These look like abbreviations and not full names. -->
					<eraNames>
						<era type="0" draft="unconfirmed">ఈసాపూర్వ.</era>
						<era type="1" draft="unconfirmed">సన్.</era>
					</eraNames>
					<eraAbbr>
						<era type="0" draft="unconfirmed">BCE</era>
						<era type="1" draft="unconfirmed">CE</era>
					</eraAbbr>
				</eras>
				<dateFormats>
					<dateFormatLength type="full">
						<dateFormat>
							<pattern draft="unconfirmed">EEEE d MMMM yyyy</pattern>
							<pattern alt="proposed-x1001" draft="unconfirmed">EEEE, yyyy MMMM dd</pattern>
						</dateFormat>
					</dateFormatLength>
					<dateFormatLength type="long">
						<dateFormat>
							<pattern draft="unconfirmed">d MMMM yyyy</pattern>
							<pattern alt="proposed-x1001" draft="unconfirmed">yyyy MMMM d</pattern>
						</dateFormat>
					</dateFormatLength>
					<dateFormatLength type="medium">
						<dateFormat>
							<pattern draft="unconfirmed">dd-MM-yyyy</pattern>
							<pattern alt="proposed-x1001" draft="unconfirmed">yyyy MMM d</pattern>
						</dateFormat>
					</dateFormatLength>
					<dateFormatLength type="short">
						<dateFormat>
							<pattern draft="unconfirmed">dd-MM-yy</pattern>
							<pattern alt="proposed-x1001" draft="unconfirmed">yy/MM/dd</pattern>
						</dateFormat>
					</dateFormatLength>
				</dateFormats>
				<timeFormats>
					<timeFormatLength type="full">
						<timeFormat>
							<pattern draft="unconfirmed">h:mm:ss a v</pattern>
							<pattern alt="proposed-x1001" draft="unconfirmed">HH:mm:ss v</pattern>
						</timeFormat>
					</timeFormatLength>
					<timeFormatLength type="long">
						<timeFormat>
							<pattern draft="unconfirmed">h:mm:ss a z</pattern>
							<pattern alt="proposed-x1001" draft="unconfirmed">HH:mm:ss z</pattern>
						</timeFormat>
					</timeFormatLength>
					<timeFormatLength type="medium">
						<timeFormat>
							<pattern draft="unconfirmed">h:mm:ss a</pattern>
							<pattern alt="proposed-x1001" draft="unconfirmed">HH:mm:ss</pattern>
						</timeFormat>
					</timeFormatLength>
					<timeFormatLength type="short">
						<timeFormat>
							<pattern draft="unconfirmed">h:mm a</pattern>
							<pattern alt="proposed-x1001" draft="unconfirmed">HH:mm</pattern>
						</timeFormat>
					</timeFormatLength>
				</timeFormats>
				<dateTimeFormats>
					<dateTimeFormatLength>
						<dateTimeFormat>
							<pattern draft="unconfirmed">{1} {0}</pattern>
						</dateTimeFormat>
					</dateTimeFormatLength>
					<availableFormats>
						<dateFormatItem id="MMMMd" draft="unconfirmed">d MMMM</dateFormatItem>
						<dateFormatItem id="MMdd" draft="unconfirmed">dd-MM</dateFormatItem>
						<dateFormatItem id="yyQ" draft="unconfirmed">Q yy</dateFormatItem>
						<dateFormatItem id="yyyyMM" draft="unconfirmed">MM-yyyy</dateFormatItem>
						<dateFormatItem id="yyyyMMMM" draft="unconfirmed">MMMM yyyy</dateFormatItem>
					</availableFormats>
				</dateTimeFormats>
			</calendar>
		</calendars>
		<timeZoneNames>
			<hourFormat draft="unconfirmed">+HH:mm;-HH:mm</hourFormat>
			<gmtFormat draft="unconfirmed">GMT{0}</gmtFormat>
			<regionFormat draft="unconfirmed">{0}</regionFormat>
		</timeZoneNames>
	</dates>
	<numbers>
		<symbols>
			<nativeZeroDigit>౦</nativeZeroDigit>
		</symbols>
		<decimalFormats>
			<decimalFormatLength>
				<decimalFormat>
					<pattern>#,##,##0.###</pattern>
				</decimalFormat>
			</decimalFormatLength>
		</decimalFormats>
		<percentFormats>
			<percentFormatLength>
				<percentFormat>
					<pattern>#,##,##0%</pattern>
				</percentFormat>
			</percentFormatLength>
		</percentFormats>
		<currencyFormats>
			<currencyFormatLength>
				<currencyFormat>
					<pattern>¤ #,##,##0.00</pattern>
				</currencyFormat>
			</currencyFormatLength>
		</currencyFormats>
		<currencies>
			<currency type="BRL">
				<displayName>బ్రజిల్ దేశ రియాల్</displayName>
				<symbol>రి$</symbol>
			</currency>
			<currency type="CNY">
				<displayName>చైనా  దేశ యువాన్ రెన్‌మిన్‌బి</displayName>
				<symbol>యు</symbol>
			</currency>
			<currency type="EUR">
				<displayName>యురొ</displayName>
			</currency>
			<currency type="GBP">
				<displayName>బ్ిటిష్ పౌన్డ స్టెర్లిగ్</displayName>
			</currency>
			<currency type="INR">
				<displayName>రూపాయి</displayName>
				<symbol>రూ.</symbol>
			</currency>
			<currency type="JPY">
				<displayName>జపాను దేశ యెస్</displayName>
			</currency>
			<currency type="RUB">
				<displayName>రష్య దేశ రూబల్</displayName>
				<symbol>రూబల్</symbol>
			</currency>
			<currency type="USD">
				<displayName>ఐక్య రాష్ట్ర అమెరిక డాలర్</displayName>
			</currency>
		</currencies>
	</numbers>
	<posix>
		<messages>
			<yesstr draft="unconfirmed">అవను</yesstr>
			<nostr draft="unconfirmed">కాదు</nostr>
		</messages>
	</posix>
</ldml>
<!-- Old Comments. See root.xml for more info.
Telugu Locale. Data by Ram [ram <at> jtcsv.com]
-->
