<?xml version="1.0" encoding="UTF-8" ?>
<!DOCTYPE ldml SYSTEM "http://www.unicode.org/cldr/dtd/1.5/ldml.dtd">
<ldml>
	<identity>
		<version number="$Revision: 1.55 $"/>
		<generation date="$Date: 2007/07/19 22:31:40 $"/>
		<language type="ti"/>
	</identity>
	<localeDisplayNames>
		<languages>
			<language type="af" draft="unconfirmed">አፍሪቃንሰኛ</language>
			<language type="am" draft="unconfirmed">አምሐረኛ</language>
			<language type="ar" draft="unconfirmed">ዓረበኛ</language>
			<language type="az" draft="unconfirmed">አዜርባይጃንኛ</language>
			<language type="be" draft="unconfirmed">ቤላራሻኛ</language>
			<language type="bg" draft="unconfirmed">ቡልጋሪኛ</language>
			<language type="bh" draft="unconfirmed">ቢሃሪ</language>
			<language type="bn" draft="unconfirmed">በንጋሊኛ</language>
			<language type="br" draft="unconfirmed">ብሬቶን</language>
			<language type="bs" draft="unconfirmed">ቦስኒያን</language>
			<language type="ca" draft="unconfirmed">ካታላን</language>
			<language type="cs" draft="unconfirmed">ቼክኛ</language>
			<language type="cy" draft="unconfirmed">ወልሽ</language>
			<language type="da" draft="unconfirmed">ዴኒሽ</language>
			<language type="de" draft="unconfirmed">ጀርመን</language>
			<language type="el" draft="unconfirmed">ግሪከኛ</language>
			<language type="en" draft="unconfirmed">እንግሊዝኛ</language>
			<language type="eo" draft="unconfirmed">ኤስፐራንቶ</language>
			<language type="es" draft="unconfirmed">ስፓኒሽ</language>
			<language type="et" draft="unconfirmed">ኤስቶኒአን</language>
			<language type="eu" draft="unconfirmed">ባስክኛ</language>
			<language type="fa" draft="unconfirmed">ፐርሲያኛ</language>
			<language type="fi" draft="unconfirmed">ፊኒሽ</language>
			<language type="fil" draft="unconfirmed">ታጋሎገኛ</language>
			<language type="fo" draft="unconfirmed">ፋሮኛ</language>
			<language type="fr" draft="unconfirmed">ፈረንሳይኛ</language>
			<language type="fy" draft="unconfirmed">ፍሪሰኛ</language>
			<language type="ga" draft="unconfirmed">አይሪሽ</language>
			<language type="gd" draft="unconfirmed">እስኮትስ ጌልክኛ</language>
			<language type="gl" draft="unconfirmed">ጋለቪኛ</language>
			<language type="gn" draft="unconfirmed">ጓራኒ</language>
			<language type="gu" draft="unconfirmed">ጉጃራቲኛ</language>
			<language type="he" draft="unconfirmed">ዕብራስጥ</language>
			<language type="hi" draft="unconfirmed">ሕንደኛ</language>
			<language type="hr" draft="unconfirmed">ክሮሽያንኛ</language>
			<language type="hu" draft="unconfirmed">ሀንጋሪኛ</language>
			<language type="ia" draft="unconfirmed">ኢንቴር ቋንቋ</language>
			<language type="id" draft="unconfirmed">እንዶኑሲኛ</language>
			<language type="is" draft="unconfirmed">አይስላንደኛ</language>
			<language type="it" draft="unconfirmed">ጣሊያንኛ</language>
			<language type="ja" draft="unconfirmed">ጃፓንኛ</language>
			<language type="jv" draft="unconfirmed">ጃቫንኛ</language>
			<language type="ka" draft="unconfirmed">ጊዮርጊያኛ</language>
			<language type="kn" draft="unconfirmed">ካማደኛ</language>
			<language type="ko" draft="unconfirmed">ኮሪያኛ</language>
			<language type="ku" draft="unconfirmed">ኩርድሽ</language>
			<language type="ky" draft="unconfirmed">ኪሩጋዚ</language>
			<language type="la" draft="unconfirmed">ላቲንኛ</language>
			<language type="lt" draft="unconfirmed">ሊቱአኒየን</language>
			<language type="lv" draft="unconfirmed">ላቲቪያን</language>
			<language type="mk" draft="unconfirmed">ማክዶኒኛ</language>
			<language type="ml" draft="unconfirmed">ማላያላምኛ</language>
			<language type="mr" draft="unconfirmed">ማራቲኛ</language>
			<language type="ms" draft="unconfirmed">ማላይኛ</language>
			<language type="mt" draft="unconfirmed">ማልቲስኛ</language>
			<language type="ne" draft="unconfirmed">ኔፖሊኛ</language>
			<language type="nl" draft="unconfirmed">ደች</language>
			<language type="nn" draft="unconfirmed">ኖርዌይኛ (ናይ ኝኖርስክ)</language>
			<language type="no" draft="unconfirmed">ኖርዌጂያን</language>
			<language type="oc" draft="unconfirmed">ኦኪታንኛ</language>
			<language type="or" draft="unconfirmed">ኦሪያ</language>
			<language type="pa" draft="unconfirmed">ፑንጃቢኛ</language>
			<language type="pl" draft="unconfirmed">ፖሊሽ</language>
			<language type="ps" draft="unconfirmed">ፓሽቶ</language>
			<language type="pt" draft="unconfirmed">ፖርቱጋሊኛ</language>
			<language type="pt_BR" draft="unconfirmed">ፖርቱጋልኛ (ናይ ብራዚል)</language>
			<language type="pt_PT" draft="unconfirmed">ፖርቱጋልኛ (ናይ ፖርቱጋል)</language>
			<language type="ro" draft="unconfirmed">ሮማኒያን</language>
			<language type="ru" draft="unconfirmed">ራሽኛ</language>
			<language type="sh" draft="unconfirmed">ሰርቦ- ክሮዊታን</language>
			<language type="si" draft="unconfirmed">ስንሃልኛ</language>
			<language type="sk" draft="unconfirmed">ስሎቨክኛ</language>
			<language type="sl" draft="unconfirmed">ስቁቪኛ</language>
			<language type="sq" draft="unconfirmed">አልቤኒኛ</language>
			<language type="sr" draft="unconfirmed">ሰርቢኛ</language>
			<language type="st" draft="unconfirmed">ሰሴቶ</language>
			<language type="su" draft="unconfirmed">ሱዳንኛ</language>
			<language type="sv" draft="unconfirmed">ስዊድንኛ</language>
			<language type="sw" draft="unconfirmed">ሰዋሂሊኛ</language>
			<language type="ta" draft="unconfirmed">ታሚልኛ</language>
			<language type="te" draft="unconfirmed">ተሉጉኛ</language>
			<language type="th" draft="unconfirmed">ታይኛ</language>
			<language type="ti">ትግርኛ</language>
			<language type="tk" draft="unconfirmed">ናይ ቱርኪ ሰብዓይ (ቱርካዊ)</language>
			<language type="tlh" draft="unconfirmed">ክሊንግኦንኛ</language>
			<language type="tr" draft="unconfirmed">ቱርከኛ</language>
			<language type="tw" draft="unconfirmed">ትዊ</language>
			<language type="uk" draft="unconfirmed">ዩክረኒኛ</language>
			<language type="ur" draft="unconfirmed">ኡርዱኛ</language>
			<language type="uz" draft="unconfirmed">ኡዝበክኛ</language>
			<language type="vi" draft="unconfirmed">ቪትናምኛ</language>
			<language type="xh" draft="unconfirmed">ዞሳኛ</language>
			<language type="yi" draft="unconfirmed">ዪዲሽ</language>
			<language type="zu" draft="unconfirmed">ዙሉኛ</language>
		</languages>
		<scripts>
			<script type="Ethi" draft="unconfirmed">ፊደል</script>
			<script type="Latn" draft="unconfirmed">ላቲን</script>
		</scripts>
		<territories>
			<alias source="am"/>
		</territories>
	</localeDisplayNames>
	<characters>
		<exemplarCharacters>[፟ ሀ-ሆ ለ-ቆ ቈ ቊ-ቍ ቐ-ቖ ቘ ቚ-ቝ በ-ኆ ኈ ኊ-ኍ ነ-ኮ ኰ ኲ-ኵ ኸ-ኾ ዀ ዂ-ዅ ወ-ዎ ዐ-ዖ ዘ-ዮ ደ-ዷ ጀ-ጎ ጐ ጒ-ጕ ጠ-ፗ]</exemplarCharacters>
		<exemplarCharacters type="auxiliary" draft="unconfirmed">[᎐-᎙ ሇ ⶀ ᎀ-ᎃ ⶁ-ⶄ ቇ ᎄ-ᎇ ⶅ-ⶇ ኇ ⶈ-ⶊ ኯ ዏ ⶋ ዯ ⶌ ዸ-ዿ ⶍ ⶎ ጏ ጘ-ጟ ⶓ-ⶖ ⶏ-ⶑ ፇ ᎈ-ᎏ ⶒ ፘ-ፚ ⶠ-ⶦ ⶨ-ⶮ ⶰ-ⶶ ⶸ-ⶾ ⷀ-ⷆ ⷈ-ⷎ ⷐ-ⷖ ⷘ-ⷞ]</exemplarCharacters>
		<exemplarCharacters alt="proposed-x1001" draft="unconfirmed">[፟ ፡ ፣-፧ ። ፠ ፨ ፲-፼ ፩-፱ ሀ-ሆ ለ-ቆ ቈ ቊ-ቍ ቐ-ቖ ቘ ቚ-ቝ በ-ኆ ኈ ኊ-ኍ ነ-ኮ ኰ ኲ-ኵ ኸ-ኾ ዀ ዂ-ዅ ወ-ዎ ዐ-ዖ ዘ-ዮ ደ-ዷ ጀ-ጎ ጐ ጒ-ጕ ጠ-ፗ]</exemplarCharacters>
		<exemplarCharacters alt="proposed-x1002" draft="unconfirmed">[፟ ፡ ፣-፧ ። ፠ ፨ ᎐-᎙ ፲-፼ ፩-፱ ሀ-ሏ ⶀ ሐ-ሟ ᎀ-ᎃ ⶁ ሠ-ሯ ⶂ ሰ-ሷ ⶃ ሸ-ሿ ⶄ ቀ-ቈ ቊ-ቍ ቐ-ቖ ቘ ቚ-ቝ በ-ቧ ᎄ-ᎇ ⶅ ቨ-ቷ ⶆ ቸ-ቿ ⶇ ኀ-ኈ ኊ-ኍ ነ-ኗ ⶈ ኘ-ኟ ⶉ አ-ኧ ⶊ ከ-ኰ ኲ-ኵ ኸ-ኾ ዀ ዂ-ዅ ወ-ዖ ዘ-ዟ ⶋ ዠ-ዷ ⶌ ዸ-ዿ ⶍ ጀ-ጇ ⶎ ገ-ጐ ጒ-ጕ ጘ-ጟ ⶓ-ⶖ ጠ-ጧ ⶏ ጨ-ጯ ⶐ ጰ-ጷ ⶑ ጸ-ፏ ᎈ-ᎋ ፐ-ፗ ᎌ-ᎏ ⶒ ፘ-ፚ ⶠ-ⶦ ⶨ-ⶮ ⶰ-ⶶ ⶸ-ⶾ ⷀ-ⷆ ⷈ-ⷎ ⷐ-ⷖ ⷘ-ⷞ]</exemplarCharacters>
	</characters>
	<dates>
		<calendars>
			<calendar type="gregorian">
				<months>
					<monthContext type="format">
						<monthWidth type="abbreviated">
							<month type="1">ጃንዩ</month>
							<month type="2">ፌብሩ</month>
							<month type="3">ማርች</month>
							<month type="4">ኤፕረ</month>
							<month type="5">ሜይ</month>
							<month type="6">ጁን</month>
							<month type="7">ጁላይ</month>
							<month type="8">ኦገስ</month>
							<month type="9">ሴፕቴ</month>
							<month type="10">ኦክተ</month>
							<month type="11">ኖቬም</month>
							<month type="12">ዲሴም</month>
						</monthWidth>
						<monthWidth type="wide">
							<month type="1">ጃንዩወሪ</month>
							<month type="2">ፌብሩወሪ</month>
							<month type="3">ማርች</month>
							<month type="4">ኤፕረል</month>
							<month type="5">ሜይ</month>
							<month type="6">ጁን</month>
							<month type="7">ጁላይ</month>
							<month type="8">ኦገስት</month>
							<month type="9">ሴፕቴምበር</month>
							<month type="10">ኦክተውበር</month>
							<month type="11">ኖቬምበር</month>
							<month type="12">ዲሴምበር</month>
						</monthWidth>
					</monthContext>
					<monthContext type="stand-alone">
						<monthWidth type="narrow">
							<month type="1" draft="unconfirmed">ጃ</month>
							<month type="2" draft="unconfirmed">ፌ</month>
							<month type="3" draft="unconfirmed">ማ</month>
							<month type="4" draft="unconfirmed">ኤ</month>
							<month type="5" draft="unconfirmed">ሜ</month>
							<month type="6" draft="unconfirmed">ጁ</month>
							<month type="7" draft="unconfirmed">ጁ</month>
							<month type="8" draft="unconfirmed">ኦ</month>
							<month type="9" draft="unconfirmed">ሴ</month>
							<month type="10" draft="unconfirmed">ኦ</month>
							<month type="11" draft="unconfirmed">ኖ</month>
							<month type="12" draft="unconfirmed">ዲ</month>
						</monthWidth>
					</monthContext>
				</months>
				<days>
					<dayContext type="format">
						<dayWidth type="abbreviated">
							<day type="sun">ሰንበ</day>
							<day type="mon">ሰኑይ</day>
							<day type="tue">ሠሉስ</day>
							<day type="wed">ረቡዕ</day>
							<day type="thu">ኃሙስ</day>
							<day type="fri">ዓርቢ</day>
							<day type="sat">ቀዳም</day>
						</dayWidth>
						<dayWidth type="wide">
							<day type="sun">ሰንበት</day>
							<day type="mon">ሰኑይ</day>
							<day type="tue">ሠሉስ</day>
							<day type="wed">ረቡዕ</day>
							<day type="thu">ኃሙስ</day>
							<day type="fri">ዓርቢ</day>
							<day type="sat">ቀዳም</day>
						</dayWidth>
					</dayContext>
					<dayContext type="stand-alone">
						<dayWidth type="narrow">
							<day type="sun" draft="unconfirmed">ሰ</day>
							<day type="mon" draft="unconfirmed">ሰ</day>
							<day type="tue" draft="unconfirmed">ሠ</day>
							<day type="wed" draft="unconfirmed">ረ</day>
							<day type="thu" draft="unconfirmed">ኃ</day>
							<day type="fri" draft="unconfirmed">ዓ</day>
							<day type="sat" draft="unconfirmed">ቀ</day>
						</dayWidth>
					</dayContext>
				</days>
				<quarters>
					<quarterContext type="format">
						<quarterWidth type="abbreviated">
							<quarter type="1" draft="unconfirmed">Q1</quarter>
							<quarter type="2" draft="unconfirmed">Q2</quarter>
							<quarter type="3" draft="unconfirmed">Q3</quarter>
							<quarter type="4" draft="unconfirmed">Q4</quarter>
						</quarterWidth>
						<quarterWidth type="wide">
							<quarter type="1" draft="unconfirmed">Q1</quarter>
							<quarter type="2" draft="unconfirmed">Q2</quarter>
							<quarter type="3" draft="unconfirmed">Q3</quarter>
							<quarter type="4" draft="unconfirmed">Q4</quarter>
						</quarterWidth>
					</quarterContext>
				</quarters>
				<am>ንጉሆ ሰዓተ</am>
				<pm>ድሕር ሰዓት</pm>
				<eras>
					<eraAbbr>
						<era type="0">ዓ/ዓ</era>
						<era type="1">ዓ/ም</era>
					</eraAbbr>
				</eras>
				<dateFormats>
					<dateFormatLength type="full">
						<dateFormat>
							<pattern draft="unconfirmed">EEEE፣ dd MMMM መዓልቲ yyyy G</pattern>
							<pattern alt="proposed-x1001" draft="unconfirmed">EEEE, yyyy MMMM dd</pattern>
						</dateFormat>
					</dateFormatLength>
					<dateFormatLength type="long">
						<dateFormat>
							<pattern draft="unconfirmed">dd MMMM yyyy</pattern>
							<pattern alt="proposed-x1001" draft="unconfirmed">yyyy MMMM d</pattern>
						</dateFormat>
					</dateFormatLength>
					<dateFormatLength type="medium">
						<dateFormat>
							<pattern draft="unconfirmed">dd-MMM-yyyy</pattern>
							<pattern alt="proposed-x1001" draft="unconfirmed">yyyy MMM d</pattern>
						</dateFormat>
					</dateFormatLength>
					<dateFormatLength type="short">
						<dateFormat>
							<pattern draft="unconfirmed">dd/MM/yy</pattern>
							<pattern alt="proposed-x1001" draft="unconfirmed">yy/MM/dd</pattern>
						</dateFormat>
					</dateFormatLength>
				</dateFormats>
				<timeFormats>
					<timeFormatLength type="full">
						<timeFormat>
							<pattern draft="unconfirmed">h:mm:ss a v</pattern>
							<pattern alt="proposed-x1001" draft="unconfirmed">HH:mm:ss v</pattern>
						</timeFormat>
					</timeFormatLength>
					<timeFormatLength type="long">
						<timeFormat>
							<pattern draft="unconfirmed">h:mm:ss a z</pattern>
							<pattern alt="proposed-x1001" draft="unconfirmed">HH:mm:ss z</pattern>
						</timeFormat>
					</timeFormatLength>
					<timeFormatLength type="medium">
						<timeFormat>
							<pattern draft="unconfirmed">h:mm:ss a</pattern>
							<pattern alt="proposed-x1001" draft="unconfirmed">HH:mm:ss</pattern>
						</timeFormat>
					</timeFormatLength>
					<timeFormatLength type="short">
						<timeFormat>
							<pattern draft="unconfirmed">h:mm a</pattern>
							<pattern alt="proposed-x1001" draft="unconfirmed">HH:mm</pattern>
						</timeFormat>
					</timeFormatLength>
				</timeFormats>
				<dateTimeFormats>
					<dateTimeFormatLength>
						<dateTimeFormat>
							<pattern draft="unconfirmed">{1} {0}</pattern>
						</dateTimeFormat>
					</dateTimeFormatLength>
					<availableFormats>
						<dateFormatItem id="MMMMdd" draft="unconfirmed">dd MMMM</dateFormatItem>
						<dateFormatItem id="MMdd" draft="unconfirmed">dd/MM</dateFormatItem>
						<dateFormatItem id="yyMM" draft="unconfirmed">MM/yy</dateFormatItem>
						<dateFormatItem id="yyQ" draft="unconfirmed">Q yy</dateFormatItem>
						<dateFormatItem id="yyyyMMMM" draft="unconfirmed">MMMM yyyy</dateFormatItem>
					</availableFormats>
				</dateTimeFormats>
			</calendar>
		</calendars>
		<timeZoneNames>
			<hourFormat draft="unconfirmed">+HH:mm;-HH:mm</hourFormat>
			<gmtFormat draft="unconfirmed">GMT{0}</gmtFormat>
			<regionFormat draft="unconfirmed">{0}</regionFormat>
		</timeZoneNames>
	</dates>
	<numbers>
		<currencyFormats>
			<currencyFormatLength>
				<currencyFormat>
					<pattern>¤#,##0.00</pattern>
				</currencyFormat>
			</currencyFormatLength>
		</currencyFormats>
		<currencies>
			<currency type="BRL">
				<displayName draft="unconfirmed">የብራዚል ሪል</displayName>
			</currency>
			<currency type="CNY">
				<displayName draft="unconfirmed">የቻይና ዩአን ረንሚንቢ</displayName>
				<symbol draft="unconfirmed">Y</symbol>
			</currency>
			<currency type="ETB">
				<displayName draft="unconfirmed">የኢትዮጵያ ብር</displayName>
				<symbol draft="unconfirmed">$</symbol>
			</currency>
			<currency type="EUR">
				<displayName draft="unconfirmed">አውሮ</displayName>
			</currency>
			<currency type="GBP">
				<displayName draft="unconfirmed">የእንግሊዝ ፓውንድ ስተርሊንግ</displayName>
			</currency>
			<currency type="INR">
				<displayName draft="unconfirmed">የሕንድ ሩፒ</displayName>
			</currency>
			<currency type="JPY">
				<displayName draft="unconfirmed">የጃፓን የን</displayName>
			</currency>
			<currency type="RUB">
				<displayName draft="unconfirmed">የራሻ ሩብል</displayName>
			</currency>
			<currency type="USD">
				<displayName draft="unconfirmed">የአሜሪካን ዶላር</displayName>
				<symbol alt="proposed-x1001" draft="unconfirmed">USD</symbol>
			</currency>
		</currencies>
	</numbers>
</ldml>
<!-- Old Comments. See root.xml for more info.
URL: http://oss.software.ibm.com/cvs/icu/icu/source/data/locales/ti.txt?only_with_tag=final-update-LDML

* Tigrigna language locale.
* Contributed by Daniel Yacob <yacob@geez.org>, Ge'ez Frontier Foundation
-->

