<?xml version="1.0" encoding="UTF-8" ?>
<!DOCTYPE ldml SYSTEM "http://www.unicode.org/cldr/dtd/1.5/ldml.dtd">
<ldml>
	<identity>
		<version number="$Revision: 1.20 $"/>
		<generation date="$Date: 2007/07/14 23:02:17 $"/>
		<language type="tn"/>
	</identity>
	<localeDisplayNames>
		<languages>
			<language type="af" draft="unconfirmed">Seburu</language>
			<language type="am" draft="unconfirmed">Amhariki</language>
			<language type="ar" draft="unconfirmed">Arabic</language>
			<language type="az" draft="unconfirmed">Azerbaijani</language>
			<language type="be" draft="unconfirmed">Belarusian</language>
			<language type="bg" draft="unconfirmed">Bulgarian</language>
			<language type="bh" draft="unconfirmed">Bihari</language>
			<language type="bn" draft="unconfirmed">Bengali</language>
			<language type="bs" draft="unconfirmed">SeBosnia</language>
			<language type="ca" draft="unconfirmed">Catalan</language>
			<language type="cs" draft="unconfirmed">Se Czeck</language>
			<language type="cy" draft="unconfirmed">Welsh</language>
			<language type="da" draft="unconfirmed">Danish</language>
			<language type="de" draft="unconfirmed">German</language>
			<language type="el" draft="unconfirmed">SeGerika</language>
			<language type="en" draft="unconfirmed">Sekgoa</language>
			<language type="eo" draft="unconfirmed">Esperanto</language>
			<language type="es" draft="unconfirmed">Spanish</language>
			<language type="et" draft="unconfirmed">Estonian</language>
			<language type="eu" draft="unconfirmed">Basque</language>
			<language type="fa" draft="unconfirmed">Mo/SePerishia</language>
			<language type="fi" draft="unconfirmed">Se-Finland</language>
			<language type="fil" draft="unconfirmed">Tagalog</language>
			<language type="fo" draft="unconfirmed">Faroese</language>
			<language type="fr" draft="unconfirmed">Se Fora</language>
			<language type="fy" draft="unconfirmed">Frisian</language>
			<language type="ga" draft="unconfirmed">Irish</language>
			<language type="gd" draft="unconfirmed">Scots Gaelic</language>
			<language type="gl" draft="unconfirmed">Galician</language>
			<language type="gu" draft="unconfirmed">Gujarati</language>
			<language type="he" draft="unconfirmed">Se heberu</language>
			<language type="hi" draft="unconfirmed">Hindi</language>
			<language type="hr" draft="unconfirmed">Croatian</language>
			<language type="hu" draft="unconfirmed">Hungarian</language>
			<language type="ia" draft="unconfirmed">Interlingua</language>
			<language type="id" draft="unconfirmed">Indonesian</language>
			<language type="is" draft="unconfirmed">Icelandic</language>
			<language type="it" draft="unconfirmed">Se Italiano</language>
			<language type="ja" draft="unconfirmed">Se Japan</language>
			<language type="jv" draft="unconfirmed">Javanese</language>
			<language type="ka" draft="unconfirmed">Mo/SeJojia</language>
			<language type="kn" draft="unconfirmed">Kannada</language>
			<language type="ko" draft="unconfirmed">Se Korea</language>
			<language type="la" draft="unconfirmed">Latin</language>
			<language type="lt" draft="unconfirmed">Lithuanian</language>
			<language type="lv" draft="unconfirmed">Latvian</language>
			<language type="mk" draft="unconfirmed">Macedonian</language>
			<language type="ml" draft="unconfirmed">Malayalam</language>
			<language type="mr" draft="unconfirmed">Marathi</language>
			<language type="ms" draft="unconfirmed">Malay</language>
			<language type="mt" draft="unconfirmed">Maltese</language>
			<language type="ne" draft="unconfirmed">Nepali</language>
			<language type="nl" draft="unconfirmed">Se Dutch</language>
			<language type="no" draft="unconfirmed">Puo ya kwa Norway</language>
			<language type="oc" draft="unconfirmed">Occitan</language>
			<language type="pa" draft="unconfirmed">Punjabi</language>
			<language type="pl" draft="unconfirmed">Se Poland</language>
			<language type="pt" draft="unconfirmed">Se  Potoketsi</language>
			<language type="ro" draft="unconfirmed">Se Roma</language>
			<language type="ru" draft="unconfirmed">Russian</language>
			<language type="sk" draft="unconfirmed">Slovak</language>
			<language type="sl" draft="unconfirmed">Slovenian</language>
			<language type="sq" draft="unconfirmed">Albanian</language>
			<language type="sr" draft="unconfirmed">Serbian</language>
			<language type="su" draft="unconfirmed">Mo/SeSundane</language>
			<language type="sv" draft="unconfirmed">Swedish</language>
			<language type="sw" draft="unconfirmed">Swahili</language>
			<language type="ta" draft="unconfirmed">Tamil</language>
			<language type="te" draft="unconfirmed">Telugu</language>
			<language type="th" draft="unconfirmed">Thai</language>
			<language type="ti" draft="unconfirmed">Tigrinya</language>
			<language type="tlh" draft="unconfirmed">Klingon</language>
			<language type="tn" draft="provisional">Setswana</language>
			<language type="tr" draft="unconfirmed">Turkish</language>
			<language type="uk" draft="unconfirmed">Ukrainian</language>
			<language type="ur" draft="unconfirmed">Urdu</language>
			<language type="uz" draft="unconfirmed">Uzbek</language>
			<language type="vi" draft="unconfirmed">Vietnamese</language>
			<language type="xh" draft="unconfirmed">IsiXhosa</language>
			<language type="zu" draft="unconfirmed">IsiZulu</language>
		</languages>
	</localeDisplayNames>
	<characters>
		<exemplarCharacters references="R231">[a b d e ê f-o ô p r-u w y]</exemplarCharacters>
		<exemplarCharacters type="auxiliary" references="R229">[c q v x z]</exemplarCharacters>
	</characters>
	<delimiters>
		<quotationStart draft="unconfirmed">‘</quotationStart>
		<quotationEnd draft="unconfirmed">’</quotationEnd>
		<alternateQuotationStart draft="unconfirmed">“</alternateQuotationStart>
		<alternateQuotationEnd draft="unconfirmed">”</alternateQuotationEnd>
	</delimiters>
	<dates>
		<calendars>
			<calendar type="gregorian">
				<months>
					<monthContext type="format">
						<monthWidth type="abbreviated">
							<month type="1" draft="unconfirmed">Fer</month>
							<month type="2" draft="unconfirmed">Tlh</month>
							<month type="3" draft="unconfirmed">Mop</month>
							<month type="4" draft="unconfirmed">Mor</month>
							<month type="5" draft="unconfirmed">Mot</month>
							<month type="6" draft="unconfirmed">See</month>
							<month type="7" draft="unconfirmed">Phu</month>
							<month type="8" draft="unconfirmed">Pha</month>
							<month type="9" draft="unconfirmed">Lwe</month>
							<month type="10" draft="unconfirmed">Dip</month>
							<month type="11" draft="unconfirmed">Ngw</month>
							<month type="12" draft="unconfirmed">Sed</month>
						</monthWidth>
						<monthWidth type="wide">
							<month type="1" draft="unconfirmed">Ferikgong</month>
							<month type="2" draft="unconfirmed">Tlhakole</month>
							<month type="3" draft="unconfirmed">Mopitlo</month>
							<month type="4" draft="unconfirmed">Moranang</month>
							<month type="5" draft="unconfirmed">Motsheganang</month>
							<month type="6" draft="unconfirmed">Seetebosigo</month>
							<month type="7" draft="unconfirmed">Phukwi</month>
							<month type="8" draft="unconfirmed">Phatwe</month>
							<month type="9" draft="unconfirmed">Lwetse</month>
							<month type="10" draft="unconfirmed">Diphalane</month>
							<month type="11" draft="unconfirmed">Ngwanatsele</month>
							<month type="12" draft="unconfirmed">Sedimonthole</month>
						</monthWidth>
					</monthContext>
					<monthContext type="stand-alone">
						<monthWidth type="narrow">
							<month type="1" draft="unconfirmed">1</month>
							<month type="2" draft="unconfirmed">2</month>
							<month type="3" draft="unconfirmed">3</month>
							<month type="4" draft="unconfirmed">4</month>
							<month type="5" draft="unconfirmed">5</month>
							<month type="6" draft="unconfirmed">6</month>
							<month type="7" draft="unconfirmed">7</month>
							<month type="8" draft="unconfirmed">8</month>
							<month type="9" draft="unconfirmed">9</month>
							<month type="10" draft="unconfirmed">10</month>
							<month type="11" draft="unconfirmed">11</month>
							<month type="12" draft="unconfirmed">12</month>
						</monthWidth>
					</monthContext>
				</months>
				<days>
					<dayContext type="format">
						<dayWidth type="abbreviated">
							<day type="sun" draft="unconfirmed">Tsh</day>
							<day type="mon" draft="unconfirmed">Mos</day>
							<day type="tue" draft="unconfirmed">Bed</day>
							<day type="wed" draft="unconfirmed">Rar</day>
							<day type="thu" draft="unconfirmed">Ne</day>
							<day type="fri" draft="unconfirmed">Tla</day>
							<day type="sat" draft="unconfirmed">Mat</day>
						</dayWidth>
						<dayWidth type="wide">
							<day type="sun" draft="unconfirmed">Tshipi</day>
							<day type="mon" draft="unconfirmed">Mosopulogo</day>
							<day type="tue" draft="unconfirmed">Labobedi</day>
							<day type="wed" draft="unconfirmed">Laboraro</day>
							<day type="thu" draft="unconfirmed">Labone</day>
							<day type="fri" draft="unconfirmed">Labotlhano</day>
							<day type="sat" draft="unconfirmed">Matlhatso</day>
						</dayWidth>
					</dayContext>
					<dayContext type="stand-alone">
						<dayWidth type="narrow">
							<day type="sun" draft="unconfirmed">1</day>
							<day type="mon" draft="unconfirmed">2</day>
							<day type="tue" draft="unconfirmed">3</day>
							<day type="wed" draft="unconfirmed">4</day>
							<day type="thu" draft="unconfirmed">5</day>
							<day type="fri" draft="unconfirmed">6</day>
							<day type="sat" draft="unconfirmed">7</day>
						</dayWidth>
					</dayContext>
				</days>
				<quarters>
					<quarterContext type="format">
						<quarterWidth type="abbreviated">
							<quarter type="1" draft="unconfirmed">Q1</quarter>
							<quarter type="2" draft="unconfirmed">Q2</quarter>
							<quarter type="3" draft="unconfirmed">Q3</quarter>
							<quarter type="4" draft="unconfirmed">Q4</quarter>
						</quarterWidth>
						<quarterWidth type="wide">
							<quarter type="1" draft="unconfirmed">Q1</quarter>
							<quarter type="2" draft="unconfirmed">Q2</quarter>
							<quarter type="3" draft="unconfirmed">Q3</quarter>
							<quarter type="4" draft="unconfirmed">Q4</quarter>
						</quarterWidth>
					</quarterContext>
				</quarters>
				<am draft="unconfirmed">AM</am>
				<pm draft="unconfirmed">PM</pm>
				<eras>
					<eraNames>
						<era type="0" draft="unconfirmed">BC</era>
						<era type="1" draft="unconfirmed">AD</era>
					</eraNames>
					<eraAbbr>
						<era type="0" draft="unconfirmed">BC</era>
						<era type="1" draft="unconfirmed">AD</era>
					</eraAbbr>
				</eras>
				<dateFormats>
					<dateFormatLength type="full">
						<dateFormat>
							<pattern draft="unconfirmed">EEEE, yyyy MMMM dd</pattern>
						</dateFormat>
					</dateFormatLength>
					<dateFormatLength type="long">
						<dateFormat>
							<pattern draft="unconfirmed">yyyy MMMM d</pattern>
						</dateFormat>
					</dateFormatLength>
					<dateFormatLength type="medium">
						<dateFormat>
							<pattern draft="unconfirmed">yyyy MMM d</pattern>
						</dateFormat>
					</dateFormatLength>
					<dateFormatLength type="short">
						<dateFormat>
							<pattern draft="unconfirmed">yy/MM/dd</pattern>
						</dateFormat>
					</dateFormatLength>
				</dateFormats>
				<timeFormats>
					<timeFormatLength type="full">
						<timeFormat>
							<pattern draft="unconfirmed">HH:mm:ss v</pattern>
						</timeFormat>
					</timeFormatLength>
					<timeFormatLength type="long">
						<timeFormat>
							<pattern draft="unconfirmed">HH:mm:ss z</pattern>
						</timeFormat>
					</timeFormatLength>
					<timeFormatLength type="medium">
						<timeFormat>
							<pattern draft="unconfirmed">HH:mm:ss</pattern>
						</timeFormat>
					</timeFormatLength>
					<timeFormatLength type="short">
						<timeFormat>
							<pattern draft="unconfirmed">HH:mm</pattern>
						</timeFormat>
					</timeFormatLength>
				</timeFormats>
				<dateTimeFormats>
					<dateTimeFormatLength>
						<dateTimeFormat>
							<pattern draft="unconfirmed">{1} {0}</pattern>
						</dateTimeFormat>
					</dateTimeFormatLength>
					<availableFormats>
						<dateFormatItem id="yyQ" draft="unconfirmed">Q yy</dateFormatItem>
					</availableFormats>
				</dateTimeFormats>
			</calendar>
		</calendars>
		<timeZoneNames>
			<hourFormat draft="unconfirmed">+HH:mm;-HH:mm</hourFormat>
			<gmtFormat draft="unconfirmed">GMT{0}</gmtFormat>
			<regionFormat draft="unconfirmed">{0}</regionFormat>
		</timeZoneNames>
	</dates>
	<numbers>
		<currencies>
			<currency type="ZAR">
				<symbol draft="unconfirmed">R</symbol>
			</currency>
		</currencies>
	</numbers>
	<references>
		<reference type="R229" uri="http://developer.mimer.com/charts/tswana.htm">Mimer Collation Charts - Tswana</reference>
		<reference type="R230" uri="http://www.eki.ee/letter/chardata.cgi?lang=tn+Tswana&amp;amp;script=latin">Letter Database (non-ASCII-range) - Tswana</reference>
		<reference type="R231" uri="http://www.ideography.co.uk/library/pdf/charsets.pdf">Character Sets for African Languages</reference>
	</references>
</ldml>
