<?xml version="1.0" encoding="UTF-8" ?>
<!DOCTYPE ldml SYSTEM "http://www.unicode.org/cldr/dtd/1.5/ldml.dtd">
<ldml>
	<identity>
		<version number="$Revision: 1.18 $"/>
		<generation date="$Date: 2007/07/14 23:02:17 $"/>
		<language type="ts"/>
	</identity>
	<localeDisplayNames>
		<languages>
			<language type="cs" draft="unconfirmed">Xi Czech</language>
			<language type="da" draft="unconfirmed">Xi Danish</language>
			<language type="de" draft="unconfirmed">Xi Jarimani</language>
			<language type="el" draft="unconfirmed">Xi Giriki</language>
			<language type="en" draft="unconfirmed">Xi Nghezi</language>
			<language type="es" draft="unconfirmed">Xi spain</language>
			<language type="et" draft="unconfirmed">hi xi Estonia</language>
			<language type="fi" draft="unconfirmed">Xi Finnish</language>
			<language type="fr" draft="unconfirmed">Xi Furwa</language>
			<language type="he" draft="unconfirmed">XiHeberu</language>
			<language type="hu" draft="unconfirmed">hi xi Hungary</language>
			<language type="is" draft="unconfirmed">hi xi Iceland</language>
			<language type="it" draft="unconfirmed">Xi Ithali</language>
			<language type="ja" draft="unconfirmed">Xi Japani</language>
			<language type="ko" draft="unconfirmed">Xikorea</language>
			<language type="lt" draft="unconfirmed">hi xi Lithuania</language>
			<language type="lv" draft="unconfirmed">hi xi Latvia</language>
			<language type="nl" draft="unconfirmed">Xi bunu</language>
			<language type="no" draft="unconfirmed">Xi Norway</language>
			<language type="pl" draft="unconfirmed">Xi Polixi</language>
			<language type="pt" draft="unconfirmed">Putukezi</language>
			<language type="ro" draft="unconfirmed">hi xi Romania</language>
			<language type="ru" draft="unconfirmed">Xi Rhaxiya</language>
			<language type="sv" draft="unconfirmed">Xi Swiden</language>
			<language type="ts" draft="provisional">Xitsonga</language>
		</languages>
	</localeDisplayNames>
	<characters>
		<exemplarCharacters>[a-z]</exemplarCharacters>
	</characters>
	<delimiters>
		<quotationStart draft="unconfirmed">‘</quotationStart>
		<quotationEnd draft="unconfirmed">’</quotationEnd>
		<alternateQuotationStart draft="unconfirmed">“</alternateQuotationStart>
		<alternateQuotationEnd draft="unconfirmed">”</alternateQuotationEnd>
	</delimiters>
	<dates>
		<calendars>
			<calendar type="gregorian">
				<months>
					<monthContext type="format">
						<monthWidth type="abbreviated">
							<month type="1" draft="unconfirmed">Sun</month>
							<month type="2" draft="unconfirmed">Yan</month>
							<month type="3" draft="unconfirmed">Kul</month>
							<month type="4" draft="unconfirmed">Dzi</month>
							<month type="5" draft="unconfirmed">Mud</month>
							<month type="6" draft="unconfirmed">Kho</month>
							<month type="7" draft="unconfirmed">Maw</month>
							<month type="8" draft="unconfirmed">Mha</month>
							<month type="9" draft="unconfirmed">Ndz</month>
							<month type="10" draft="unconfirmed">Nhl</month>
							<month type="11" draft="unconfirmed">Huk</month>
							<month type="12" draft="unconfirmed">N'w</month>
						</monthWidth>
						<monthWidth type="wide">
							<month type="1" draft="unconfirmed">Sunguti</month>
							<month type="2" draft="unconfirmed">Nyenyenyani</month>
							<month type="3" draft="unconfirmed">Nyenyankulu</month>
							<month type="4" draft="unconfirmed">Dzivamisoko</month>
							<month type="5" draft="unconfirmed">Mudyaxihi</month>
							<month type="6" draft="unconfirmed">Khotavuxika</month>
							<month type="7" draft="unconfirmed">Mawuwani</month>
							<month type="8" draft="unconfirmed">Mhawuri</month>
							<month type="9" draft="unconfirmed">Ndzhati</month>
							<month type="10" draft="unconfirmed">Nhlangula</month>
							<month type="11" draft="unconfirmed">Hukuri</month>
							<month type="12" draft="unconfirmed">N'wendzamhala</month>
						</monthWidth>
					</monthContext>
					<monthContext type="stand-alone">
						<monthWidth type="narrow">
							<month type="1" draft="unconfirmed">1</month>
							<month type="2" draft="unconfirmed">2</month>
							<month type="3" draft="unconfirmed">3</month>
							<month type="4" draft="unconfirmed">4</month>
							<month type="5" draft="unconfirmed">5</month>
							<month type="6" draft="unconfirmed">6</month>
							<month type="7" draft="unconfirmed">7</month>
							<month type="8" draft="unconfirmed">8</month>
							<month type="9" draft="unconfirmed">9</month>
							<month type="10" draft="unconfirmed">10</month>
							<month type="11" draft="unconfirmed">11</month>
							<month type="12" draft="unconfirmed">12</month>
						</monthWidth>
					</monthContext>
				</months>
				<days>
					<dayContext type="format">
						<dayWidth type="abbreviated">
							<day type="sun" draft="unconfirmed">Son</day>
							<day type="mon" draft="unconfirmed">Mus</day>
							<day type="tue" draft="unconfirmed">Bir</day>
							<day type="wed" draft="unconfirmed">Har</day>
							<day type="thu" draft="unconfirmed">Ne</day>
							<day type="fri" draft="unconfirmed">Tlh</day>
							<day type="sat" draft="unconfirmed">Mug</day>
						</dayWidth>
						<dayWidth type="wide">
							<day type="sun" draft="unconfirmed">Sonto</day>
							<day type="mon" draft="unconfirmed">Musumbhunuku</day>
							<day type="tue" draft="unconfirmed">Ravumbirhi</day>
							<day type="wed" draft="unconfirmed">Ravunharhu</day>
							<day type="thu" draft="unconfirmed">Ravumune</day>
							<day type="fri" draft="unconfirmed">Ravuntlhanu</day>
							<day type="sat" draft="unconfirmed">Mugqivela</day>
						</dayWidth>
					</dayContext>
					<dayContext type="stand-alone">
						<dayWidth type="narrow">
							<day type="sun" draft="unconfirmed">1</day>
							<day type="mon" draft="unconfirmed">2</day>
							<day type="tue" draft="unconfirmed">3</day>
							<day type="wed" draft="unconfirmed">4</day>
							<day type="thu" draft="unconfirmed">5</day>
							<day type="fri" draft="unconfirmed">6</day>
							<day type="sat" draft="unconfirmed">7</day>
						</dayWidth>
					</dayContext>
				</days>
				<quarters>
					<quarterContext type="format">
						<quarterWidth type="abbreviated">
							<quarter type="1" draft="unconfirmed">K1</quarter>
							<quarter type="2" draft="unconfirmed">K2</quarter>
							<quarter type="3" draft="unconfirmed">K3</quarter>
							<quarter type="4" draft="unconfirmed">K4</quarter>
						</quarterWidth>
						<quarterWidth type="wide">
							<quarter type="1" draft="unconfirmed">Kotara yo sungula</quarter>
							<quarter type="2" draft="unconfirmed">Kotara ya vumbirhi</quarter>
							<quarter type="3" draft="unconfirmed">Kotara ya vunharhu</quarter>
							<quarter type="4" draft="unconfirmed">Kotara ya vumune</quarter>
						</quarterWidth>
					</quarterContext>
				</quarters>
				<am draft="unconfirmed">AM</am>
				<pm draft="unconfirmed">PM</pm>
				<eras>
					<eraNames>
						<era type="0" draft="unconfirmed">BC</era>
						<era type="1" draft="unconfirmed">AD</era>
					</eraNames>
					<eraAbbr>
						<era type="0" draft="unconfirmed">BC</era>
						<era type="1" draft="unconfirmed">AD</era>
					</eraAbbr>
				</eras>
				<dateFormats>
					<dateFormatLength type="full">
						<dateFormat>
							<pattern draft="unconfirmed">EEEE, yyyy MMMM dd</pattern>
						</dateFormat>
					</dateFormatLength>
					<dateFormatLength type="long">
						<dateFormat>
							<pattern draft="unconfirmed">yyyy MMMM d</pattern>
						</dateFormat>
					</dateFormatLength>
					<dateFormatLength type="medium">
						<dateFormat>
							<pattern draft="unconfirmed">yyyy MMM d</pattern>
						</dateFormat>
					</dateFormatLength>
					<dateFormatLength type="short">
						<dateFormat>
							<pattern draft="unconfirmed">yy/MM/dd</pattern>
						</dateFormat>
					</dateFormatLength>
				</dateFormats>
				<timeFormats>
					<timeFormatLength type="full">
						<timeFormat>
							<pattern draft="unconfirmed">HH:mm:ss v</pattern>
						</timeFormat>
					</timeFormatLength>
					<timeFormatLength type="long">
						<timeFormat>
							<pattern draft="unconfirmed">HH:mm:ss z</pattern>
						</timeFormat>
					</timeFormatLength>
					<timeFormatLength type="medium">
						<timeFormat>
							<pattern draft="unconfirmed">HH:mm:ss</pattern>
						</timeFormat>
					</timeFormatLength>
					<timeFormatLength type="short">
						<timeFormat>
							<pattern draft="unconfirmed">HH:mm</pattern>
						</timeFormat>
					</timeFormatLength>
				</timeFormats>
				<dateTimeFormats>
					<dateTimeFormatLength>
						<dateTimeFormat>
							<pattern draft="unconfirmed">{1} {0}</pattern>
						</dateTimeFormat>
					</dateTimeFormatLength>
					<availableFormats>
						<dateFormatItem id="yyQ" draft="unconfirmed">Q yy</dateFormatItem>
					</availableFormats>
				</dateTimeFormats>
			</calendar>
		</calendars>
		<timeZoneNames>
			<hourFormat draft="unconfirmed">+HH:mm;-HH:mm</hourFormat>
			<gmtFormat draft="unconfirmed">GMT{0}</gmtFormat>
			<regionFormat draft="unconfirmed">{0}</regionFormat>
		</timeZoneNames>
	</dates>
	<numbers>
		<currencies>
			<currency type="ZAR">
				<symbol draft="unconfirmed">R</symbol>
			</currency>
		</currencies>
	</numbers>
</ldml>
