<?xml version="1.0" encoding="UTF-8" ?>
<!DOCTYPE ldml SYSTEM "http://www.unicode.org/cldr/dtd/1.5/ldml.dtd">
<ldml>
	<identity>
		<version number="$Revision: 1.18 $"/>
		<generation date="$Date: 2007/07/14 23:02:17 $"/>
		<language type="ve"/>
	</identity>
	<localeDisplayNames>
		<languages>
			<language type="ve" draft="provisional">Tshivenḓa</language>
		</languages>
	</localeDisplayNames>
	<characters>
		<exemplarCharacters draft="provisional">[a b d ḓ e-i k l ḽ m n ṅ ṋ o p r-t ṱ u-z]</exemplarCharacters>
		<!-- http://developer.mimer.com/charts/venda.htm -->
		<exemplarCharacters type="auxiliary" draft="unconfirmed">[c j q]</exemplarCharacters>
		<exemplarCharacters alt="proposed-x1001" draft="unconfirmed">[a b d-i k l ḽ m n ṅ ṋ o p r-t ṱ u-z]</exemplarCharacters>
	</characters>
	<delimiters>
		<quotationStart draft="unconfirmed">‘</quotationStart>
		<quotationEnd draft="unconfirmed">’</quotationEnd>
		<alternateQuotationStart draft="unconfirmed">“</alternateQuotationStart>
		<alternateQuotationEnd draft="unconfirmed">”</alternateQuotationEnd>
	</delimiters>
	<dates>
		<calendars>
			<calendar type="gregorian">
				<months>
					<monthContext type="format">
						<monthWidth type="abbreviated">
							<month type="1" draft="unconfirmed">Pha</month>
							<month type="2" draft="unconfirmed">Luh</month>
							<month type="3" draft="unconfirmed">Ṱha</month>
							<month type="4" draft="unconfirmed">Lam</month>
							<month type="5" draft="unconfirmed">Shu</month>
							<month type="6" draft="unconfirmed">Lwi</month>
							<month type="7" draft="unconfirmed">Lwa</month>
							<month type="8" draft="unconfirmed">Ṱha</month>
							<month type="9" draft="unconfirmed">Khu</month>
							<month type="10" draft="unconfirmed">Tsh</month>
							<month type="11" draft="unconfirmed">Ḽar</month>
							<month type="12" draft="unconfirmed">Nye</month>
						</monthWidth>
						<monthWidth type="wide">
							<month type="1" draft="unconfirmed">Phando</month>
							<month type="2" draft="unconfirmed">Luhuhi</month>
							<month type="3" draft="unconfirmed">Ṱhafamuhwe</month>
							<month type="4" draft="unconfirmed">Lambamai</month>
							<month type="5" draft="unconfirmed">Shundunthule</month>
							<month type="6" draft="unconfirmed">Fulwi</month>
							<month type="7" draft="unconfirmed">Fulwana</month>
							<month type="8" draft="unconfirmed">Ṱhangule</month>
							<month type="9" draft="unconfirmed">Khubvumedzi</month>
							<month type="10" draft="unconfirmed">Tshimedzi</month>
							<month type="11" draft="unconfirmed">Ḽara</month>
							<month type="12" draft="unconfirmed">Nyendavhusiku</month>
						</monthWidth>
					</monthContext>
					<monthContext type="stand-alone">
						<monthWidth type="narrow">
							<month type="1" draft="unconfirmed">1</month>
							<month type="2" draft="unconfirmed">2</month>
							<month type="3" draft="unconfirmed">3</month>
							<month type="4" draft="unconfirmed">4</month>
							<month type="5" draft="unconfirmed">5</month>
							<month type="6" draft="unconfirmed">6</month>
							<month type="7" draft="unconfirmed">7</month>
							<month type="8" draft="unconfirmed">8</month>
							<month type="9" draft="unconfirmed">9</month>
							<month type="10" draft="unconfirmed">10</month>
							<month type="11" draft="unconfirmed">11</month>
							<month type="12" draft="unconfirmed">12</month>
						</monthWidth>
					</monthContext>
				</months>
				<days>
					<dayContext type="format">
						<dayWidth type="abbreviated">
							<day type="sun" draft="unconfirmed">Swo</day>
							<day type="mon" draft="unconfirmed">Mus</day>
							<day type="tue" draft="unconfirmed">Vhi</day>
							<day type="wed" draft="unconfirmed">Rar</day>
							<day type="thu" draft="unconfirmed">Ṋa</day>
							<day type="fri" draft="unconfirmed">Ṱan</day>
							<day type="sat" draft="unconfirmed">Mug</day>
						</dayWidth>
						<dayWidth type="wide">
							<day type="sun" draft="unconfirmed">Swondaha</day>
							<day type="mon" draft="unconfirmed">Musumbuluwo</day>
							<day type="tue" draft="unconfirmed">Ḽavhuvhili</day>
							<day type="wed" draft="unconfirmed">Ḽavhuraru</day>
							<day type="thu" draft="unconfirmed">Ḽavhuṋa</day>
							<day type="fri" draft="unconfirmed">Ḽavhuṱanu</day>
							<day type="sat" draft="unconfirmed">Mugivhela</day>
						</dayWidth>
					</dayContext>
					<dayContext type="stand-alone">
						<dayWidth type="narrow">
							<day type="sun" draft="unconfirmed">1</day>
							<day type="mon" draft="unconfirmed">2</day>
							<day type="tue" draft="unconfirmed">3</day>
							<day type="wed" draft="unconfirmed">4</day>
							<day type="thu" draft="unconfirmed">5</day>
							<day type="fri" draft="unconfirmed">6</day>
							<day type="sat" draft="unconfirmed">7</day>
						</dayWidth>
					</dayContext>
				</days>
				<quarters>
					<quarterContext type="format">
						<quarterWidth type="abbreviated">
							<quarter type="1" draft="unconfirmed">K1</quarter>
							<quarter type="2" draft="unconfirmed">K2</quarter>
							<quarter type="3" draft="unconfirmed">K3</quarter>
							<quarter type="4" draft="unconfirmed">K4</quarter>
						</quarterWidth>
						<quarterWidth type="wide">
							<quarter type="1" draft="unconfirmed">Kotara ya u thoma</quarter>
							<quarter type="2" draft="unconfirmed">Kotara ya vhuvhili</quarter>
							<quarter type="3" draft="unconfirmed">Kotara ya vhuraru</quarter>
							<quarter type="4" draft="unconfirmed">Kotara ya vhuṋa</quarter>
						</quarterWidth>
					</quarterContext>
				</quarters>
				<am draft="unconfirmed">AM</am>
				<pm draft="unconfirmed">PM</pm>
				<eras>
					<eraNames>
						<era type="0" draft="unconfirmed">BC</era>
						<era type="1" draft="unconfirmed">AD</era>
					</eraNames>
					<eraAbbr>
						<era type="0" draft="unconfirmed">BC</era>
						<era type="1" draft="unconfirmed">AD</era>
					</eraAbbr>
				</eras>
				<dateFormats>
					<dateFormatLength type="full">
						<dateFormat>
							<pattern draft="unconfirmed">EEEE, yyyy MMMM dd</pattern>
						</dateFormat>
					</dateFormatLength>
					<dateFormatLength type="long">
						<dateFormat>
							<pattern draft="unconfirmed">yyyy MMMM d</pattern>
						</dateFormat>
					</dateFormatLength>
					<dateFormatLength type="medium">
						<dateFormat>
							<pattern draft="unconfirmed">yyyy MMM d</pattern>
						</dateFormat>
					</dateFormatLength>
					<dateFormatLength type="short">
						<dateFormat>
							<pattern draft="unconfirmed">yy/MM/dd</pattern>
						</dateFormat>
					</dateFormatLength>
				</dateFormats>
				<timeFormats>
					<timeFormatLength type="full">
						<timeFormat>
							<pattern draft="unconfirmed">HH:mm:ss v</pattern>
						</timeFormat>
					</timeFormatLength>
					<timeFormatLength type="long">
						<timeFormat>
							<pattern draft="unconfirmed">HH:mm:ss z</pattern>
						</timeFormat>
					</timeFormatLength>
					<timeFormatLength type="medium">
						<timeFormat>
							<pattern draft="unconfirmed">HH:mm:ss</pattern>
						</timeFormat>
					</timeFormatLength>
					<timeFormatLength type="short">
						<timeFormat>
							<pattern draft="unconfirmed">HH:mm</pattern>
						</timeFormat>
					</timeFormatLength>
				</timeFormats>
				<dateTimeFormats>
					<dateTimeFormatLength>
						<dateTimeFormat>
							<pattern draft="unconfirmed">{1} {0}</pattern>
						</dateTimeFormat>
					</dateTimeFormatLength>
					<availableFormats>
						<dateFormatItem id="yyQ" draft="unconfirmed">Q yy</dateFormatItem>
					</availableFormats>
				</dateTimeFormats>
			</calendar>
		</calendars>
		<timeZoneNames>
			<hourFormat draft="unconfirmed">+HH:mm;-HH:mm</hourFormat>
			<gmtFormat draft="unconfirmed">GMT{0}</gmtFormat>
			<regionFormat draft="unconfirmed">{0}</regionFormat>
		</timeZoneNames>
	</dates>
	<numbers>
		<currencies>
			<currency type="ZAR">
				<symbol draft="unconfirmed">R</symbol>
			</currency>
		</currencies>
	</numbers>
</ldml>
