<?xml version="1.0" encoding="UTF-8" ?>
<!DOCTYPE ldml SYSTEM "http://www.unicode.org/cldr/dtd/1.5/ldml.dtd">
<ldml>
	<identity>
		<version number="$Revision: 1.60 $"/>
		<generation date="$Date: 2007/07/19 23:30:29 $"/>
		<language type="vi"/>
	</identity>
	<localeDisplayNames>
		<languages>
			<language type="af" draft="provisional">Tiếng Hà Lan (Nam Phi)</language>
			<language type="af" alt="proposed-x1001" draft="unconfirmed">Nam Phi</language>
			<language type="am" draft="provisional">Tiếng Amharic</language>
			<language type="am" alt="proposed-x1001" draft="unconfirmed">Amharic</language>
			<language type="ar">Tiếng A-rập</language>
			<language type="ar" alt="proposed-x1001" draft="unconfirmed">Ả-rập</language>
			<language type="as" draft="provisional">Tiếng Assam</language>
			<language type="ay" draft="provisional">Tiếng Aymara</language>
			<language type="ay" alt="proposed-x1001" draft="unconfirmed">Aymara</language>
			<language type="az">Tiếng Ai-déc-bai-gian</language>
			<language type="az" alt="proposed-x1001" draft="unconfirmed">Agiecbaigiăng</language>
			<language type="be">Tiếng Bê-la-rút</language>
			<language type="be" alt="proposed-x1001" draft="unconfirmed">Tiếng Bêlarút</language>
			<language type="bg">Tiếng Bun-ga-ri</language>
			<language type="bg" alt="proposed-x1001" draft="unconfirmed">Bun-ga-ri</language>
			<language type="bh" draft="provisional">Tiếng Bihari</language>
			<language type="bh" alt="proposed-x1001" draft="unconfirmed">Bihari</language>
			<language type="bn" draft="provisional">Tiếng Bengali (Ấn Độ)</language>
			<language type="bn" alt="proposed-x1001" draft="unconfirmed">Bengali (Ấn Ðộ)</language>
			<language type="bo">Tiếng Tây Tạng</language>
			<language type="br" draft="provisional">Tiếng Breton</language>
			<language type="br" alt="proposed-x1001" draft="unconfirmed">Breton</language>
			<language type="bs" draft="provisional">Tiếng Nam Tư</language>
			<language type="bs" alt="proposed-x1001" draft="unconfirmed">Nam Tư (Bosnian)</language>
			<language type="ca">Tiếng Ca-ta-lăng</language>
			<language type="ca" alt="proposed-x1001" draft="unconfirmed">Catalan</language>
			<language type="cs">Tiếng Séc</language>
			<language type="cs" alt="proposed-x1001" draft="unconfirmed">Séc (Czech)</language>
			<language type="cy" draft="provisional">Tiếng Xentơ</language>
			<language type="cy" alt="proposed-x1001" draft="unconfirmed">Welsh</language>
			<language type="da">Tiếng Đan Mạch</language>
			<language type="da" alt="proposed-x1001" draft="unconfirmed">Tiếng Ðan Mạch</language>
			<language type="de">Tiếng Đức</language>
			<language type="de" alt="proposed-x1001" draft="unconfirmed">Tiếng Ðức</language>
			<language type="el">Tiếng Hy Lạp</language>
			<language type="el" alt="proposed-x1001" draft="unconfirmed">Hy Lạp</language>
			<language type="en">Tiếng Anh</language>
			<language type="en_GB" draft="provisional">Tiếng Anh (Anh)</language>
			<language type="en_US" draft="provisional">Tiếng Anh (Mỹ)</language>
			<language type="eo">Tiếng Quốc Tế Ngữ</language>
			<language type="eo" alt="proposed-x1001" draft="unconfirmed">Etperantô</language>
			<language type="es">Tiếng Tây Ban Nha</language>
			<language type="et">Tiếng E-xtô-ni-a</language>
			<language type="et" alt="proposed-x1001" draft="unconfirmed">Estonian</language>
			<language type="eu" draft="provisional">Tiếng Basque</language>
			<language type="eu" alt="proposed-x1001" draft="unconfirmed">Basque</language>
			<language type="fa">Tiếng Ba Tư</language>
			<language type="fa" alt="proposed-x1001" draft="unconfirmed">Ba Tư</language>
			<language type="fi">Tiếng Phần Lan</language>
			<language type="fil" draft="provisional">Tiếng Philipin</language>
			<language type="fil" alt="proposed-x1001" draft="unconfirmed">Phi-lip-pin</language>
			<language type="fo" draft="provisional">Tiếng Faore</language>
			<language type="fo" alt="proposed-x1001" draft="unconfirmed">Ðảo Faroe</language>
			<language type="fr">Tiếng Pháp</language>
			<language type="fy" draft="provisional">Tiếng Frisian</language>
			<language type="fy" alt="proposed-x1001" draft="unconfirmed">Frisian</language>
			<language type="ga">Tiếng Ai-len</language>
			<language type="ga" alt="proposed-x1001" draft="unconfirmed">Ai-len</language>
			<language type="gd" draft="provisional">Tiếng Xentơ (Xcốt len)</language>
			<language type="gd" alt="proposed-x1001" draft="unconfirmed">Xen-tô của người Ê-cốt</language>
			<language type="gl" draft="provisional">Tiếng Galician</language>
			<language type="gl" alt="proposed-x1001" draft="unconfirmed">Galician</language>
			<language type="gn" draft="provisional">Tiếng Guarani</language>
			<language type="gn" alt="proposed-x1001" draft="unconfirmed">Guarani</language>
			<language type="gu" draft="provisional">Tiếng  Gujarati</language>
			<language type="gu" alt="proposed-x1001" draft="unconfirmed">Gujarati</language>
			<language type="he">Tiếng Hê-brơ</language>
			<language type="he" alt="proposed-x1001" draft="unconfirmed">Do Thái</language>
			<language type="hi">Tiếng Hin-đi</language>
			<language type="hi" alt="proposed-x1001" draft="unconfirmed">Hin-đi (Ấn Ðộ)</language>
			<language type="hr">Tiếng Crô-a-ti-a</language>
			<language type="hr" alt="proposed-x1001" draft="unconfirmed">Croatia</language>
			<language type="hu">Tiếng Hung-ga-ri</language>
			<language type="hu" alt="proposed-x1001" draft="unconfirmed">Hung-ga-ri</language>
			<language type="hy">Tiếng Ác-mê-ni</language>
			<language type="hy" alt="proposed-x1001" draft="unconfirmed">Ac-mê-ni</language>
			<language type="ia">Tiếng Khoa Học Quốc Tế</language>
			<language type="ia" alt="proposed-x1001" draft="unconfirmed">Quốc tế ngữ</language>
			<language type="id">Tiếng In-đô-nê-xia</language>
			<language type="id" alt="proposed-x1001" draft="unconfirmed">In-đô-nê-xi-a</language>
			<language type="ie" draft="provisional">Tiếng Khoa học quốc tế</language>
			<language type="ie" alt="proposed-x1001" draft="unconfirmed">Ngôn ngữ đa phương</language>
			<language type="is">Tiếng Ai-xơ-len</language>
			<language type="is" alt="proposed-x1001" draft="unconfirmed">Băng Ðảo</language>
			<language type="it">Tiếng Ý</language>
			<language type="ja">Tiếng Nhật</language>
			<language type="jv">Tiếng Gia-va</language>
			<language type="jv" alt="proposed-x1001" draft="unconfirmed">Tiếng Java</language>
			<language type="ka" draft="provisional">Tiếng Georgian</language>
			<language type="ka" alt="proposed-x1001" draft="unconfirmed">Georgian</language>
			<language type="km">Tiếng Campuchia</language>
			<language type="km" alt="proposed-x1001" draft="unconfirmed">Người Cao-Miên</language>
			<language type="kn">Tiếng Kan-na-đa</language>
			<language type="kn" alt="proposed-x1001" draft="unconfirmed">Kannada</language>
			<language type="ko">Tiếng Hàn Quốc</language>
			<language type="ko" alt="proposed-x1001" draft="unconfirmed">Tiếng Hàn</language>
			<language type="ks" draft="provisional">Tiếng Kashmiri</language>
			<language type="ks" alt="proposed-x1001" draft="unconfirmed">Kashmiri</language>
			<language type="ku" draft="provisional">Tiếng Kurd (Iran)</language>
			<language type="ku" alt="proposed-x1001" draft="unconfirmed">Kurd (Iran)</language>
			<language type="ky" draft="provisional">Tiếng Kyrgyz</language>
			<language type="ky" alt="proposed-x1001" draft="unconfirmed">Kyrgyz</language>
			<language type="la">Tiếng La-tinh</language>
			<language type="la" alt="proposed-x1001" draft="unconfirmed">La Tinh</language>
			<language type="ln" draft="provisional">Tiếng Lingala</language>
			<language type="ln" alt="proposed-x1001" draft="unconfirmed">Lingala</language>
			<language type="lo">Tiếng Lào</language>
			<language type="lo" alt="proposed-x1001" draft="unconfirmed">Lào</language>
			<language type="lt">Tiếng Lít-va</language>
			<language type="lt" alt="proposed-x1001" draft="unconfirmed">Lát-vi</language>
			<language type="lv">Tiếng Lát-vi-a</language>
			<language type="lv" alt="proposed-x1001" draft="unconfirmed">Latvian</language>
			<language type="mk">Tiếng Ma-xê-đô-ni-a</language>
			<language type="mk" alt="proposed-x1001" draft="unconfirmed">Macedonian</language>
			<language type="ml" draft="provisional">Tiếng Malayalam</language>
			<language type="ml" alt="proposed-x1001" draft="unconfirmed">Malayalam</language>
			<language type="mn">Tiếng Mông Cổ</language>
			<language type="mn" alt="proposed-x1001" draft="unconfirmed">Mông Cổ</language>
			<language type="mr" draft="provisional">Tiếng Marathi</language>
			<language type="mr" alt="proposed-x1001" draft="unconfirmed">Marathi</language>
			<language type="ms">Tiếng Ma-lay-xi-a</language>
			<language type="ms" alt="proposed-x1001" draft="unconfirmed">Mã Lai</language>
			<language type="mt" draft="provisional">Tiếng Mantơ</language>
			<language type="mt" alt="proposed-x1001" draft="unconfirmed">Maltese</language>
			<language type="ne">Tiếng Nê-pan</language>
			<language type="ne" alt="proposed-x1001" draft="unconfirmed">Nepal</language>
			<language type="nl">Tiếng Hà Lan</language>
			<language type="nn" draft="provisional">Tiếng Na Uy (Nynorsk)</language>
			<language type="nn" alt="proposed-x1001" draft="unconfirmed">Na Uy (Nynorsk)</language>
			<language type="no">Tiếng Na Uy</language>
			<language type="oc" draft="provisional">Tiếng Occitan</language>
			<language type="oc" alt="proposed-x1001" draft="unconfirmed">Occitan</language>
			<language type="or" draft="provisional">Tiếng Ô-ri-a</language>
			<language type="or" alt="proposed-x1001" draft="unconfirmed">Ô-ri-a</language>
			<language type="pa" draft="provisional">Tiếng Punjabi</language>
			<language type="pa" alt="proposed-x1001" draft="unconfirmed">Punjabi</language>
			<language type="pl">Tiếng Ba Lan</language>
			<language type="pl" alt="proposed-x1001" draft="unconfirmed">Ba Lan</language>
			<language type="ps" draft="provisional">Tiếng Pa-tô</language>
			<language type="ps" alt="proposed-x1001" draft="unconfirmed">Pa-tô (Afghanistan và Pakistan)</language>
			<language type="pt">Tiếng Bồ Đào Nha</language>
			<language type="pt" alt="proposed-x1001" draft="unconfirmed">Bồ Ðào Nha (Ba Tây)</language>
			<language type="pt_BR" draft="provisional">Tiếng Bồ Đào Nha (Braxin)</language>
			<language type="pt_BR" alt="proposed-x1001" draft="unconfirmed">Bồ Đào Nha (Braxin)</language>
			<language type="pt_PT" draft="provisional">Tiếng Bồ Đào Nha (I-bê-ri)</language>
			<language type="pt_PT" alt="proposed-x1001" draft="unconfirmed">Tiếng Bồ Đào Nha</language>
			<language type="pt_PT" alt="proposed-x1002" draft="unconfirmed">Bồ Ðào Nha</language>
			<language type="rm" draft="provisional">Tiếng Rhaeto-Romance</language>
			<language type="rm" alt="proposed-x1001" draft="unconfirmed">Rhaeto-Romance</language>
			<language type="ro">Tiếng Ru-ma-ni</language>
			<language type="ro" alt="proposed-x1001" draft="unconfirmed">Romanian</language>
			<language type="ru">Tiếng Nga</language>
			<language type="ru" alt="proposed-x1001" draft="unconfirmed">Nga</language>
			<language type="sa">Tiếng Phạn</language>
			<language type="sa" alt="proposed-x1001" draft="unconfirmed">Phạn</language>
			<language type="sd" draft="provisional">Tiếng Sin-hi</language>
			<language type="sd" alt="proposed-x1001" draft="unconfirmed">Sin-hi</language>
			<language type="sh" draft="provisional">Tiếng Xéc bi - Croatia</language>
			<language type="sh" alt="proposed-x1001" draft="unconfirmed">Xéc bi-Croatia</language>
			<language type="si" draft="provisional">Tiếng Sinhala</language>
			<language type="sk">Tiếng Xlô-vác</language>
			<language type="sk" alt="proposed-x1001" draft="unconfirmed">Slovak</language>
			<language type="sl">Tiếng Xlô-ven</language>
			<language type="sl" alt="proposed-x1001" draft="unconfirmed">Slovenian</language>
			<language type="so">Tiếng Xô-ma-li</language>
			<language type="so" alt="proposed-x1001" draft="unconfirmed">Somali</language>
			<language type="sq">Tiếng An-ba-ni</language>
			<language type="sq" alt="proposed-x1001" draft="unconfirmed">An-ba-ni</language>
			<language type="sr">Tiếng Séc-bi</language>
			<language type="sr" alt="proposed-x1001" draft="unconfirmed">Xéc-bi (Serbian)</language>
			<language type="st" draft="provisional">Tiếng Sesotho</language>
			<language type="st" alt="proposed-x1001" draft="unconfirmed">Sesotho</language>
			<language type="su" draft="provisional">Tiếng Xu đăng</language>
			<language type="su" alt="proposed-x1001" draft="unconfirmed">Xu-đăng</language>
			<language type="sv">Tiếng Thụy Điển</language>
			<language type="sv" alt="proposed-x1001" draft="unconfirmed">Tiếng Thuỵ Ðiển</language>
			<language type="sw" draft="provisional">Tiếng Bantu (Đông Phi)</language>
			<language type="sw" alt="proposed-x1001" draft="unconfirmed">Bantu (Ðông Phi)</language>
			<language type="ta" draft="provisional">Tiếng Tamil</language>
			<language type="ta" alt="proposed-x1001" draft="unconfirmed">Tamil</language>
			<language type="te" draft="provisional">Tiếng Telugu</language>
			<language type="te" alt="proposed-x1001" draft="unconfirmed">Telugu</language>
			<language type="th">Tiếng Thái</language>
			<language type="th" alt="proposed-x1001" draft="unconfirmed">Thái Lan</language>
			<language type="ti" draft="provisional">Tiếng Tigrigya</language>
			<language type="ti" alt="proposed-x1001" draft="unconfirmed">Tigrigya</language>
			<language type="tk" draft="provisional">Tiếng Tuôc-men</language>
			<language type="tk" alt="proposed-x1001" draft="unconfirmed">Tuôcmen</language>
			<language type="tl" draft="provisional">Tiếng Tagalog</language>
			<language type="tlh" draft="provisional">Tiếng Klingon</language>
			<language type="tlh" alt="proposed-x1001" draft="unconfirmed">Klingon</language>
			<language type="tr">Tiếng Thổ Nhĩ Kỳ</language>
			<language type="tr" alt="proposed-x1001" draft="unconfirmed">Thổ Nhĩ Kỳ</language>
			<language type="tw" draft="provisional">Tiếng Twi</language>
			<language type="tw" alt="proposed-x1001" draft="unconfirmed">Twi</language>
			<language type="ug" draft="provisional">Tiếng Uighur</language>
			<language type="ug" alt="proposed-x1001" draft="unconfirmed">Uighur</language>
			<language type="uk">Tiếng U-crai-na</language>
			<language type="uk" alt="proposed-x1001" draft="unconfirmed">U-kren (Ukranian)</language>
			<language type="und" draft="provisional">und</language>
			<language type="ur" draft="provisional">Tiếng Uđu</language>
			<language type="ur" alt="proposed-x1001" draft="unconfirmed">U đu</language>
			<language type="uz">Tiếng U-dơ-bếch</language>
			<language type="uz" alt="proposed-x1001" draft="unconfirmed">Uz-béc</language>
			<language type="vi">Tiếng Việt</language>
			<language type="vi" alt="proposed-x1001" draft="unconfirmed">Việt</language>
			<language type="wo" draft="provisional">Tiếng Wolof</language>
			<language type="wo" alt="proposed-x1001" draft="unconfirmed">Wolof</language>
			<language type="xh" draft="provisional">Tiếng Bantu</language>
			<language type="xh" alt="proposed-x1001" draft="unconfirmed">Bantu</language>
			<language type="yi">Tiếng Y-đit</language>
			<language type="yi" alt="proposed-x1001" draft="unconfirmed">Iđít (Do Thái)</language>
			<language type="zh">Tiếng Trung Quốc</language>
			<language type="zh_Hans" draft="provisional">Tiếng Trung Quốc (Giản thế)</language>
			<language type="zh_Hant" draft="provisional">Tiếng Trung Quốc (Phồn thể)</language>
			<language type="zh_Hant" alt="proposed-x1001" draft="unconfirmed">Tiếng Trung Quốc (Truyền thống)</language>
			<language type="zu" draft="provisional">Tiếng Zulu</language>
			<language type="zu" alt="proposed-x1001" draft="unconfirmed">Zulu</language>
		</languages>
		<scripts>
			<script type="Zxxx" draft="provisional">Zxxx</script>
			<script type="Zzzz" draft="provisional">Zzzz</script>
		</scripts>
		<territories>
			<territory type="AE">Các Tiểu Vương quốc A-rập Thống nhất</territory>
			<territory type="AF">Áp-ga-ni-xtan</territory>
			<territory type="AF" alt="proposed-x1001" draft="unconfirmed">A Phú Hãn (Afghanistan)</territory>
			<territory type="AG">An-ti-gu-a và Ba-bu-đa</territory>
			<territory type="AG" alt="proposed-x1001" draft="unconfirmed">An-ti-gu-a và Ba-bu-đa (Antigua và Barbuda)</territory>
			<territory type="AL">An-ba-ni</territory>
			<territory type="AL" alt="proposed-x1001" draft="unconfirmed">An-ba-ni (Albania)</territory>
			<territory type="AM">Ác-mê-ni-a</territory>
			<territory type="AM" alt="proposed-x1001" draft="unconfirmed">Ác-mê-ni-a (Armenia)</territory>
			<territory type="AN" draft="provisional">Antilles Hà Lan</territory>
			<territory type="AO">Ăng-gô-la</territory>
			<territory type="AO" alt="proposed-x1001" draft="unconfirmed">Ăng-gô-la (Angola)</territory>
			<territory type="AQ" draft="provisional">Nam Cực</territory>
			<territory type="AR">Ác-hen-ti-na</territory>
			<territory type="AR" alt="proposed-x1001" draft="unconfirmed">Á Căn Đình (Argentina)</territory>
			<territory type="AS" draft="provisional">Đảo Xa-mô-a của Mỹ (Samoa)</territory>
			<territory type="AT">Áo</territory>
			<territory type="AU">Úc</territory>
			<territory type="AU" alt="proposed-x1001" draft="unconfirmed">Australia (Úc)</territory>
			<territory type="AX" draft="provisional">Quần đảo Aland</territory>
			<territory type="AX" alt="proposed-x1001" draft="unconfirmed">Åland Islands</territory>
			<territory type="AZ">Ai-déc-bai-gian</territory>
			<territory type="AZ" alt="proposed-x1001" draft="unconfirmed">Ai-déc-bai-gian (Azerbaijan)</territory>
			<territory type="BA">Bô-xni-a Héc-xê-gô-vi-na</territory>
			<territory type="BA" alt="proposed-x1001" draft="unconfirmed">Bô-xni-a Héc-xê-gô-vi-na (Bosnia và Herzegovina)</territory>
			<territory type="BB">Bác-ba-đốt</territory>
			<territory type="BD">Băng-la-đét</territory>
			<territory type="BD" alt="proposed-x1001" draft="unconfirmed">Băng-la-đét (Bangladesh)</territory>
			<territory type="BE">Bỉ</territory>
			<territory type="BF">Buốc-ki-na Pha-xô</territory>
			<territory type="BF" alt="proposed-x1001" draft="unconfirmed">Buốc-ki-na Pha-xô (Burkina Faso)</territory>
			<territory type="BG">Bun-ga-ri</territory>
			<territory type="BG" alt="proposed-x1001" draft="unconfirmed">Bun-ga-ri (Bulgaria)</territory>
			<territory type="BH">Ba-ren</territory>
			<territory type="BI">Bu-run-đi</territory>
			<territory type="BI" alt="proposed-x1001" draft="unconfirmed">Bu-run-đi (Burundi)</territory>
			<territory type="BJ">Bê-nanh</territory>
			<territory type="BJ" alt="proposed-x1001" draft="unconfirmed">Bê-nanh (Benin)</territory>
			<territory type="BN">Bru-nây</territory>
			<territory type="BO">Bô-li-vi-a</territory>
			<territory type="BO" alt="proposed-x1001" draft="unconfirmed">Bô-li-vi-a (Bolivia)</territory>
			<territory type="BR">Bra-xin</territory>
			<territory type="BR" alt="proposed-x1001" draft="unconfirmed">Ba Tây (Bra-xin)</territory>
			<territory type="BS">Ba-ha-ma</territory>
			<territory type="BS" alt="proposed-x1001" draft="unconfirmed">Ba-ha-ma (Bahamas)</territory>
			<territory type="BT" draft="provisional">Bu-tan (Bhutan)</territory>
			<territory type="BV" draft="provisional">Đảo Bouvet (Na Uy)</territory>
			<territory type="BW">Bốt-xoa-na</territory>
			<territory type="BW" alt="proposed-x1001" draft="unconfirmed">Bốt-xoa-na (Botswana)</territory>
			<territory type="BY">Bê-la-rút</territory>
			<territory type="BY" alt="proposed-x1001" draft="unconfirmed">Bê-la-rút (Belarus)</territory>
			<territory type="BZ">Bê-li-xê</territory>
			<territory type="CA">Ca-na-đa</territory>
			<territory type="CA" alt="proposed-x1001" draft="unconfirmed">Canada (Gia Nã Đại)</territory>
			<territory type="CC" draft="provisional">Quần đảo Cocos</territory>
			<territory type="CD" draft="provisional">Cộng hoà dân chủ Côngô</territory>
			<territory type="CD" alt="proposed-x1001" draft="unconfirmed">Cộng Ḥa Dân Chủ Côngô</territory>
			<territory type="CF">Cộng hòa Trung Phi</territory>
			<territory type="CG">Công-gô</territory>
			<territory type="CG" alt="proposed-x1001" draft="unconfirmed">Công-gô (Congo)</territory>
			<territory type="CH">Thụy Sĩ</territory>
			<territory type="CI">Bờ Biển Ngà</territory>
			<territory type="CI" alt="proposed-x1001" draft="unconfirmed">Côte d'Ivoire</territory>
			<territory type="CK" draft="provisional">Quần Đảo Cook</territory>
			<territory type="CL">Chi-lê</territory>
			<territory type="CL" alt="proposed-x1001" draft="unconfirmed">Chi-lê (Chile)</territory>
			<territory type="CM">Ca-mơ-run</territory>
			<territory type="CM" alt="proposed-x1001" draft="unconfirmed">Ca-mơ-run (Cameroon)</territory>
			<territory type="CN">Trung Quốc</territory>
			<territory type="CN" alt="proposed-x1001" draft="unconfirmed">Trung Hoa</territory>
			<territory type="CO">Cô-lôm-bi-a</territory>
			<territory type="CO" alt="proposed-x1001" draft="unconfirmed">Cô-lôm-bi-a (Colombia)</territory>
			<territory type="CR">Cốt-xta Ri-ca</territory>
			<territory type="CS">Séc-bia</territory>
			<territory type="CS" alt="proposed-x1001" draft="unconfirmed">Serbia &amp; Montenegro</territory>
			<territory type="CU">Cu Ba</territory>
			<territory type="CU" alt="proposed-x1001" draft="unconfirmed">Cu-ba</territory>
			<territory type="CV">Cáp-ve</territory>
			<territory type="CX" draft="provisional">Đảo Giáng Sinh</territory>
			<territory type="CY">Síp</territory>
			<territory type="CY" alt="proposed-x1001" draft="unconfirmed">Síp (Cyprus)</territory>
			<territory type="CZ">Cộng hòa Séc</territory>
			<territory type="CZ" alt="proposed-x1001" draft="unconfirmed">Cộng hòa Séc (Czech)</territory>
			<territory type="DE">Đức</territory>
			<territory type="DJ">Gi-bu-ti</territory>
			<territory type="DK">Đan Mạch</territory>
			<territory type="DO" draft="provisional">Cộng hoà Đô-mi-ni-ca</territory>
			<territory type="DO" alt="proposed-x1001" draft="unconfirmed">Cộng hòa Ðô-mi-ni-ca-na</territory>
			<territory type="DZ">An-giê-ri</territory>
			<territory type="DZ" alt="proposed-x1001" draft="unconfirmed">An-ghê-ri (Algeria)</territory>
			<territory type="EC">Ê-cu-a-đo</territory>
			<territory type="EC" alt="proposed-x1001" draft="unconfirmed">Ê-qu-a-đo (Ecuador)</territory>
			<territory type="EE">E-xtô-ni-a</territory>
			<territory type="EE" alt="proposed-x1001" draft="unconfirmed">E-xtô-ni-a (Estonia)</territory>
			<territory type="EG">Ai Cập</territory>
			<territory type="EH">Tây Sahara</territory>
			<territory type="ER">Ê-ri-tơ-rê-a</territory>
			<territory type="ER" alt="proposed-x1001" draft="unconfirmed">Ê-ri-tơ-rê-a (Eritrea)</territory>
			<territory type="ES">Tây Ban Nha</territory>
			<territory type="ET">Ê-ti-ô-pi-a</territory>
			<territory type="ET" alt="proposed-x1001" draft="unconfirmed">Ê-ti-ô-pi-a (Ethiopia)</territory>
			<territory type="FI">Phần Lan</territory>
			<territory type="FJ">Phi-gi</territory>
			<territory type="FK" draft="provisional">Quần Đảo Falkland</territory>
			<territory type="FM">Mi-crô-nê-xi-a</territory>
			<territory type="FO" draft="provisional">Quần Đảo Faroe</territory>
			<territory type="FR">Pháp</territory>
			<territory type="GA">Ga-bông</territory>
			<territory type="GA" alt="proposed-x1001" draft="unconfirmed">Ga-bông (Gabon)</territory>
			<territory type="GB">Vương quốc Anh</territory>
			<territory type="GD">Grê-na-đa</territory>
			<territory type="GE">Gru-di-a</territory>
			<territory type="GE" alt="proposed-x1001" draft="unconfirmed">Giê-oóc-gi-a (Georgia)</territory>
			<territory type="GF" draft="provisional">Quiana thuộc Pháp</territory>
			<territory type="GG" draft="provisional">Guernsey</territory>
			<territory type="GH">Gha-na</territory>
			<territory type="GH" alt="proposed-x1001" draft="unconfirmed">Gha-na (Ghana)</territory>
			<territory type="GL" draft="provisional">Đảo Băng</territory>
			<territory type="GM">Găm-bi-a</territory>
			<territory type="GM" alt="proposed-x1001" draft="unconfirmed">Găm-bi-a (Gambia)</territory>
			<territory type="GN">Ghi-nê</territory>
			<territory type="GN" alt="proposed-x1001" draft="unconfirmed">Ghi-nê (Guinea)</territory>
			<territory type="GQ">Ghi-nê Xích-đạo</territory>
			<territory type="GQ" alt="proposed-x1001" draft="unconfirmed">Ghi-nê Xích-đạo (Equatorial Guinea)</territory>
			<territory type="GR">Hy Lạp</territory>
			<territory type="GS" draft="provisional">Quần đảo Nam Georgia và Nam Sandwich</territory>
			<territory type="GT">Goa-tê-ma-la</territory>
			<territory type="GW">Ghi-nê Bít-xao</territory>
			<territory type="GW" alt="proposed-x1001" draft="unconfirmed">Ghi-nê Bít xao (Guinea-Bissau)</territory>
			<territory type="GY">Guy-a-na</territory>
			<territory type="HM" draft="provisional">Đảo Heard và Quần đảo McDonald</territory>
			<territory type="HN">Hôn-đu-rát</territory>
			<territory type="HN" alt="proposed-x1001" draft="unconfirmed">Hôn-đu-rát (Honduras)</territory>
			<territory type="HR">Crô-a-ti-a</territory>
			<territory type="HR" alt="proposed-x1001" draft="unconfirmed">Crô-a-ti-a (Croatia)</territory>
			<territory type="HT">Ha-i-ti</territory>
			<territory type="HT" alt="proposed-x1001" draft="unconfirmed">Ha-i-ti (Haiti)</territory>
			<territory type="HU">Hung-ga-ri</territory>
			<territory type="HU" alt="proposed-x1001" draft="unconfirmed">Hung-ga-ri (Hungary)</territory>
			<territory type="ID">Nam Dương</territory>
			<territory type="ID" alt="proposed-x1001" draft="unconfirmed">In-đô-nê-xi-a (Nam Dương)</territory>
			<territory type="IE">Ai-len</territory>
			<territory type="IE" alt="proposed-x1001" draft="unconfirmed">Ireland (Ái Nhĩ Lan)</territory>
			<territory type="IL">I-xra-en</territory>
			<territory type="IL" alt="proposed-x1001" draft="unconfirmed">Israel (Do Thái)</territory>
			<territory type="IM" draft="provisional">Isle of Man</territory>
			<territory type="IN">Ấn Độ</territory>
			<territory type="IO" draft="provisional">Thuộc địa Anh tại Ấn Độ Dương</territory>
			<territory type="IQ">I-rắc</territory>
			<territory type="IR">I-ran</territory>
			<territory type="IS">Ai-xơ-len</territory>
			<territory type="IS" alt="proposed-x1001" draft="unconfirmed">Ai-xơ-len (Iceland)</territory>
			<territory type="IT">Ý</territory>
			<territory type="IT" alt="proposed-x1001" draft="unconfirmed">Italia (Ý)</territory>
			<territory type="JE" draft="provisional">Jersey</territory>
			<territory type="JM">Ha-mai-ca</territory>
			<territory type="JO">Gióc-đa-ni</territory>
			<territory type="JO" alt="proposed-x1001" draft="unconfirmed">Gioóc-đa-ni (Jordan)</territory>
			<territory type="JP">Nhật Bản</territory>
			<territory type="KE">Kê-ni-a</territory>
			<territory type="KE" alt="proposed-x1001" draft="unconfirmed">Kê-ni-a (Kenya)</territory>
			<territory type="KG">Cư-rơ-gư-xtan</territory>
			<territory type="KG" alt="proposed-x1001" draft="unconfirmed">Ka-dắc-xtan (Kyrgyzstan)</territory>
			<territory type="KH">Campuchia</territory>
			<territory type="KH" alt="proposed-x1001" draft="unconfirmed">Cam-pu-chia</territory>
			<territory type="KI">Ki-ri-ba-ti</territory>
			<territory type="KM">Cô-mô</territory>
			<territory type="KM" alt="proposed-x1001" draft="unconfirmed">Cô-mô (Comoros)</territory>
			<territory type="KN">Xan-kít và Nê-vi</territory>
			<territory type="KN" alt="proposed-x1001" draft="unconfirmed">Xanh-kít và Nê-vi (Saint Kitts và Nevis)</territory>
			<territory type="KP">Bắc Triều Tiên</territory>
			<territory type="KR">Hàn Quốc</territory>
			<territory type="KR" alt="proposed-x1001" draft="unconfirmed">Nam Triều Tiên</territory>
			<territory type="KW">Cô-oét</territory>
			<territory type="KY" draft="provisional">Quần Đảo Cayman</territory>
			<territory type="KZ">Ka-dắc-xtan</territory>
			<territory type="KZ" alt="proposed-x1001" draft="unconfirmed">Ka-dắc-xtan (Kazakhstan)</territory>
			<territory type="LA">Lào</territory>
			<territory type="LB">Li-băng</territory>
			<territory type="LB" alt="proposed-x1001" draft="unconfirmed">Li-băng (Lebanon)</territory>
			<territory type="LC">Xan Lu-xi</territory>
			<territory type="LC" alt="proposed-x1001" draft="unconfirmed">Xanh Lu-xi  (Saint Lucia)</territory>
			<territory type="LI">Lich-ten-xtên</territory>
			<territory type="LI" alt="proposed-x1001" draft="unconfirmed">Lich-ten-xtên (Liechtenstein)</territory>
			<territory type="LK">Xri Lan-ca</territory>
			<territory type="LK" alt="proposed-x1001" draft="unconfirmed">Xri Lan-ca (Sri Lanka)</territory>
			<territory type="LR">Li-bê-ri-a</territory>
			<territory type="LS">Lê-xô-thô</territory>
			<territory type="LS" alt="proposed-x1001" draft="unconfirmed">Lê-xô-thô (Lesotho)</territory>
			<territory type="LT">Li-tu-a-ni-a</territory>
			<territory type="LT" alt="proposed-x1001" draft="unconfirmed">Li-tu-a-ni-a (Lithuania)</territory>
			<territory type="LU">Lúc-xăm-bua</territory>
			<territory type="LV">Lát-vi-a</territory>
			<territory type="LY">Li-bi</territory>
			<territory type="LY" alt="proposed-x1001" draft="unconfirmed">Libyan Arab Jamahiriya</territory>
			<territory type="MA">Ma-rốc</territory>
			<territory type="MA" alt="proposed-x1001" draft="unconfirmed">Ma-rốc (Morocco)</territory>
			<territory type="MC">Mô-na-cô</territory>
			<territory type="MD">Môn-đô-va</territory>
			<territory type="MD" alt="proposed-x1001" draft="unconfirmed">Môn-đô-va (Moldova)</territory>
			<territory type="ME" draft="provisional">Montenegro</territory>
			<territory type="MG">Ma-đa-gát-xca</territory>
			<territory type="MG" alt="proposed-x1001" draft="unconfirmed">Ma-đa-gát-xca (Madagascar)</territory>
			<territory type="MH">Quần đảo Mác-san</territory>
			<territory type="MH" alt="proposed-x1001" draft="unconfirmed">Quần Đảo Marshall</territory>
			<territory type="MK">Ma-xê-đô-ni-a</territory>
			<territory type="MK" alt="proposed-x1001" draft="unconfirmed">Ma-xê-đô-ni-a (Macedonia)</territory>
			<territory type="ML">Ma-li</territory>
			<territory type="MM">Mi-an-ma</territory>
			<territory type="MM" alt="proposed-x1001" draft="unconfirmed">Miến Điện (Myanmar)</territory>
			<territory type="MN">Mông Cổ</territory>
			<territory type="MO" draft="provisional">Macao</territory>
			<territory type="MP" draft="provisional">Quần Đảo Bắc Mariana</territory>
			<territory type="MR">Mô-ri-ta-ni</territory>
			<territory type="MR" alt="proposed-x1001" draft="unconfirmed">Mô-ri-ta-ni-a (Mauritania)</territory>
			<territory type="MT">Man-ta</territory>
			<territory type="MU">Mô-ri-xơ</territory>
			<territory type="MV">Man-đi-vơ</territory>
			<territory type="MW">Ma-la-uy</territory>
			<territory type="MW" alt="proposed-x1001" draft="unconfirmed">Ma-la-uy (Malawi)</territory>
			<territory type="MX">Mê-hi-cô</territory>
			<territory type="MX" alt="proposed-x1001" draft="unconfirmed">Mễ Tây Cơ (Mê-hi-cô)</territory>
			<territory type="MY">Ma-lay-xi-a</territory>
			<territory type="MY" alt="proposed-x1001" draft="unconfirmed">Mã Lai (Ma-lay-xi-a)</territory>
			<territory type="MZ">Mô-dăm-bích</territory>
			<territory type="MZ" alt="proposed-x1001" draft="unconfirmed">Mô-dăm- bích (Mozambique)</territory>
			<territory type="NA">Nam-mi-bi-a</territory>
			<territory type="NA" alt="proposed-x1001" draft="unconfirmed">Na-mi-bi-a (Namibia)</territory>
			<territory type="NC" draft="provisional">New Caledonia</territory>
			<territory type="NC" alt="proposed-x1001" draft="unconfirmed">Tân Caledonia</territory>
			<territory type="NE">Ni-giê</territory>
			<territory type="NE" alt="proposed-x1001" draft="unconfirmed">Ni-giê (Niger)</territory>
			<territory type="NF" draft="provisional">Đảo Norfolk</territory>
			<territory type="NG">Ni-giê-ri-a</territory>
			<territory type="NG" alt="proposed-x1001" draft="unconfirmed">Ni-giê-ri-a (Nigeria)</territory>
			<territory type="NI">Ni-ca-ra-goa</territory>
			<territory type="NI" alt="proposed-x1001" draft="unconfirmed">Ni-ca-ra-goa (Nicaragua)</territory>
			<territory type="NL">Hà Lan</territory>
			<territory type="NO">Na Uy</territory>
			<territory type="NP">Nê-pan</territory>
			<territory type="NP" alt="proposed-x1001" draft="unconfirmed">Nê-pan (Nepal)</territory>
			<territory type="NZ">Niu Di-lân</territory>
			<territory type="NZ" alt="proposed-x1001" draft="unconfirmed">New Zealand</territory>
			<territory type="OM">Ô-man</territory>
			<territory type="PA">Pa-na-ma</territory>
			<territory type="PE">Pê-ru</territory>
			<territory type="PF" draft="provisional">Polynesia thuộc Pháp</territory>
			<territory type="PF" alt="proposed-x1001" draft="unconfirmed">Polynesia của Pháp</territory>
			<territory type="PG">Pa-pu-a Niu Ghi-nê</territory>
			<territory type="PG" alt="proposed-x1001" draft="unconfirmed">Pa-pua Niu Ghi-nê (Papua New Guinea)</territory>
			<territory type="PH">Phi-lip-pin</territory>
			<territory type="PH" alt="proposed-x1001" draft="unconfirmed">Phi-líp-pin (Phi Luật Tân)</territory>
			<territory type="PK">Pa-ki-xtan</territory>
			<territory type="PK" alt="proposed-x1001" draft="unconfirmed">Pa-ki-xtan (Pakistan)</territory>
			<territory type="PL">Ba Lan</territory>
			<territory type="PM" draft="provisional">Saint Pierre và Miquelon</territory>
			<territory type="PS" draft="provisional">Lãnh thổ Palestine</territory>
			<territory type="PS" alt="proposed-x1001" draft="unconfirmed">Palestine</territory>
			<territory type="PT">Bồ Đào Nha</territory>
			<territory type="PY">Pa-ra-goay</territory>
			<territory type="PY" alt="proposed-x1001" draft="unconfirmed">Pa-ra-goay (Paraguay)</territory>
			<territory type="QA">Ca-ta</territory>
			<territory type="QU" draft="provisional">Liên Minh Châu Âu</territory>
			<territory type="RO">Ru-ma-ni</territory>
			<territory type="RO" alt="proposed-x1001" draft="unconfirmed">Ru-ma-ni-a (Romania)</territory>
			<territory type="RS" draft="provisional">Xéc-bi</territory>
			<territory type="RU">Nga</territory>
			<territory type="RW">Ru-an-đa</territory>
			<territory type="RW" alt="proposed-x1001" draft="unconfirmed">Ru-an-đa (Rwanda)</territory>
			<territory type="SA">A-rập Xê-út</territory>
			<territory type="SA" alt="proposed-x1001" draft="unconfirmed">Ả-rập Xê-út  (Saudi Arabia)</territory>
			<territory type="SB">Quần đảo Xô-lô-mông</territory>
			<territory type="SC">Xây-sen</territory>
			<territory type="SC" alt="proposed-x1001" draft="unconfirmed">Xây sen (Seychelles)</territory>
			<territory type="SD">Xu-đăng</territory>
			<territory type="SD" alt="proposed-x1001" draft="unconfirmed">Xuđăng (Sudan)</territory>
			<territory type="SE">Thụy Điển</territory>
			<territory type="SG">Xin-ga-po</territory>
			<territory type="SH" draft="provisional">Saint Helena</territory>
			<territory type="SI">Xlô-ven-ni-a</territory>
			<territory type="SI" alt="proposed-x1001" draft="unconfirmed">Xlô-ven-ni-a (Slovenia)</territory>
			<territory type="SJ" draft="provisional">Svalbard và Jan Mayen</territory>
			<territory type="SK">Xlô-va-ki-a</territory>
			<territory type="SK" alt="proposed-x1001" draft="unconfirmed">Xlô-va-ki-a (Slovakia)</territory>
			<territory type="SL">Xi-ê-ra Lê-ôn</territory>
			<territory type="SL" alt="proposed-x1001" draft="unconfirmed">Xi-ê-ra Lê-ôn (Sierra Leone)</territory>
			<territory type="SM">Xan Ma-ri-nô</territory>
			<territory type="SM" alt="proposed-x1001" draft="unconfirmed">Xan Ma-ri-nô (San Marino)</territory>
			<territory type="SN">Xê-nê-gan</territory>
			<territory type="SN" alt="proposed-x1001" draft="unconfirmed">Xê-nê-gan (Senegal)</territory>
			<territory type="SO">Xô-ma-li</territory>
			<territory type="SO" alt="proposed-x1001" draft="unconfirmed">Xô-ma-li-a (Somalia)</territory>
			<territory type="SR">Xu-ri-nam</territory>
			<territory type="SR" alt="proposed-x1001" draft="unconfirmed">Xu-ri-nam (Suriname)</territory>
			<territory type="ST">Xao Tô-mê và Prin-xi-pê</territory>
			<territory type="ST" alt="proposed-x1001" draft="unconfirmed">Săo Tomé và Príncipe</territory>
			<territory type="SV">En-san-va-đo</territory>
			<territory type="SY">Xi-ri</territory>
			<territory type="SY" alt="proposed-x1001" draft="unconfirmed">Xi-ri (Syria)</territory>
			<territory type="SZ">Xoa-di-len</territory>
			<territory type="SZ" alt="proposed-x1001" draft="unconfirmed">Swaziland</territory>
			<territory type="TC" draft="provisional">Quần Đảo Turk và Caicos</territory>
			<territory type="TD">Sát</territory>
			<territory type="TD" alt="proposed-x1001" draft="unconfirmed">Sát (Chad)</territory>
			<territory type="TF" draft="provisional">Thuộc Địa Nam của Pháp</territory>
			<territory type="TG">Tô-gô</territory>
			<territory type="TH">Thái Lan</territory>
			<territory type="TJ">Tát-gi-ki-xtan</territory>
			<territory type="TJ" alt="proposed-x1001" draft="unconfirmed">Tát-gi-ki-xtan (Tajikistan)</territory>
			<territory type="TK" draft="provisional">Tokelau</territory>
			<territory type="TL" draft="provisional">Ðông Ti-mo</territory>
			<territory type="TM">Tuốc-mê-ni-xtan</territory>
			<territory type="TM" alt="proposed-x1001" draft="unconfirmed">Tuốc-mê-ni-xtan (Turkmenistan)</territory>
			<territory type="TN">Tuy-ni-di</territory>
			<territory type="TN" alt="proposed-x1001" draft="unconfirmed">Tuy-ni-di (Tunisia)</territory>
			<territory type="TO">Tông-ga</territory>
			<territory type="TO" alt="proposed-x1001" draft="unconfirmed">Tonga</territory>
			<territory type="TR">Thổ Nhĩ Kỳ</territory>
			<territory type="TT">Tri-ni-đát và Tô-ba-gô</territory>
			<territory type="TV">Tu-va-lu</territory>
			<territory type="TW">Đài Loan</territory>
			<territory type="TZ">Tan-da-ni-a</territory>
			<territory type="TZ" alt="proposed-x1001" draft="unconfirmed">Tan-da-ni-a (Tanzania)</territory>
			<territory type="UA">U-crai-na</territory>
			<territory type="UA" alt="proposed-x1001" draft="unconfirmed">U-crai-na (Ukraine)</territory>
			<territory type="UG">U-gan-đa</territory>
			<territory type="UM" draft="provisional">Các đảo nhỏ xa trung tâm thuộc Mỹ</territory>
			<territory type="US">Hoa Kỳ</territory>
			<territory type="UY">U-ru-goay</territory>
			<territory type="UY" alt="proposed-x1001" draft="unconfirmed">U-ru-goay (Uruguay)</territory>
			<territory type="UZ">U-dơ-bê-ki-xtan</territory>
			<territory type="UZ" alt="proposed-x1001" draft="unconfirmed">U-dơ-bê-ki-xtan (Uzbekistan)</territory>
			<territory type="VA">Va-ti-căng</territory>
			<territory type="VA" alt="proposed-x1001" draft="unconfirmed">Thành phố Vatican</territory>
			<territory type="VC">Xan Vin-xen và Grê-na-din</territory>
			<territory type="VC" alt="proposed-x1001" draft="unconfirmed">Xanh Vin-xăng và Grênad (Saint Vincent và Grenadines)</territory>
			<territory type="VE">Vê-nê-zu-ê-la</territory>
			<territory type="VE" alt="proposed-x1001" draft="unconfirmed">Vê-nê-zu-ê-la (Venezuela)</territory>
			<territory type="VG" draft="provisional">Quần đảo Virgin, Vương quốc Anh</territory>
			<territory type="VG" alt="proposed-x1001" draft="unconfirmed">Đảo Virgin, thuộc Anh</territory>
			<territory type="VI" draft="provisional">Quần đảo Virgin, Mỹ</territory>
			<territory type="VI" alt="proposed-x1001" draft="unconfirmed">Quần đảo Virgin, thuộc Mỹ</territory>
			<territory type="VI" alt="proposed-x1002" draft="unconfirmed">Đảo Virgin, thuộc Mỹ</territory>
			<territory type="VN">Việt Nam</territory>
			<territory type="VN" alt="proposed-x1001" draft="unconfirmed">Việt Nam</territory>
			<territory type="VU">Va-nu-a-tu</territory>
			<territory type="WF" draft="provisional">Wallis và Futuna</territory>
			<territory type="WS">Xa-moa</territory>
			<territory type="WS" alt="proposed-x1001" draft="unconfirmed">Xa-moa (Samoa)</territory>
			<territory type="YE">Y-ê-men</territory>
			<territory type="YE" alt="proposed-x1001" draft="unconfirmed">Y-ê-men (Yemen)</territory>
			<territory type="ZA">Nam Phi</territory>
			<territory type="ZM">Dăm-bi-a</territory>
			<territory type="ZM" alt="proposed-x1001" draft="unconfirmed">Dăm-bi-a (Zambia)</territory>
			<territory type="ZW">Dim-ba-bu-ê</territory>
			<territory type="ZW" alt="proposed-x1001" draft="unconfirmed">Dim-ba-bu-ê (Zimbabwe)</territory>
			<territory type="ZZ" draft="provisional">ZZ</territory>
		</territories>
	</localeDisplayNames>
	<characters>
		<exemplarCharacters>[a à ả ã á ạ ă ằ ẳ ẵ ắ ặ â ầ ẩ ẫ ấ ậ b-d đ e è ẻ ẽ é ẹ ê ề ể ễ ế ệ f-i ì ỉ ĩ í ị j-o ò ỏ õ ó ọ ô ồ ổ ỗ ố ộ ơ ờ ở ỡ ớ ợ p-u ù ủ ũ ú ụ ư ừ ử ữ ứ ự v-y ỳ ỷ ỹ ý ỵ z]</exemplarCharacters>
	</characters>
	<dates>
		<calendars>
			<calendar type="gregorian">
				<months>
					<monthContext type="format">
						<monthWidth type="abbreviated">
							<month type="1">thg 1</month>
							<month type="1" alt="proposed-x1001" draft="unconfirmed">tháng một</month>
							<month type="2">thg 2</month>
							<month type="2" alt="proposed-x1001" draft="unconfirmed">tháng hai</month>
							<month type="3">thg 3</month>
							<month type="3" alt="proposed-x1001" draft="unconfirmed">tháng ba</month>
							<month type="4">thg 4</month>
							<month type="4" alt="proposed-x1001" draft="unconfirmed">tháng tư</month>
							<month type="5">thg 5</month>
							<month type="6">thg 6</month>
							<month type="6" alt="proposed-x1001" draft="unconfirmed">tháng sáu</month>
							<month type="7">thg 7</month>
							<month type="7" alt="proposed-x1001" draft="unconfirmed">tháng bẩy</month>
							<month type="8">thg 8</month>
							<month type="8" alt="proposed-x1001" draft="unconfirmed">tháng tám</month>
							<month type="9">thg 9</month>
							<month type="9" alt="proposed-x1001" draft="unconfirmed">tháng chín</month>
							<month type="10">thg 10</month>
							<month type="10" alt="proposed-x1001" draft="unconfirmed">tháng mười</month>
							<month type="11">thg 11</month>
							<month type="11" alt="proposed-x1001" draft="unconfirmed">tháng mười một</month>
							<month type="12">thg 12</month>
							<month type="12" alt="proposed-x1001" draft="unconfirmed">tháng mười hai</month>
						</monthWidth>
						<monthWidth type="wide">
							<month type="1">tháng một</month>
							<month type="2">tháng hai</month>
							<month type="3">tháng ba</month>
							<month type="4">tháng tư</month>
							<month type="5">tháng năm</month>
							<month type="6">tháng sáu</month>
							<month type="7">tháng bảy</month>
							<month type="8">tháng tám</month>
							<month type="9">tháng chín</month>
							<month type="10">tháng mười</month>
							<month type="11">tháng mười một</month>
							<month type="12">tháng mười hai</month>
						</monthWidth>
					</monthContext>
					<monthContext type="stand-alone">
						<monthWidth type="narrow">
							<month type="1" draft="provisional">1</month>
							<month type="2" draft="provisional">2</month>
							<month type="3" draft="provisional">3</month>
							<month type="4" draft="provisional">4</month>
							<month type="5" draft="provisional">5</month>
							<month type="6" draft="provisional">6</month>
							<month type="7" draft="provisional">7</month>
							<month type="8" draft="provisional">8</month>
							<month type="9" draft="unconfirmed">9</month>
							<month type="10" draft="provisional">10</month>
							<month type="11" draft="provisional">11</month>
							<month type="12" draft="provisional">12</month>
						</monthWidth>
					</monthContext>
				</months>
				<days>
					<dayContext type="format">
						<dayWidth type="abbreviated">
							<day type="sun">CN</day>
							<day type="sun" alt="proposed-x1001" draft="unconfirmed">Chủ Nhật</day>
							<day type="mon">Th 2</day>
							<day type="mon" alt="proposed-x1001" draft="unconfirmed">Thứ Hai</day>
							<day type="tue">Th 3</day>
							<day type="tue" alt="proposed-x1001" draft="unconfirmed">Thứ 3</day>
							<day type="wed">Th 4</day>
							<day type="wed" alt="proposed-x1001" draft="unconfirmed">Thứ Tư</day>
							<day type="thu">Th 5</day>
							<day type="thu" alt="proposed-x1001" draft="unconfirmed">Thứ Năm</day>
							<day type="fri">Th 6</day>
							<day type="fri" alt="proposed-x1001" draft="unconfirmed">Thứ Sáu</day>
							<day type="sat">Th 7</day>
							<day type="sat" alt="proposed-x1001" draft="unconfirmed">Thứ Bảy</day>
						</dayWidth>
						<dayWidth type="wide">
							<day type="sun">Chủ nhật</day>
							<day type="sun" alt="proposed-x1001" draft="unconfirmed">Chủ Nhật</day>
							<day type="mon">Thứ hai</day>
							<day type="tue">Thứ ba</day>
							<day type="wed">Thứ tư</day>
							<day type="thu">Thứ năm</day>
							<day type="fri">Thứ sáu</day>
							<day type="sat">Thứ bảy</day>
						</dayWidth>
					</dayContext>
					<dayContext type="stand-alone">
						<dayWidth type="narrow">
							<day type="sun" draft="unconfirmed">1</day>
							<day type="mon" draft="unconfirmed">2</day>
							<day type="tue" draft="unconfirmed">3</day>
							<day type="wed" draft="unconfirmed">4</day>
							<day type="thu" draft="unconfirmed">5</day>
							<day type="fri" draft="unconfirmed">6</day>
							<day type="sat" draft="unconfirmed">7</day>
						</dayWidth>
					</dayContext>
				</days>
				<quarters>
					<quarterContext type="format">
						<quarterWidth type="abbreviated">
							<quarter type="1" draft="provisional">Q1</quarter>
							<quarter type="2" draft="provisional">Q2</quarter>
							<quarter type="3" draft="provisional">Q3</quarter>
							<quarter type="4" draft="provisional">Q4</quarter>
						</quarterWidth>
						<quarterWidth type="wide">
							<quarter type="1" draft="provisional">Q1</quarter>
							<quarter type="2" draft="provisional">Q2</quarter>
							<quarter type="3" draft="provisional">Q3</quarter>
							<quarter type="4" draft="provisional">Q4</quarter>
						</quarterWidth>
					</quarterContext>
				</quarters>
				<am>SA</am>
				<pm>CH</pm>
				<eras>
					<eraAbbr>
						<era type="0">tr. CN</era>
						<era type="1">sau CN</era>
					</eraAbbr>
				</eras>
				<dateFormats>
					<dateFormatLength type="full">
						<dateFormat>
							<pattern>EEEE, 'ngày' dd MMMM 'năm' yyyy</pattern>
						</dateFormat>
					</dateFormatLength>
					<dateFormatLength type="long">
						<dateFormat>
							<pattern>'Ngày' dd 'tháng' M 'năm' yyyy</pattern>
						</dateFormat>
					</dateFormatLength>
					<dateFormatLength type="medium">
						<dateFormat>
							<pattern>dd-MM-yyyy</pattern>
						</dateFormat>
					</dateFormatLength>
					<dateFormatLength type="short">
						<dateFormat>
							<pattern>dd/MM/yyyy</pattern>
						</dateFormat>
					</dateFormatLength>
				</dateFormats>
				<timeFormats>
					<timeFormatLength type="full">
						<timeFormat>
							<pattern draft="provisional">HH:mm:ss v</pattern>
						</timeFormat>
					</timeFormatLength>
					<timeFormatLength type="long">
						<timeFormat>
							<pattern draft="provisional">HH:mm:ss z</pattern>
						</timeFormat>
					</timeFormatLength>
					<timeFormatLength type="medium">
						<timeFormat>
							<pattern draft="provisional">HH:mm:ss</pattern>
						</timeFormat>
					</timeFormatLength>
					<timeFormatLength type="short">
						<timeFormat>
							<pattern draft="provisional">HH:mm</pattern>
						</timeFormat>
					</timeFormatLength>
				</timeFormats>
				<dateTimeFormats>
					<dateTimeFormatLength>
						<dateTimeFormat>
							<pattern>{0} {1}</pattern>
						</dateTimeFormat>
					</dateTimeFormatLength>
					<availableFormats>
						<dateFormatItem id="H" draft="provisional">H</dateFormatItem>
						<dateFormatItem id="HHmm" draft="provisional">HH:mm</dateFormatItem>
						<dateFormatItem id="HHmmss" draft="provisional">HH:mm:ss</dateFormatItem>
						<dateFormatItem id="MMMEd" draft="provisional">E MMM d</dateFormatItem>
						<dateFormatItem id="MMdd" draft="unconfirmed">dd-MM</dateFormatItem>
						<dateFormatItem id="mmss" draft="provisional">mm:ss</dateFormatItem>
						<dateFormatItem id="yyQ" draft="unconfirmed">Q yy</dateFormatItem>
						<dateFormatItem id="yyyy" draft="provisional">yyyy</dateFormatItem>
						<dateFormatItem id="yyyyMM" draft="unconfirmed">MM-yyyy</dateFormatItem>
					</availableFormats>
				</dateTimeFormats>
			</calendar>
		</calendars>
		<timeZoneNames>
			<hourFormat draft="unconfirmed">+HH:mm;-HH:mm</hourFormat>
			<gmtFormat draft="unconfirmed">GMT{0}</gmtFormat>
			<regionFormat draft="unconfirmed">{0}</regionFormat>
			<zone type="Etc/Unknown">
				<exemplarCity draft="provisional">Không rõ</exemplarCity>
			</zone>
			<zone type="Europe/Andorra">
				<exemplarCity draft="provisional">Andorra Time</exemplarCity>
				<exemplarCity alt="proposed-x1001" draft="unconfirmed">An-đô-ra (Andorra)</exemplarCity>
			</zone>
			<zone type="Antarctica/South_Pole">
				<exemplarCity draft="provisional">Antarctica (South Pole) Time</exemplarCity>
				<exemplarCity alt="proposed-x1001" draft="unconfirmed">Nam Cực</exemplarCity>
			</zone>
			<zone type="Antarctica/DumontDUrville">
				<exemplarCity draft="provisional">Antarctica (DumontDUrville) Time</exemplarCity>
				<exemplarCity alt="proposed-x1001" draft="unconfirmed">Dumont D'Urville</exemplarCity>
			</zone>
			<zone type="America/Barbados">
				<exemplarCity draft="provisional">Barbados Time</exemplarCity>
				<exemplarCity alt="proposed-x1001" draft="unconfirmed">Bác-ba-đốt (Barbados)</exemplarCity>
			</zone>
			<zone type="Asia/Bahrain">
				<exemplarCity draft="provisional">Bahrain Time</exemplarCity>
				<exemplarCity alt="proposed-x1001" draft="unconfirmed">Ba-ren (Bahrain)</exemplarCity>
			</zone>
			<zone type="America/Belize">
				<exemplarCity draft="provisional">Belize Time</exemplarCity>
				<exemplarCity alt="proposed-x1001" draft="unconfirmed">Bê-li-xê (Belize)</exemplarCity>
			</zone>
			<zone type="Pacific/Easter">
				<exemplarCity draft="provisional">Chile (Easter) Time</exemplarCity>
				<exemplarCity alt="proposed-x1001" draft="unconfirmed">Easter Island</exemplarCity>
			</zone>
			<zone type="America/Costa_Rica">
				<exemplarCity draft="provisional">Costa Rica Time</exemplarCity>
				<exemplarCity alt="proposed-x1001" draft="unconfirmed">Cốt-xta-ri-ca (Costa Rica)</exemplarCity>
			</zone>
			<zone type="Atlantic/Cape_Verde">
				<exemplarCity draft="provisional">Cape Verde Time</exemplarCity>
				<exemplarCity alt="proposed-x1001" draft="unconfirmed">Cáp-ve (Cape Verde)</exemplarCity>
			</zone>
			<zone type="Africa/Djibouti">
				<exemplarCity draft="provisional">Djibouti Time</exemplarCity>
				<exemplarCity alt="proposed-x1001" draft="unconfirmed">Gi-bu-ti (Djibouti)</exemplarCity>
			</zone>
			<zone type="America/Dominica">
				<exemplarCity draft="provisional">Dominica Time</exemplarCity>
				<exemplarCity alt="proposed-x1001" draft="unconfirmed">Ðô-mi-ni-ca (Dominica)</exemplarCity>
			</zone>
			<zone type="Atlantic/Canary">
				<exemplarCity draft="provisional">Spain (Canary) Time</exemplarCity>
				<exemplarCity alt="proposed-x1001" draft="unconfirmed">Quần Đảo Canary</exemplarCity>
			</zone>
			<zone type="Pacific/Fiji">
				<exemplarCity draft="provisional">Fiji Time</exemplarCity>
				<exemplarCity alt="proposed-x1001" draft="unconfirmed">Phi-gi (Fiji)</exemplarCity>
			</zone>
			<zone type="America/Grenada">
				<exemplarCity draft="provisional">Grenada Time</exemplarCity>
				<exemplarCity alt="proposed-x1001" draft="unconfirmed">Grê-na-đa (Grenada)</exemplarCity>
			</zone>
			<zone type="Atlantic/South_Georgia">
				<exemplarCity draft="provisional">South Georgia and the South Sandwich Islands Time</exemplarCity>
				<exemplarCity alt="proposed-x1001" draft="unconfirmed">Nam Georgia</exemplarCity>
			</zone>
			<zone type="America/Guatemala">
				<exemplarCity draft="provisional">Guatemala Time</exemplarCity>
				<exemplarCity alt="proposed-x1001" draft="unconfirmed">Goa-tê-ma-la (Guatemala)</exemplarCity>
			</zone>
			<zone type="America/Guyana">
				<exemplarCity draft="provisional">Guyana Time</exemplarCity>
				<exemplarCity alt="proposed-x1001" draft="unconfirmed">Guy-a-na (Guyana)</exemplarCity>
			</zone>
			<zone type="Asia/Hong_Kong">
				<exemplarCity draft="provisional">Hong Kong SAR China Time</exemplarCity>
				<exemplarCity alt="proposed-x1001" draft="unconfirmed">Hồng Kông</exemplarCity>
			</zone>
			<zone type="America/Jamaica">
				<exemplarCity draft="provisional">Jamaica Time</exemplarCity>
				<exemplarCity alt="proposed-x1001" draft="unconfirmed">Ha-mai-ca (Jamaica)</exemplarCity>
			</zone>
			<zone type="America/St_Kitts">
				<exemplarCity draft="provisional">Saint Kitts and Nevis Time</exemplarCity>
				<exemplarCity alt="proposed-x1001" draft="unconfirmed">St. Kitts</exemplarCity>
			</zone>
			<zone type="Asia/Kuwait">
				<exemplarCity draft="provisional">Kuwait Time</exemplarCity>
				<exemplarCity alt="proposed-x1001" draft="unconfirmed">Cô-oét (Kuwait)</exemplarCity>
			</zone>
			<zone type="Asia/Vientiane">
				<exemplarCity draft="provisional">Laos Time</exemplarCity>
				<exemplarCity alt="proposed-x1001" draft="unconfirmed">Viêng Chăn</exemplarCity>
			</zone>
			<zone type="America/St_Lucia">
				<exemplarCity draft="provisional">Saint Lucia Time</exemplarCity>
				<exemplarCity alt="proposed-x1001" draft="unconfirmed">St. Lucia</exemplarCity>
			</zone>
			<zone type="Europe/Luxembourg">
				<exemplarCity draft="provisional">Luxembourg Time</exemplarCity>
				<exemplarCity alt="proposed-x1001" draft="unconfirmed">Luxembourg (Lục Xâm Bảo)</exemplarCity>
			</zone>
			<zone type="Europe/Monaco">
				<exemplarCity draft="provisional">Monaco Time</exemplarCity>
				<exemplarCity alt="proposed-x1001" draft="unconfirmed">Mô-na-cô</exemplarCity>
			</zone>
			<zone type="Europe/Malta">
				<exemplarCity draft="provisional">Malta Time</exemplarCity>
				<exemplarCity alt="proposed-x1001" draft="unconfirmed">Man-ta (Malta)</exemplarCity>
			</zone>
			<zone type="Indian/Mauritius">
				<exemplarCity draft="provisional">Mauritius Time</exemplarCity>
				<exemplarCity alt="proposed-x1001" draft="unconfirmed">Mô-ri-xơ (Mauritius)</exemplarCity>
			</zone>
			<zone type="Indian/Maldives">
				<exemplarCity draft="provisional">Maldives Time</exemplarCity>
				<exemplarCity alt="proposed-x1001" draft="unconfirmed">Man-đi-vơ (Maldives)</exemplarCity>
			</zone>
			<zone type="Pacific/Nauru">
				<exemplarCity draft="provisional">Nauru Time</exemplarCity>
				<exemplarCity alt="proposed-x1001" draft="unconfirmed">Na-u-ru (Nauru)</exemplarCity>
			</zone>
			<zone type="America/Panama">
				<exemplarCity draft="provisional">Panama Time</exemplarCity>
				<exemplarCity alt="proposed-x1001" draft="unconfirmed">Pa-na-ma</exemplarCity>
			</zone>
			<zone type="Pacific/Palau">
				<exemplarCity draft="provisional">Palau Time</exemplarCity>
				<exemplarCity alt="proposed-x1001" draft="unconfirmed">Pa-lau</exemplarCity>
			</zone>
			<zone type="Asia/Qatar">
				<exemplarCity draft="provisional">Qatar Time</exemplarCity>
				<exemplarCity alt="proposed-x1001" draft="unconfirmed">Ca-ta (Qatar)</exemplarCity>
			</zone>
			<zone type="Asia/Singapore">
				<exemplarCity draft="provisional">Singapore Time</exemplarCity>
				<exemplarCity alt="proposed-x1001" draft="unconfirmed">Xin-ga-po (Singapore)</exemplarCity>
			</zone>
			<zone type="America/El_Salvador">
				<exemplarCity draft="provisional">El Salvador Time</exemplarCity>
				<exemplarCity alt="proposed-x1001" draft="unconfirmed">Salvador</exemplarCity>
			</zone>
			<zone type="Asia/Taipei">
				<exemplarCity draft="provisional">Taiwan Time</exemplarCity>
				<exemplarCity alt="proposed-x1001" draft="unconfirmed">Đài Bắc</exemplarCity>
			</zone>
			<zone type="America/Anchorage">
				<exemplarCity draft="provisional">United States (Anchorage) Time</exemplarCity>
				<exemplarCity alt="proposed-x1001" draft="unconfirmed">Giờ Alaska</exemplarCity>
			</zone>
			<zone type="America/St_Vincent">
				<exemplarCity draft="provisional">Saint Vincent and the Grenadines Time</exemplarCity>
				<exemplarCity alt="proposed-x1001" draft="unconfirmed">St. Vincent</exemplarCity>
			</zone>
			<zone type="America/St_Thomas">
				<exemplarCity draft="provisional">U.S. Virgin Islands Time</exemplarCity>
				<exemplarCity alt="proposed-x1001" draft="unconfirmed">St. Thomas</exemplarCity>
			</zone>
			<zone type="Asia/Saigon">
				<exemplarCity draft="provisional">Giờ Việt Nam</exemplarCity>
				<exemplarCity alt="proposed-x1001" draft="unconfirmed">TP Hồ Chí Minh</exemplarCity>
			</zone>
		</timeZoneNames>
	</dates>
	<numbers>
		<symbols>
			<decimal>,</decimal>
			<group>.</group>
		</symbols>
		<scientificFormats>
			<scientificFormatLength>
				<scientificFormat>
					<pattern draft="provisional">#E0</pattern>
				</scientificFormat>
			</scientificFormatLength>
		</scientificFormats>
		<percentFormats>
			<percentFormatLength>
				<percentFormat>
					<pattern draft="provisional">#,##0%</pattern>
				</percentFormat>
			</percentFormatLength>
		</percentFormats>
		<currencyFormats>
			<currencyFormatLength>
				<currencyFormat>
					<pattern>#,##0.00 ¤</pattern>
				</currencyFormat>
			</currencyFormatLength>
		</currencyFormats>
		<currencies>
			<currency type="AED">
				<displayName draft="provisional">Điram UAE</displayName>
			</currency>
			<currency type="ARS">
				<displayName draft="provisional">Peso Áchentina</displayName>
			</currency>
			<currency type="AUD">
				<displayName draft="provisional">Đô-la Úc</displayName>
			</currency>
			<currency type="BGN">
				<displayName draft="provisional">Lép Bungari</displayName>
			</currency>
			<currency type="BND">
				<displayName draft="provisional">Đô-la Bru-nây</displayName>
				<displayName alt="proposed-x1001" draft="unconfirmed">Ðô la Bru-nây</displayName>
			</currency>
			<currency type="BOB">
				<displayName draft="provisional">Boliviano Bôlivia</displayName>
			</currency>
			<currency type="BRL">
				<displayName draft="provisional">Rin Brazin</displayName>
			</currency>
			<currency type="CAD">
				<displayName draft="provisional">Đô-la Canada</displayName>
				<displayName alt="proposed-x1001" draft="unconfirmed">Đô-la Gia Nã Đại</displayName>
			</currency>
			<currency type="CHF">
				<displayName draft="provisional">franc Thuỵ Sĩ</displayName>
				<displayName alt="proposed-x1001" draft="unconfirmed">Franc Thụy sĩ</displayName>
			</currency>
			<currency type="CLP">
				<displayName draft="provisional">Peso Chilê</displayName>
			</currency>
			<currency type="CNY">
				<displayName draft="provisional">Nhân dân tệ Đài Loan</displayName>
			</currency>
			<currency type="COP">
				<displayName draft="provisional">Peso Côlômbia</displayName>
			</currency>
			<currency type="CZK">
				<displayName draft="provisional">Cuaron Séc</displayName>
			</currency>
			<currency type="DEM">
				<displayName draft="provisional">Mác (Đức)</displayName>
				<displayName alt="proposed-x1001" draft="unconfirmed">Mác (tiền Đức)</displayName>
			</currency>
			<currency type="DKK">
				<displayName draft="provisional">Cuaron Đan Mạch</displayName>
				<displayName alt="proposed-x1001" draft="unconfirmed">Ðồng Cua-ron Ðan Mạch</displayName>
			</currency>
			<currency type="EEK">
				<displayName draft="provisional">Crun Extônia</displayName>
			</currency>
			<currency type="EGP">
				<displayName draft="provisional">Pao Ai Cập</displayName>
			</currency>
			<currency type="EUR">
				<displayName draft="provisional">Euro</displayName>
				<displayName alt="proposed-x1001" draft="unconfirmed">Euros</displayName>
			</currency>
			<currency type="FJD">
				<displayName draft="provisional">Đô-la Fi-ji</displayName>
				<displayName alt="proposed-x1001" draft="unconfirmed">Ðô la Fi-gi</displayName>
			</currency>
			<currency type="FRF">
				<displayName draft="provisional">franc Pháp</displayName>
			</currency>
			<currency type="GBP">
				<displayName draft="provisional">Bảng Anh</displayName>
			</currency>
			<currency type="HKD">
				<displayName draft="provisional">Đô-la Hồng Kông</displayName>
			</currency>
			<currency type="HRK">
				<displayName draft="provisional">Kuna Croatia</displayName>
				<displayName alt="proposed-x1001" draft="unconfirmed">Kuna Crô-át</displayName>
			</currency>
			<currency type="HUF">
				<displayName draft="provisional">Phôrin Hungari</displayName>
			</currency>
			<currency type="IDR">
				<displayName draft="provisional">Rupia Inđônêxia</displayName>
			</currency>
			<currency type="ILS">
				<displayName draft="provisional">Sêken Ixraen</displayName>
			</currency>
			<currency type="INR">
				<displayName draft="provisional">Rupi Ấn Độ</displayName>
			</currency>
			<currency type="JPY">
				<displayName draft="provisional">Yên Nhật</displayName>
			</currency>
			<currency type="KES">
				<displayName draft="provisional">Ðồng si-ling Kê-ny-a</displayName>
			</currency>
			<currency type="KRW">
				<displayName draft="provisional">Won Hàn Quốc</displayName>
				<displayName alt="proposed-x1001" draft="unconfirmed">Won Nam Triều Tiên</displayName>
			</currency>
			<currency type="LTL">
				<displayName draft="provisional">Litat Lituani</displayName>
			</currency>
			<currency type="MAD">
				<displayName draft="provisional">Điaham Marốc</displayName>
			</currency>
			<currency type="MTL">
				<displayName draft="provisional">Ðồng Lia xứ Man-tơ</displayName>
			</currency>
			<currency type="MXN">
				<displayName draft="provisional">Peso Mêhicô</displayName>
			</currency>
			<currency type="MYR">
				<displayName draft="provisional">Rinhgit Malaixia</displayName>
			</currency>
			<currency type="NOK">
				<displayName draft="provisional">Curon Na Uy</displayName>
				<displayName alt="proposed-x1001" draft="unconfirmed">Tiền tệ Na uy</displayName>
			</currency>
			<currency type="NZD">
				<displayName draft="provisional">Đô-la New Zealand</displayName>
			</currency>
			<currency type="PEN">
				<displayName draft="provisional">Nuevo Sol Pêru</displayName>
			</currency>
			<currency type="PHP">
				<displayName draft="provisional">Peso Philíppin</displayName>
			</currency>
			<currency type="PKR">
				<displayName draft="provisional">Rupi Pakistan</displayName>
			</currency>
			<currency type="PLN">
				<displayName draft="provisional">NewZloty Ba Lan</displayName>
			</currency>
			<currency type="RON">
				<displayName draft="provisional">Lây Rumani</displayName>
				<displayName alt="proposed-x1001" draft="unconfirmed">Đồng Lây Rumani Mới</displayName>
			</currency>
			<currency type="RSD">
				<displayName draft="provisional">Đina Xéc-bi</displayName>
			</currency>
			<currency type="RUB">
				<displayName draft="provisional">Rúp Nga</displayName>
			</currency>
			<currency type="SAR">
				<displayName draft="provisional">Rian Xêút</displayName>
			</currency>
			<currency type="SEK">
				<displayName draft="provisional">Cua-ron Thuỵ Điển</displayName>
				<displayName alt="proposed-x1001" draft="unconfirmed">Ðồng Cua-ron thụy ðiển</displayName>
			</currency>
			<currency type="SGD">
				<displayName draft="provisional">Đô-la Singapore</displayName>
			</currency>
			<currency type="SIT">
				<displayName draft="provisional">Tôla Xlôvênia</displayName>
			</currency>
			<currency type="SKK">
				<displayName draft="provisional">Cuaron Xlôvác</displayName>
			</currency>
			<currency type="THB">
				<displayName draft="provisional">Bạt Thái Lan</displayName>
			</currency>
			<currency type="TRL">
				<displayName draft="provisional">Lia Thổ Nhĩ Kỳ</displayName>
			</currency>
			<currency type="TRY">
				<displayName draft="provisional">Lia Thổ Nhĩ Kỳ Mới</displayName>
			</currency>
			<currency type="TWD">
				<displayName draft="provisional">Đô-la Đài Loan</displayName>
				<displayName alt="proposed-x1001" draft="unconfirmed">Đô la Đài Loan mới</displayName>
			</currency>
			<currency type="UAH">
				<displayName draft="provisional">Rúp U-crai-na</displayName>
			</currency>
			<currency type="USD">
				<displayName draft="provisional">Đô-la Mỹ</displayName>
			</currency>
			<currency type="VEB">
				<displayName draft="provisional">Bôliva Vênêduêla</displayName>
			</currency>
			<currency type="VND">
				<displayName>đồng</displayName>
				<displayName alt="proposed-x1001" draft="unconfirmed">VND</displayName>
				<displayName alt="proposed-x1002" draft="unconfirmed">Ðồng Việt Nam</displayName>
				<symbol>₫</symbol>
				<symbol alt="proposed-x1001" draft="unconfirmed">VNĐ</symbol>
				<symbol alt="proposed-x1002" draft="unconfirmed">đ</symbol>
			</currency>
			<currency type="XXX">
				<displayName draft="provisional">XXX</displayName>
				<symbol draft="provisional">XXX</symbol>
			</currency>
			<currency type="ZAR">
				<displayName draft="provisional">Ran</displayName>
			</currency>
		</currencies>
	</numbers>
	<posix>
		<messages>
			<yesstr draft="unconfirmed">сó:co:c</yesstr>
			<nostr draft="unconfirmed">không:khong:k</nostr>
		</messages>
	</posix>
</ldml>
<!-- Old Comments. See root.xml for more info.
URL: http://oss.software.ibm.com/cvs/icu/icu/source/data/locales/vi.txt?only_with_tag=final-update-LDML

Note many of the country names have dashes in the name. This seems to be correct.
Translations that are done poorly seem to remove them. This doesn't mean that all the dashes are correct,
but care should be taken before removing them.
        AT { "\u00c1o" } // \u00c1o Qu\u1ed1c ?
        AU { "\u00dac" } // \u00dac \u0110\u1ea1i L\u1ee3i?
HK { "H\u1ED3ng K\u00F4ng SAR Trung Qu\u1ed1c" }  // "H\u1ED3ng K\u00F4ng" is original form. SAR needs translation.
        ID { "Nam D\u01b0\u01a1ng" } // or maybe also In-\u0111\u00f4-n\u00ea-xi-a
        IT { "\u00DD" } // The less frequent form of this country is "I-ta-li-a"
        KP { "B\u1eafc Tri\u1ec1u Ti\u00ean" } // Alt name?: C\u1ed9ng h\u00f2a D\u00e2n ch\u1ee7 Nh\u00e2n d\u00e2n Tri\u1ec1u Ti\u00ean
        US { "Hoa K\u1ef3" } // M\u1ef9 = slang abbreviated form of US; Hoa K\u1ef3 = US; H\u1ee3p ch\u00fang qu\u1ed1c Hoa k\u1ef3 = USA 
        VND { "\u0111", "\u0111\u1ED3ng" } // Vietnamese Dong. More people use \u0111 rather than \u20AB
The case of the letters may be wrong for languages because Ti\u1EBFng is used.
Ti\u1EBFng is used in order to clarify some of the names, and ti\u1EBFng means "language".
Ti\u1EBFng is used to differentiate similar words like English from England and German from Germany,
which are frequently the same in Vietnamese.
It is difficult to decide whether Ti\u1EBFng should precede the translation, but it doesn't hurt to keep it there.
        it { "Ti\u1EBFng \u00DD" } // Just \u00DD seems okay because Ti\u1EBFng is used. \u00DD is sometimes used to mean Italy too.
        "Latn",  // ISO 15924 Name
-->

