<?xml version="1.0" encoding="UTF-8" ?>
<!DOCTYPE ldml SYSTEM "http://www.unicode.org/cldr/dtd/1.5/ldml.dtd">
<ldml>
	<identity>
		<version number="$Revision: 1.47 $"/>
		<generation date="$Date: 2007/07/19 22:31:40 $"/>
		<language type="wal"/>
	</identity>
	<localeDisplayNames>
		<languages>
			<language type="ar" draft="unconfirmed">ዐርቢኛ</language>
			<language type="de" draft="unconfirmed">ጀርመን</language>
			<language type="en" draft="unconfirmed">እንግሊዝኛ</language>
			<language type="es" draft="unconfirmed">ስፓኒሽ</language>
			<language type="fr" draft="unconfirmed">ፈረንሳይኛ</language>
			<language type="hi" draft="unconfirmed">ሐንድኛ</language>
			<language type="it" draft="unconfirmed">ጣሊያንኛ</language>
			<language type="ja" draft="unconfirmed">ጃፓንኛ</language>
			<language type="pt" draft="unconfirmed">ፖርቱጋሊኛ</language>
			<language type="ru" draft="unconfirmed">ራሽኛ</language>
			<language type="wal" draft="unconfirmed">ወላይታቱ</language>
			<language type="zh" draft="unconfirmed">ቻይንኛ</language>
		</languages>
		<scripts>
			<script type="Latn" draft="unconfirmed">ላቲን</script>
		</scripts>
		<territories>
			<territory type="AD" draft="unconfirmed">አንዶራ</territory>
			<territory type="AE" draft="unconfirmed">የተባበሩት አረብ ኤምሬትስ</territory>
			<territory type="AL" draft="unconfirmed">አልባኒያ</territory>
			<territory type="AM" draft="unconfirmed">አርሜኒያ</territory>
			<territory type="AN" draft="unconfirmed">ኔዘርላንድስ አንቲልስ</territory>
			<territory type="AR" draft="unconfirmed">አርጀንቲና</territory>
			<territory type="AT" draft="unconfirmed">ኦስትሪያ</territory>
			<territory type="AU" draft="unconfirmed">አውስትሬሊያ</territory>
			<territory type="AZ" draft="unconfirmed">አዘርባጃን</territory>
			<territory type="BA" draft="unconfirmed">ቦስኒያ እና ሄርዞጎቪኒያ</territory>
			<territory type="BB" draft="unconfirmed">ባርቤዶስ</territory>
			<territory type="BE" draft="unconfirmed">ቤልጄም</territory>
			<territory type="BG" draft="unconfirmed">ቡልጌሪያ</territory>
			<territory type="BH" draft="unconfirmed">ባህሬን</territory>
			<territory type="BM" draft="unconfirmed">ቤርሙዳ</territory>
			<territory type="BO" draft="unconfirmed">ቦሊቪያ</territory>
			<territory type="BR" draft="unconfirmed">ብራዚል</territory>
			<territory type="BT" draft="unconfirmed">ቡህታን</territory>
			<territory type="BY" draft="unconfirmed">ቤላሩስ</territory>
			<territory type="BZ" draft="unconfirmed">ቤሊዘ</territory>
			<territory type="CD" draft="unconfirmed">ኮንጎ</territory>
			<territory type="CF" draft="unconfirmed">የመካከለኛው አፍሪካ ሪፐብሊክ</territory>
			<territory type="CH" draft="unconfirmed">ስዊዘርላንድ</territory>
			<territory type="CL" draft="unconfirmed">ቺሊ</territory>
			<territory type="CM" draft="unconfirmed">ካሜሩን</territory>
			<territory type="CN" draft="unconfirmed">ቻይና</territory>
			<territory type="CO" draft="unconfirmed">ኮሎምቢያ</territory>
			<territory type="CS" draft="unconfirmed">ሰርቢያ</territory>
			<territory type="CV" draft="unconfirmed">ኬፕ ቬርዴ</territory>
			<territory type="CY" draft="unconfirmed">ሳይፕረስ</territory>
			<territory type="CZ" draft="unconfirmed">ቼክ ሪፑብሊክ</territory>
			<territory type="DE" draft="unconfirmed">ጀርመን</territory>
			<territory type="DK" draft="unconfirmed">ዴንማርክ</territory>
			<territory type="DM" draft="unconfirmed">ዶሚኒካ</territory>
			<territory type="DO" draft="unconfirmed">ዶሚኒክ ሪፑብሊክ</territory>
			<territory type="DZ" draft="unconfirmed">አልጄሪያ</territory>
			<territory type="EC" draft="unconfirmed">ኢኳዶር</territory>
			<territory type="EE" draft="unconfirmed">ኤስቶኒያ</territory>
			<territory type="EG" draft="unconfirmed">ግብጽ</territory>
			<territory type="EH" draft="unconfirmed">ምዕራባዊ ሳህራ</territory>
			<territory type="ER" draft="unconfirmed">ኤርትራ</territory>
			<territory type="ES" draft="unconfirmed">ስፔን</territory>
			<territory type="ET" draft="unconfirmed">ኢትዮጵያ</territory>
			<territory type="FI" draft="unconfirmed">ፊንላንድ</territory>
			<territory type="FJ" draft="unconfirmed">ፊጂ</territory>
			<territory type="FM" draft="unconfirmed">ሚክሮኔዢያ</territory>
			<territory type="FR" draft="unconfirmed">ፈረንሳይ</territory>
			<territory type="GB" draft="unconfirmed">እንግሊዝ</territory>
			<territory type="GE" draft="unconfirmed">ጆርጂያ</territory>
			<territory type="GF" draft="unconfirmed">የፈረንሳይ ጉዊአና</territory>
			<territory type="GM" draft="unconfirmed">ጋምቢያ</territory>
			<territory type="GN" draft="unconfirmed">ጊኒ</territory>
			<territory type="GQ" draft="unconfirmed">ኢኳቶሪያል ጊኒ</territory>
			<territory type="GR" draft="unconfirmed">ግሪክ</territory>
			<territory type="GW" draft="unconfirmed">ቢሳዎ</territory>
			<territory type="GY" draft="unconfirmed">ጉያና</territory>
			<territory type="HK" draft="unconfirmed">ሆንግ ኮንግ</territory>
			<territory type="HR" draft="unconfirmed">ክሮኤሽያ</territory>
			<territory type="HT" draft="unconfirmed">ሀይቲ</territory>
			<territory type="HU" draft="unconfirmed">ሀንጋሪ</territory>
			<territory type="ID" draft="unconfirmed">ኢንዶኔዢያ</territory>
			<territory type="IE" draft="unconfirmed">አየርላንድ</territory>
			<territory type="IL" draft="unconfirmed">እስራኤል</territory>
			<territory type="IN" draft="unconfirmed">ህንድ</territory>
			<territory type="IQ" draft="unconfirmed">ኢራቅ</territory>
			<territory type="IS" draft="unconfirmed">አይስላንድ</territory>
			<territory type="IT" draft="unconfirmed">ጣሊያን</territory>
			<territory type="JM" draft="unconfirmed">ጃማይካ</territory>
			<territory type="JO" draft="unconfirmed">ጆርዳን</territory>
			<territory type="JP" draft="unconfirmed">ጃፓን</territory>
			<territory type="KH" draft="unconfirmed">ካምቦዲያ</territory>
			<territory type="KM" draft="unconfirmed">ኮሞሮስ</territory>
			<territory type="KP" draft="unconfirmed">ደቡብ ኮሪያ</territory>
			<territory type="KR" draft="unconfirmed">ሰሜን ኮሪያ</territory>
			<territory type="KW" draft="unconfirmed">ክዌት</territory>
			<territory type="LB" draft="unconfirmed">ሊባኖስ</territory>
			<territory type="LT" draft="unconfirmed">ሊቱዌኒያ</territory>
			<territory type="LV" draft="unconfirmed">ላትቪያ</territory>
			<territory type="LY" draft="unconfirmed">ሊቢያ</territory>
			<territory type="MA" draft="unconfirmed">ሞሮኮ</territory>
			<territory type="MD" draft="unconfirmed">ሞልዶቫ</territory>
			<territory type="MK" draft="unconfirmed">ማከዶኒያ</territory>
			<territory type="MN" draft="unconfirmed">ሞንጎሊያ</territory>
			<territory type="MO" draft="unconfirmed">ማካዎ</territory>
			<territory type="MR" draft="unconfirmed">ሞሪቴኒያ</territory>
			<territory type="MT" draft="unconfirmed">ማልታ</territory>
			<territory type="MU" draft="unconfirmed">ማሩሸስ</territory>
			<territory type="MX" draft="unconfirmed">ሜክሲኮ</territory>
			<territory type="MY" draft="unconfirmed">ማሌዢያ</territory>
			<territory type="NA" draft="unconfirmed">ናሚቢያ</territory>
			<territory type="NC" draft="unconfirmed">ኒው ካሌዶኒያ</territory>
			<territory type="NG" draft="unconfirmed">ናይጄሪያ</territory>
			<territory type="NL" draft="unconfirmed">ኔዘርላንድ</territory>
			<territory type="NO" draft="unconfirmed">ኖርዌ</territory>
			<territory type="NP" draft="unconfirmed">ኔፓል</territory>
			<territory type="NZ" draft="unconfirmed">ኒው ዚላንድ</territory>
			<territory type="PE" draft="unconfirmed">ፔሩ</territory>
			<territory type="PF" draft="unconfirmed">የፈረንሳይ ፖሊኔዢያ</territory>
			<territory type="PG" draft="unconfirmed">ፓፑዋ ኒው ጊኒ</territory>
			<territory type="PL" draft="unconfirmed">ፖላንድ</territory>
			<territory type="PR" draft="unconfirmed">ፖርታ ሪኮ</territory>
			<territory type="RO" draft="unconfirmed">ሮሜኒያ</territory>
			<territory type="RU" draft="unconfirmed">ራሺያ</territory>
			<territory type="SA" draft="unconfirmed">ሳውድአረቢያ</territory>
			<territory type="SD" draft="unconfirmed">ሱዳን</territory>
			<territory type="SE" draft="unconfirmed">ስዊድን</territory>
			<territory type="SG" draft="unconfirmed">ሲንጋፖር</territory>
			<territory type="SI" draft="unconfirmed">ስሎቬኒያ</territory>
			<territory type="SK" draft="unconfirmed">ስሎቫኪያ</territory>
			<territory type="SN" draft="unconfirmed">ሴኔጋል</territory>
			<territory type="SO" draft="unconfirmed">ሱማሌ</territory>
			<territory type="SY" draft="unconfirmed">ሲሪያ</territory>
			<territory type="TD" draft="unconfirmed">ቻድ</territory>
			<territory type="TF" draft="unconfirmed">የፈረንሳይ ደቡባዊ ግዛቶች</territory>
			<territory type="TH" draft="unconfirmed">ታይላንድ</territory>
			<territory type="TJ" draft="unconfirmed">ታጃኪስታን</territory>
			<territory type="TL" draft="unconfirmed">ምስራቅ ቲሞር</territory>
			<territory type="TN" draft="unconfirmed">ቱኒዚያ</territory>
			<territory type="TR" draft="unconfirmed">ቱርክ</territory>
			<territory type="TT" draft="unconfirmed">ትሪኒዳድ እና ቶባጎ</territory>
			<territory type="TZ" draft="unconfirmed">ታንዛኒያ</territory>
			<territory type="UG" draft="unconfirmed">ዩጋንዳ</territory>
			<territory type="US" draft="unconfirmed">አሜሪካ</territory>
			<territory type="UZ" draft="unconfirmed">ዩዝበኪስታን</territory>
			<territory type="VE" draft="unconfirmed">ቬንዙዌላ</territory>
			<territory type="VG" draft="unconfirmed">የእንግሊዝ ድንግል ደሴቶች</territory>
			<territory type="VI" draft="unconfirmed">የአሜሪካ ቨርጂን ደሴቶች</territory>
			<territory type="YE" draft="unconfirmed">የመን</territory>
			<territory type="ZA" draft="unconfirmed">ደቡብ አፍሪካ</territory>
			<territory type="ZM" draft="unconfirmed">ዛምቢያ</territory>
		</territories>
	</localeDisplayNames>
	<characters>
		<exemplarCharacters>[፟ ᎐-᎙ ሀ-ሏ ⶀ ሐ-ሟ ᎀ-ᎃ ⶁ ሠ-ሯ ⶂ ሰ-ሷ ⶃ ሸ-ሿ ⶄ ቀ-ቈ ቊ-ቍ ቐ-ቖ ቘ ቚ-ቝ በ-ቧ ᎄ-ᎇ ⶅ ቨ-ቷ ⶆ ቸ-ቿ ⶇ ኀ-ኈ ኊ-ኍ ነ-ኗ ⶈ ኘ-ኟ ⶉ አ-ኧ ⶊ ከ-ኰ ኲ-ኵ ኸ-ኾ ዀ ዂ-ዅ ወ-ዖ ዘ-ዟ ⶋ ዠ-ዷ ⶌ ዸ-ዿ ⶍ ጀ-ጇ ⶎ ገ-ጐ ጒ-ጕ ጘ-ጟ ⶓ-ⶖ ጠ-ጧ ⶏ ጨ-ጯ ⶐ ጰ-ጷ ⶑ ጸ-ፏ ᎈ-ᎋ ፐ-ፗ ᎌ-ᎏ ⶒ ፘ-ፚ ⶠ-ⶦ ⶨ-ⶮ ⶰ-ⶶ ⶸ-ⶾ ⷀ-ⷆ ⷈ-ⷎ ⷐ-ⷖ ⷘ-ⷞ]</exemplarCharacters>
		<exemplarCharacters alt="proposed-x1001" draft="unconfirmed">[፟ ፡ ፣-፧ ። ፠ ፨ ᎐-᎙ ፲-፼ ፩-፱ ሀ-ሏ ⶀ ሐ-ሟ ᎀ-ᎃ ⶁ ሠ-ሯ ⶂ ሰ-ሷ ⶃ ሸ-ሿ ⶄ ቀ-ቈ ቊ-ቍ ቐ-ቖ ቘ ቚ-ቝ በ-ቧ ᎄ-ᎇ ⶅ ቨ-ቷ ⶆ ቸ-ቿ ⶇ ኀ-ኈ ኊ-ኍ ነ-ኗ ⶈ ኘ-ኟ ⶉ አ-ኧ ⶊ ከ-ኰ ኲ-ኵ ኸ-ኾ ዀ ዂ-ዅ ወ-ዖ ዘ-ዟ ⶋ ዠ-ዷ ⶌ ዸ-ዿ ⶍ ጀ-ጇ ⶎ ገ-ጐ ጒ-ጕ ጘ-ጟ ⶓ-ⶖ ጠ-ጧ ⶏ ጨ-ጯ ⶐ ጰ-ጷ ⶑ ጸ-ፏ ᎈ-ᎋ ፐ-ፗ ᎌ-ᎏ ⶒ ፘ-ፚ ⶠ-ⶦ ⶨ-ⶮ ⶰ-ⶶ ⶸ-ⶾ ⷀ-ⷆ ⷈ-ⷎ ⷐ-ⷖ ⷘ-ⷞ]</exemplarCharacters>
	</characters>
	<dates>
		<calendars>
			<calendar type="gregorian">
				<months>
					<monthContext type="format">
						<monthWidth type="abbreviated">
							<month type="1" draft="unconfirmed">ጃንዩ</month>
							<month type="2" draft="unconfirmed">ፌብሩ</month>
							<month type="3" draft="unconfirmed">ማርች</month>
							<month type="4" draft="unconfirmed">ኤፕረ</month>
							<month type="5" draft="unconfirmed">ሜይ</month>
							<month type="6" draft="unconfirmed">ጁን</month>
							<month type="7" draft="unconfirmed">ጁላይ</month>
							<month type="8" draft="unconfirmed">ኦገስ</month>
							<month type="9" draft="unconfirmed">ሴፕቴ</month>
							<month type="10" draft="unconfirmed">ኦክተ</month>
							<month type="11" draft="unconfirmed">ኖቬም</month>
							<month type="12" draft="unconfirmed">ዲሴም</month>
						</monthWidth>
						<monthWidth type="wide">
							<month type="1" draft="unconfirmed">ጃንዩወሪ</month>
							<month type="2" draft="unconfirmed">ፌብሩወሪ</month>
							<month type="3" draft="unconfirmed">ማርች</month>
							<month type="4" draft="unconfirmed">ኤፕረል</month>
							<month type="5" draft="unconfirmed">ሜይ</month>
							<month type="6" draft="unconfirmed">ጁን</month>
							<month type="7" draft="unconfirmed">ጁላይ</month>
							<month type="8" draft="unconfirmed">ኦገስት</month>
							<month type="9" draft="unconfirmed">ሴፕቴምበር</month>
							<month type="10" draft="unconfirmed">ኦክተውበር</month>
							<month type="11" draft="unconfirmed">ኖቬምበር</month>
							<month type="12" draft="unconfirmed">ዲሴምበር</month>
						</monthWidth>
					</monthContext>
					<monthContext type="stand-alone">
						<monthWidth type="narrow">
							<month type="1" draft="unconfirmed">ጃ</month>
							<month type="2" draft="unconfirmed">ፌ</month>
							<month type="3" draft="unconfirmed">ማ</month>
							<month type="4" draft="unconfirmed">ኤ</month>
							<month type="5" draft="unconfirmed">ሜ</month>
							<month type="6" draft="unconfirmed">ጁ</month>
							<month type="7" draft="unconfirmed">ጁ</month>
							<month type="8" draft="unconfirmed">ኦ</month>
							<month type="9" draft="unconfirmed">ሴ</month>
							<month type="10" draft="unconfirmed">ኦ</month>
							<month type="11" draft="unconfirmed">ኖ</month>
							<month type="12" draft="unconfirmed">ዲ</month>
						</monthWidth>
					</monthContext>
				</months>
				<days>
					<dayContext type="format">
						<dayWidth type="abbreviated">
							<day type="sun" draft="unconfirmed">ወጋ</day>
							<day type="mon" draft="unconfirmed">ሳይኖ</day>
							<day type="tue" draft="unconfirmed">ማቆሳ</day>
							<day type="wed" draft="unconfirmed">አሩዋ</day>
							<day type="thu" draft="unconfirmed">ሃሙሳ</day>
							<day type="fri" draft="unconfirmed">አርባ</day>
							<day type="sat" draft="unconfirmed">ቄራ</day>
						</dayWidth>
						<dayWidth type="wide">
							<day type="sun" draft="unconfirmed">ወጋ</day>
							<day type="mon" draft="unconfirmed">ሳይኖ</day>
							<day type="tue" draft="unconfirmed">ማቆሳኛ</day>
							<day type="wed" draft="unconfirmed">አሩዋ</day>
							<day type="thu" draft="unconfirmed">ሃሙሳ</day>
							<day type="fri" draft="unconfirmed">አርባ</day>
							<day type="sat" draft="unconfirmed">ቄራ</day>
						</dayWidth>
					</dayContext>
					<dayContext type="stand-alone">
						<dayWidth type="narrow">
							<day type="sun" draft="unconfirmed">ወ</day>
							<day type="mon" draft="unconfirmed">ሳ</day>
							<day type="tue" draft="unconfirmed">ማ</day>
							<day type="wed" draft="unconfirmed">አ</day>
							<day type="thu" draft="unconfirmed">ሃ</day>
							<day type="fri" draft="unconfirmed">አ</day>
							<day type="sat" draft="unconfirmed">ቄ</day>
						</dayWidth>
					</dayContext>
				</days>
				<quarters>
					<quarterContext type="format">
						<quarterWidth type="abbreviated">
							<quarter type="1" draft="unconfirmed">Q1</quarter>
							<quarter type="2" draft="unconfirmed">Q2</quarter>
							<quarter type="3" draft="unconfirmed">Q3</quarter>
							<quarter type="4" draft="unconfirmed">Q4</quarter>
						</quarterWidth>
						<quarterWidth type="wide">
							<quarter type="1" draft="unconfirmed">Q1</quarter>
							<quarter type="2" draft="unconfirmed">Q2</quarter>
							<quarter type="3" draft="unconfirmed">Q3</quarter>
							<quarter type="4" draft="unconfirmed">Q4</quarter>
						</quarterWidth>
					</quarterContext>
				</quarters>
				<am draft="unconfirmed">ማለዶ</am>
				<pm draft="unconfirmed">ቃማ</pm>
				<eras>
					<eraAbbr>
						<era type="0" draft="unconfirmed">አዳ ዎዴ</era>
						<era type="1" draft="unconfirmed">ግሮተታ ላይታ</era>
					</eraAbbr>
				</eras>
				<dateFormats>
					<dateFormatLength type="full">
						<dateFormat>
							<pattern draft="unconfirmed">EEEE፥ dd MMMM ጋላሳ yyyy G</pattern>
							<pattern alt="proposed-x1001" draft="unconfirmed">EEEE, yyyy MMMM dd</pattern>
						</dateFormat>
					</dateFormatLength>
					<dateFormatLength type="long">
						<dateFormat>
							<pattern draft="unconfirmed">dd MMMM yyyy</pattern>
							<pattern alt="proposed-x1001" draft="unconfirmed">yyyy MMMM d</pattern>
						</dateFormat>
					</dateFormatLength>
					<dateFormatLength type="medium">
						<dateFormat>
							<pattern draft="unconfirmed">dd-MMM-yyyy</pattern>
							<pattern alt="proposed-x1001" draft="unconfirmed">yyyy MMM d</pattern>
						</dateFormat>
					</dateFormatLength>
					<dateFormatLength type="short">
						<dateFormat>
							<pattern draft="unconfirmed">dd/MM/yy</pattern>
							<pattern alt="proposed-x1001" draft="unconfirmed">yy/MM/dd</pattern>
						</dateFormat>
					</dateFormatLength>
				</dateFormats>
				<timeFormats>
					<timeFormatLength type="full">
						<timeFormat>
							<pattern draft="unconfirmed">h:mm:ss a v</pattern>
							<pattern alt="proposed-x1001" draft="unconfirmed">HH:mm:ss v</pattern>
						</timeFormat>
					</timeFormatLength>
					<timeFormatLength type="long">
						<timeFormat>
							<pattern draft="unconfirmed">h:mm:ss a z</pattern>
							<pattern alt="proposed-x1001" draft="unconfirmed">HH:mm:ss z</pattern>
						</timeFormat>
					</timeFormatLength>
					<timeFormatLength type="medium">
						<timeFormat>
							<pattern draft="unconfirmed">h:mm:ss a</pattern>
							<pattern alt="proposed-x1001" draft="unconfirmed">HH:mm:ss</pattern>
						</timeFormat>
					</timeFormatLength>
					<timeFormatLength type="short">
						<timeFormat>
							<pattern draft="unconfirmed">h:mm a</pattern>
							<pattern alt="proposed-x1001" draft="unconfirmed">HH:mm</pattern>
						</timeFormat>
					</timeFormatLength>
				</timeFormats>
				<dateTimeFormats>
					<dateTimeFormatLength>
						<dateTimeFormat>
							<pattern draft="unconfirmed">{1} {0}</pattern>
						</dateTimeFormat>
					</dateTimeFormatLength>
					<availableFormats>
						<dateFormatItem id="MMMMdd" draft="unconfirmed">dd MMMM</dateFormatItem>
						<dateFormatItem id="MMdd" draft="unconfirmed">dd/MM</dateFormatItem>
						<dateFormatItem id="yyMM" draft="unconfirmed">MM/yy</dateFormatItem>
						<dateFormatItem id="yyQ" draft="unconfirmed">Q yy</dateFormatItem>
						<dateFormatItem id="yyyyMMMM" draft="unconfirmed">MMMM yyyy</dateFormatItem>
					</availableFormats>
				</dateTimeFormats>
			</calendar>
		</calendars>
		<timeZoneNames>
			<hourFormat draft="unconfirmed">+HH:mm;-HH:mm</hourFormat>
			<gmtFormat draft="unconfirmed">GMT{0}</gmtFormat>
			<regionFormat draft="unconfirmed">{0}</regionFormat>
		</timeZoneNames>
	</dates>
	<numbers>
		<symbols>
			<group draft="unconfirmed">ወ</group>
		</symbols>
		<currencyFormats>
			<currencyFormatLength>
				<currencyFormat>
					<pattern draft="unconfirmed">¤#,##0.00</pattern>
				</currencyFormat>
			</currencyFormatLength>
		</currencyFormats>
		<currencies>
			<currency type="BRL">
				<displayName draft="unconfirmed">የብራዚል ሪል</displayName>
			</currency>
			<currency type="CNY">
				<displayName draft="unconfirmed">የቻይና ዩአን ረንሚንቢ</displayName>
				<symbol draft="unconfirmed">Y</symbol>
			</currency>
			<currency type="ETB">
				<displayName draft="unconfirmed">የኢትዮጵያ ብር</displayName>
				<symbol draft="unconfirmed">$</symbol>
			</currency>
			<currency type="EUR">
				<displayName draft="unconfirmed">አውሮ</displayName>
			</currency>
			<currency type="GBP">
				<displayName draft="unconfirmed">የእንግሊዝ ፓውንድ ስተርሊንግ</displayName>
			</currency>
			<currency type="INR">
				<displayName draft="unconfirmed">የሕንድ ሩፒ</displayName>
			</currency>
			<currency type="JPY">
				<displayName draft="unconfirmed">የጃፓን የን</displayName>
			</currency>
			<currency type="RUB">
				<displayName draft="unconfirmed">የራሻ ሩብል</displayName>
			</currency>
			<currency type="USD">
				<displayName draft="unconfirmed">የአሜሪካን ዶላር</displayName>
			</currency>
		</currencies>
	</numbers>
</ldml>

