<?xml version="1.0" encoding="UTF-8" ?>
<!DOCTYPE ldml SYSTEM "http://www.unicode.org/cldr/dtd/1.5/ldml.dtd">
<ldml>
	<identity>
		<version number="$Revision: 1.18 $"/>
		<generation date="$Date: 2007/07/14 23:02:17 $"/>
		<language type="xh"/>
	</identity>
	<localeDisplayNames>
		<languages>
			<language type="af" draft="provisional">isiBhulu</language>
			<language type="af" alt="proposed-x1001" draft="unconfirmed">Isibhulu</language>
			<language type="am" draft="unconfirmed">Isi-Amharic</language>
			<language type="ar" draft="unconfirmed">Isi-Arabic</language>
			<language type="as" draft="unconfirmed">isiAssamese</language>
			<language type="az" draft="unconfirmed">Isi-Azerbaijani</language>
			<language type="be" draft="unconfirmed">Isi-Belarusian</language>
			<language type="bg" draft="unconfirmed">Isi-Bulgaria</language>
			<language type="bh" draft="unconfirmed">Isi-Bihari</language>
			<language type="bn" draft="unconfirmed">Isi-Bengali</language>
			<language type="br" draft="unconfirmed">Breton</language>
			<language type="bs" draft="unconfirmed">Isi-Bosnia</language>
			<language type="ca" draft="unconfirmed">Isi-Calatan</language>
			<language type="cs" draft="unconfirmed">Isi-Czech</language>
			<language type="cy" draft="unconfirmed">Isi-Welsh</language>
			<language type="da" draft="unconfirmed">Isi-Danish</language>
			<language type="de" draft="unconfirmed">Isi-German</language>
			<language type="el" draft="unconfirmed">Isi-Greek</language>
			<language type="en" draft="provisional">isiNgesi</language>
			<language type="en" alt="proposed-x1001" draft="unconfirmed">Isingesi</language>
			<language type="eo" draft="unconfirmed">Isi-Esperanto</language>
			<language type="es" draft="unconfirmed">Isi-Spanish</language>
			<language type="et" draft="unconfirmed">Isi-Estonian</language>
			<language type="eu" draft="unconfirmed">Isi-Basque</language>
			<language type="fa" draft="unconfirmed">Isi-Persia</language>
			<language type="fi" draft="unconfirmed">Isi-Finnish</language>
			<language type="fil" draft="unconfirmed">Isi-Taglog</language>
			<language type="fo" draft="unconfirmed">Isi-Faroese</language>
			<language type="fr" draft="unconfirmed">Isi-French</language>
			<language type="fy" draft="unconfirmed">Isi-Frisian</language>
			<language type="ga" draft="unconfirmed">Isi-Irish</language>
			<language type="gd" draft="unconfirmed">Scots Gaelic</language>
			<language type="gl" draft="unconfirmed">Isi-Galician</language>
			<language type="gn" draft="unconfirmed">Guarani</language>
			<language type="gu" draft="unconfirmed">Isi-Gujarati</language>
			<language type="he" draft="unconfirmed">Isi-Hebrew</language>
			<language type="hi" draft="unconfirmed">Isi-Hindi</language>
			<language type="hr" draft="unconfirmed">Isi-Croatia</language>
			<language type="hu" draft="unconfirmed">Isi-Hungarian</language>
			<language type="hy" draft="unconfirmed">isiArmenian</language>
			<language type="ia" draft="unconfirmed">Interlingua</language>
			<language type="id" draft="unconfirmed">Isi-Indonesian</language>
			<language type="ie" draft="unconfirmed">isiInterlingue</language>
			<language type="is" draft="unconfirmed">Isi-Icelandic</language>
			<language type="it" draft="unconfirmed">Isi-Italian</language>
			<language type="ja" draft="unconfirmed">Isi-Japanese</language>
			<language type="jv" draft="unconfirmed">Isi-Javanese</language>
			<language type="ka" draft="unconfirmed">Isi-Georgia</language>
			<language type="km" draft="unconfirmed">isiCambodia</language>
			<language type="kn" draft="unconfirmed">Isi-Kannada</language>
			<language type="ko" draft="unconfirmed">Isi-Korean</language>
			<language type="ku" draft="unconfirmed">Kurdish</language>
			<language type="ky" draft="unconfirmed">Kyrgyz</language>
			<language type="la" draft="unconfirmed">Isi-Latin</language>
			<language type="ln" draft="unconfirmed">Iilwimi</language>
			<language type="lo" draft="unconfirmed">IsiLoathian</language>
			<language type="lt" draft="unconfirmed">Isi-Lithuanian</language>
			<language type="lv" draft="unconfirmed">Isi-Latvian</language>
			<language type="mk" draft="unconfirmed">Isi-Macedonian</language>
			<language type="ml" draft="unconfirmed">Isi-Malayalam</language>
			<language type="mn" draft="unconfirmed">IsiMongolian</language>
			<language type="mr" draft="unconfirmed">Isi-Marathi</language>
			<language type="ms" draft="unconfirmed">Isi-Malay</language>
			<language type="mt" draft="unconfirmed">Isi-Maltese</language>
			<language type="ne" draft="unconfirmed">Isi-Nepali</language>
			<language type="nl" draft="unconfirmed">Isi-Dutch</language>
			<language type="nn" draft="unconfirmed">Isi-Norwegia (Nynorsk)</language>
			<language type="no" draft="unconfirmed">Isi-Norwegian</language>
			<language type="oc" draft="unconfirmed">Iso-Occitan</language>
			<language type="or" draft="unconfirmed">Oriya</language>
			<language type="pa" draft="unconfirmed">Isi-Punjabi</language>
			<language type="pl" draft="unconfirmed">Isi-Polish</language>
			<language type="ps" draft="unconfirmed">Pashto</language>
			<language type="pt" draft="unconfirmed">Isi-Portuguese</language>
			<language type="pt_BR" draft="unconfirmed">portokugusseee</language>
			<language type="pt_PT" draft="unconfirmed">Isi-Portuguese (Portugal)</language>
			<language type="ro" draft="unconfirmed">Isi-Romanian</language>
			<language type="ru" draft="unconfirmed">Isi-Russian</language>
			<language type="sa" draft="unconfirmed">iSanskrit</language>
			<language type="sd" draft="unconfirmed">isiSindhi</language>
			<language type="sh" draft="unconfirmed">Serbo-Croatian</language>
			<language type="si" draft="unconfirmed">Isi-Sinhalese</language>
			<language type="sk" draft="unconfirmed">Isi-Slovak</language>
			<language type="sl" draft="unconfirmed">Isi-Slovenian</language>
			<language type="so" draft="unconfirmed">IsiSomaliya</language>
			<language type="sq" draft="unconfirmed">Isi-Albania</language>
			<language type="sr" draft="unconfirmed">Isi-Serbia</language>
			<language type="st" draft="unconfirmed">Sesotho</language>
			<language type="su" draft="unconfirmed">Isi-Sudanese</language>
			<language type="sv" draft="unconfirmed">Isi-Swedish</language>
			<language type="sw" draft="unconfirmed">Isi-Swahili</language>
			<language type="ta" draft="unconfirmed">Isi-Tamil</language>
			<language type="te" draft="unconfirmed">Isi-Telegu</language>
			<language type="th" draft="unconfirmed">Isi-Thai</language>
			<language type="ti" draft="unconfirmed">Isi-Tigrinya</language>
			<language type="tk" draft="unconfirmed">Turkmen</language>
			<language type="tlh" draft="unconfirmed">Klingon</language>
			<language type="tr" draft="unconfirmed">Isi-Turkish</language>
			<language type="tw" draft="unconfirmed">Twi</language>
			<language type="ug" draft="unconfirmed">Isi Uighur</language>
			<language type="uk" draft="unconfirmed">Isi-Ukranian</language>
			<language type="ur" draft="unconfirmed">Urdu</language>
			<language type="uz" draft="unconfirmed">Isi-Uzbek</language>
			<language type="vi" draft="unconfirmed">Isi-Vietnamese</language>
			<language type="xh" draft="provisional">isiXhosa</language>
			<language type="xh" alt="proposed-x1001" draft="unconfirmed">IsiXhosa</language>
			<language type="yi" draft="unconfirmed">Yiddish</language>
			<language type="zu" draft="provisional">isiZulu</language>
			<language type="zu" alt="proposed-x1001" draft="unconfirmed">Isi-Zulu</language>
		</languages>
	</localeDisplayNames>
	<characters>
		<exemplarCharacters>[a-z]</exemplarCharacters>
	</characters>
	<delimiters>
		<quotationStart>‘</quotationStart>
		<quotationEnd>’</quotationEnd>
		<alternateQuotationStart>“</alternateQuotationStart>
		<alternateQuotationEnd>”</alternateQuotationEnd>
	</delimiters>
	<dates>
		<calendars>
			<calendar type="gregorian">
				<months>
					<monthContext type="format">
						<monthWidth type="abbreviated">
							<month type="1" draft="unconfirmed">Jan</month>
							<month type="2" draft="unconfirmed">Feb</month>
							<month type="3" draft="unconfirmed">Mat</month>
							<month type="4" draft="unconfirmed">Epr</month>
							<month type="5" draft="unconfirmed">Mey</month>
							<month type="6" draft="unconfirmed">Jun</month>
							<month type="7" draft="unconfirmed">Jul</month>
							<month type="8" draft="unconfirmed">Aga</month>
							<month type="9" draft="unconfirmed">Sep</month>
							<month type="10" draft="unconfirmed">Okt</month>
							<month type="11" draft="unconfirmed">Nov</month>
							<month type="12" draft="unconfirmed">Dis</month>
						</monthWidth>
						<monthWidth type="wide">
							<month type="1" draft="unconfirmed">Janyuwari</month>
							<month type="2" draft="unconfirmed">Februwari</month>
							<month type="3" draft="unconfirmed">Matshi</month>
							<month type="4" draft="unconfirmed">Epreli</month>
							<month type="5" draft="unconfirmed">Meyi</month>
							<month type="6" draft="unconfirmed">Juni</month>
							<month type="7" draft="unconfirmed">Julayi</month>
							<month type="8" draft="unconfirmed">Agasti</month>
							<month type="9" draft="unconfirmed">Septemba</month>
							<month type="10" draft="unconfirmed">Okthoba</month>
							<month type="11" draft="unconfirmed">Novemba</month>
							<month type="12" draft="unconfirmed">Disemba</month>
						</monthWidth>
					</monthContext>
					<monthContext type="stand-alone">
						<monthWidth type="narrow">
							<month type="1" draft="unconfirmed">1</month>
							<month type="2" draft="unconfirmed">2</month>
							<month type="3" draft="unconfirmed">3</month>
							<month type="4" draft="unconfirmed">4</month>
							<month type="5" draft="unconfirmed">5</month>
							<month type="6" draft="unconfirmed">6</month>
							<month type="7" draft="unconfirmed">7</month>
							<month type="8" draft="unconfirmed">8</month>
							<month type="9" draft="unconfirmed">9</month>
							<month type="10" draft="unconfirmed">10</month>
							<month type="11" draft="unconfirmed">11</month>
							<month type="12" draft="unconfirmed">12</month>
						</monthWidth>
					</monthContext>
				</months>
				<days>
					<dayContext type="format">
						<dayWidth type="abbreviated">
							<day type="sun" draft="unconfirmed">Caw</day>
							<day type="mon" draft="unconfirmed">Mvu</day>
							<day type="tue" draft="unconfirmed">Bin</day>
							<day type="wed" draft="unconfirmed">Tha</day>
							<day type="thu" draft="unconfirmed">Sin</day>
							<day type="fri" draft="unconfirmed">Hla</day>
							<day type="sat" draft="unconfirmed">Mgq</day>
						</dayWidth>
						<dayWidth type="wide">
							<day type="sun" draft="unconfirmed">Cawe</day>
							<day type="mon" draft="unconfirmed">Mvulo</day>
							<day type="tue" draft="unconfirmed">Lwesibini</day>
							<day type="wed" draft="unconfirmed">Lwesithathu</day>
							<day type="thu" draft="unconfirmed">Lwesine</day>
							<day type="fri" draft="unconfirmed">Lwesihlanu</day>
							<day type="sat" draft="unconfirmed">Mgqibelo</day>
						</dayWidth>
					</dayContext>
					<dayContext type="stand-alone">
						<dayWidth type="narrow">
							<day type="sun" draft="unconfirmed">1</day>
							<day type="mon" draft="unconfirmed">2</day>
							<day type="tue" draft="unconfirmed">3</day>
							<day type="wed" draft="unconfirmed">4</day>
							<day type="thu" draft="unconfirmed">5</day>
							<day type="fri" draft="unconfirmed">6</day>
							<day type="sat" draft="unconfirmed">7</day>
						</dayWidth>
					</dayContext>
				</days>
				<quarters>
					<quarterContext type="format">
						<quarterWidth type="abbreviated">
							<quarter type="1" draft="unconfirmed">Q1</quarter>
							<quarter type="2" draft="unconfirmed">Q2</quarter>
							<quarter type="3" draft="unconfirmed">Q3</quarter>
							<quarter type="4" draft="unconfirmed">Q4</quarter>
						</quarterWidth>
						<quarterWidth type="wide">
							<quarter type="1" draft="unconfirmed">1 unyangantathu</quarter>
							<quarter type="2" draft="unconfirmed">2 unyangantathu</quarter>
							<quarter type="3" draft="unconfirmed">3 unyangantathu</quarter>
							<quarter type="4" draft="unconfirmed">4 unyangantathu</quarter>
						</quarterWidth>
					</quarterContext>
				</quarters>
				<am draft="unconfirmed">AM</am>
				<pm draft="unconfirmed">PM</pm>
				<eras>
					<eraNames>
						<era type="0" draft="unconfirmed">BC</era>
						<era type="1" draft="unconfirmed">umnyaka wokuzalwa kukaYesu</era>
					</eraNames>
					<eraAbbr>
						<era type="0" draft="unconfirmed">BC</era>
						<era type="1" draft="unconfirmed">AD</era>
					</eraAbbr>
				</eras>
				<dateFormats>
					<dateFormatLength type="full">
						<dateFormat>
							<pattern draft="unconfirmed">EEEE, yyyy MMMM dd</pattern>
						</dateFormat>
					</dateFormatLength>
					<dateFormatLength type="long">
						<dateFormat>
							<pattern draft="unconfirmed">yyyy MMMM d</pattern>
						</dateFormat>
					</dateFormatLength>
					<dateFormatLength type="medium">
						<dateFormat>
							<pattern draft="unconfirmed">yyyy MMM d</pattern>
						</dateFormat>
					</dateFormatLength>
					<dateFormatLength type="short">
						<dateFormat>
							<pattern draft="unconfirmed">yy/MM/dd</pattern>
						</dateFormat>
					</dateFormatLength>
				</dateFormats>
				<timeFormats>
					<timeFormatLength type="full">
						<timeFormat>
							<pattern draft="unconfirmed">HH:mm:ss v</pattern>
						</timeFormat>
					</timeFormatLength>
					<timeFormatLength type="long">
						<timeFormat>
							<pattern draft="unconfirmed">HH:mm:ss z</pattern>
						</timeFormat>
					</timeFormatLength>
					<timeFormatLength type="medium">
						<timeFormat>
							<pattern draft="unconfirmed">HH:mm:ss</pattern>
						</timeFormat>
					</timeFormatLength>
					<timeFormatLength type="short">
						<timeFormat>
							<pattern draft="unconfirmed">HH:mm</pattern>
						</timeFormat>
					</timeFormatLength>
				</timeFormats>
				<dateTimeFormats>
					<dateTimeFormatLength>
						<dateTimeFormat>
							<pattern draft="unconfirmed">{1} {0}</pattern>
						</dateTimeFormat>
					</dateTimeFormatLength>
					<availableFormats>
						<dateFormatItem id="yyQ" draft="unconfirmed">Q yy</dateFormatItem>
					</availableFormats>
				</dateTimeFormats>
			</calendar>
		</calendars>
		<timeZoneNames>
			<hourFormat draft="unconfirmed">+HH:mm;-HH:mm</hourFormat>
			<gmtFormat draft="unconfirmed">GMT{0}</gmtFormat>
			<regionFormat draft="unconfirmed">{0}</regionFormat>
		</timeZoneNames>
	</dates>
	<numbers>
		<symbols>
			<decimal draft="unconfirmed">,</decimal>
		</symbols>
		<currencies>
			<currency type="ZAR">
				<symbol>R</symbol>
			</currency>
		</currencies>
	</numbers>
	<posix>
		<messages>
			<yesstr draft="unconfirmed">yes:y:ewe:e</yesstr>
			<nostr draft="unconfirmed">no:n:hayi:h</nostr>
		</messages>
	</posix>
</ldml>
