<?xml version="1.0" encoding="UTF-8" ?>
<!DOCTYPE ldml SYSTEM "http://www.unicode.org/cldr/dtd/1.5/ldml.dtd">
<ldml>
	<identity>
		<version number="$Revision: 1.22 $"/>
		<generation date="$Date: 2007/07/15 23:39:12 $"/>
		<language type="yo"/>
	</identity>
	<localeDisplayNames>
		<languages>
			<language type="af" draft="unconfirmed">Ede Afrikani</language>
			<language type="am" draft="unconfirmed">Ede Amharic</language>
			<language type="ar" draft="unconfirmed">Ede Arabia</language>
			<language type="as" draft="unconfirmed">Ti Assam</language>
			<language type="az" draft="unconfirmed">Ede Azerbaijani</language>
			<language type="be" draft="unconfirmed">Ede Belarusi</language>
			<language type="bg" draft="unconfirmed">Ede Bulgaria</language>
			<language type="bh" draft="unconfirmed">Ede Bihari</language>
			<language type="bn" draft="unconfirmed">Ede Bengali</language>
			<language type="br" draft="unconfirmed">Bretoni</language>
			<language type="bs" draft="unconfirmed">Ede Bosnia</language>
			<language type="ca" draft="unconfirmed">Ede Catala</language>
			<language type="cs" draft="unconfirmed">Orile-ede Tseki</language>
			<language type="cy" draft="unconfirmed">Ede Welshi</language>
			<language type="da" draft="unconfirmed">ede ile Denmark</language>
			<language type="de" draft="unconfirmed">ede ilu Germany</language>
			<language type="el" draft="unconfirmed">giriki</language>
			<language type="en" draft="unconfirmed">geesi</language>
			<language type="eo" draft="unconfirmed">Ede Esperanto</language>
			<language type="es" draft="unconfirmed">Panyan</language>
			<language type="et" draft="unconfirmed">Ede Estonia</language>
			<language type="eu" draft="unconfirmed">Ede Baski</language>
			<language type="fa" draft="unconfirmed">Ede Persia</language>
			<language type="fi" draft="unconfirmed">Finisi</language>
			<language type="fil" draft="unconfirmed">Ede Tagalogi</language>
			<language type="fo" draft="unconfirmed">Ede Faroesi</language>
			<language type="fr" draft="unconfirmed">Faranse</language>
			<language type="fy" draft="unconfirmed">Ede Frisia</language>
			<language type="ga" draft="unconfirmed">Ede Ireland</language>
			<language type="gd" draft="unconfirmed">Ede Gaelik ti Ilu Scotland</language>
			<language type="gl" draft="unconfirmed">Ede Galicia</language>
			<language type="gn" draft="unconfirmed">Guarani</language>
			<language type="gu" draft="unconfirmed">Ede Gujarati</language>
			<language type="he" draft="unconfirmed">Heberu</language>
			<language type="hi" draft="unconfirmed">Ede Hindi</language>
			<language type="hr" draft="unconfirmed">Ede Kroatia</language>
			<language type="hu" draft="unconfirmed">Ede Hungaria</language>
			<language type="hy" draft="unconfirmed">Ile Armenia</language>
			<language type="ia" draft="unconfirmed">Ede pipo</language>
			<language type="id" draft="unconfirmed">Ede Indonesia</language>
			<language type="ie" draft="unconfirmed">Iru Ede</language>
			<language type="is" draft="unconfirmed">Ede Icelandic</language>
			<language type="it" draft="unconfirmed">Italiani</language>
			<language type="ja" draft="unconfirmed">Japanisi</language>
			<language type="jv" draft="unconfirmed">Ede Javana</language>
			<language type="ka" draft="unconfirmed">Ede Georgia</language>
			<language type="km" draft="unconfirmed">Cambodian</language>
			<language type="kn" draft="unconfirmed">Ede Kannada</language>
			<language type="ko" draft="unconfirmed">Korean</language>
			<language type="ku" draft="unconfirmed">Kurdish</language>
			<language type="ky" draft="unconfirmed">Kyrgyz</language>
			<language type="la" draft="unconfirmed">Ede Latini</language>
			<language type="ln" draft="unconfirmed">Ta</language>
			<language type="lo" draft="unconfirmed">ara Laos</language>
			<language type="lt" draft="unconfirmed">Ede Lithuania</language>
			<language type="lv" draft="unconfirmed">Ede Latvianu</language>
			<language type="mk" draft="unconfirmed">Ede Macedonia</language>
			<language type="ml" draft="unconfirmed">Ede Malayalami</language>
			<language type="mn" draft="unconfirmed">ara Mangoli</language>
			<language type="mr" draft="unconfirmed">Ede marathi</language>
			<language type="ms" draft="unconfirmed">Ede Malaya</language>
			<language type="mt" draft="unconfirmed">Ede Malta</language>
			<language type="ne" draft="unconfirmed">Ede Nepali</language>
			<language type="nl" draft="unconfirmed">Ede Dutch</language>
			<language type="no" draft="unconfirmed">Ede Norway</language>
			<language type="oc" draft="unconfirmed">Ede Occitani</language>
			<language type="or" draft="unconfirmed">Oriya</language>
			<language type="pa" draft="unconfirmed">Ede Punjabi</language>
			<language type="pl" draft="unconfirmed">ede awon ara polandi</language>
			<language type="ps" draft="unconfirmed">Pashto</language>
			<language type="pt" draft="unconfirmed">Ede Portugi</language>
			<language type="pt_PT" draft="unconfirmed">Ede Portugal</language>
			<language type="ro" draft="unconfirmed">Ede Romania</language>
			<language type="ru" draft="unconfirmed">Ede Roosia</language>
			<language type="sa" draft="unconfirmed">ede awon ara Indo</language>
			<language type="sd" draft="unconfirmed">Sindhi</language>
			<language type="sh" draft="unconfirmed">Serbo-Croatiani</language>
			<language type="si" draft="unconfirmed">Ede Sinhalese</language>
			<language type="sk" draft="unconfirmed">Ede Slovaki</language>
			<language type="sl" draft="unconfirmed">Ede Slovenia</language>
			<language type="so" draft="unconfirmed">ara Somalia</language>
			<language type="sq" draft="unconfirmed">Ede Albania</language>
			<language type="sr" draft="unconfirmed">Ede Serbia</language>
			<language type="st" draft="unconfirmed">Sesoto</language>
			<language type="su" draft="unconfirmed">Ede Sudani</language>
			<language type="sv" draft="unconfirmed">suwidiisi</language>
			<language type="sw" draft="unconfirmed">Ede Swahili</language>
			<language type="ta" draft="unconfirmed">Ede Tamili</language>
			<language type="te" draft="unconfirmed">Ede Telugu</language>
			<language type="th" draft="unconfirmed">Ede Thai</language>
			<language type="ti" draft="unconfirmed">Ede Tigrinya</language>
			<language type="tk" draft="unconfirmed">Turkmen</language>
			<language type="tlh" draft="unconfirmed">Ede Klingoni</language>
			<language type="tr" draft="unconfirmed">Ede Turkey</language>
			<language type="tw" draft="unconfirmed">Twi</language>
			<language type="ug" draft="unconfirmed">Uighur</language>
			<language type="uk" draft="unconfirmed">Ede Ukrani</language>
			<language type="ur" draft="unconfirmed">Ede Urdu</language>
			<language type="uz" draft="unconfirmed">Ede Uzbek</language>
			<language type="vi" draft="unconfirmed">Ede Vietnamu</language>
			<language type="xh" draft="unconfirmed">Ede Xhosa</language>
			<language type="yi" draft="unconfirmed">Yiddishi</language>
			<language type="zu" draft="unconfirmed">Ede Zulu</language>
		</languages>
		<territories>
			<territory type="TO" draft="unconfirmed">Tonga</territory>
		</territories>
	</localeDisplayNames>
	<characters>
		<exemplarCharacters>[a á à b d e é è ẹ {ẹ́} {ẹ̀} f g {gb} h i í ì j-o ó ò ọ {ọ́} {ọ̀} p r s ṣ t u ú ù w y]</exemplarCharacters>
		<exemplarCharacters type="auxiliary">[c q v x z]</exemplarCharacters>
	</characters>
	<dates>
		<calendars>
			<calendar type="gregorian">
				<months>
					<monthContext type="format">
						<monthWidth type="abbreviated">
							<month type="1" draft="unconfirmed">Sere</month>
							<month type="2" draft="unconfirmed">Erele</month>
							<month type="3" draft="unconfirmed">Erena</month>
							<month type="4" draft="unconfirmed">Igbe</month>
							<month type="5" draft="unconfirmed">Ebibi</month>
							<month type="6" draft="unconfirmed">Okudu</month>
							<month type="7" draft="unconfirmed">Agemo</month>
							<month type="8" draft="unconfirmed">Ogun</month>
							<month type="9" draft="unconfirmed">Owewe</month>
							<month type="10" draft="unconfirmed">Owara</month>
							<month type="11" draft="unconfirmed">Belu</month>
							<month type="12" draft="unconfirmed">Ope</month>
						</monthWidth>
						<monthWidth type="wide">
							<month type="1" draft="unconfirmed">Osukini</month>
							<month type="2" draft="unconfirmed">Osukeji</month>
							<month type="3" draft="unconfirmed">Osuketa</month>
							<month type="4" draft="unconfirmed">Osukerin</month>
							<month type="5" draft="unconfirmed">Osukarun</month>
							<month type="6" draft="unconfirmed">Osukefa</month>
							<month type="7" draft="unconfirmed">Osukeje</month>
							<month type="8" draft="unconfirmed">Osukejo</month>
							<month type="9" draft="unconfirmed">Osukesan</month>
							<month type="10" draft="unconfirmed">Osukewa</month>
							<month type="11" draft="unconfirmed">Osukokanla</month>
							<month type="12" draft="unconfirmed">Osukejila</month>
						</monthWidth>
					</monthContext>
					<monthContext type="stand-alone">
						<monthWidth type="narrow">
							<month type="1" draft="unconfirmed">1</month>
							<month type="2" draft="unconfirmed">2</month>
							<month type="3" draft="unconfirmed">3</month>
							<month type="4" draft="unconfirmed">4</month>
							<month type="5" draft="unconfirmed">5</month>
							<month type="6" draft="unconfirmed">6</month>
							<month type="7" draft="unconfirmed">7</month>
							<month type="8" draft="unconfirmed">8</month>
							<month type="9" draft="unconfirmed">9</month>
							<month type="10" draft="unconfirmed">10</month>
							<month type="11" draft="unconfirmed">11</month>
							<month type="12" draft="unconfirmed">12</month>
						</monthWidth>
					</monthContext>
				</months>
				<days>
					<dayContext type="format">
						<dayWidth type="abbreviated">
							<day type="sun" draft="unconfirmed">Aiku</day>
							<day type="mon" draft="unconfirmed">Aje</day>
							<day type="tue" draft="unconfirmed">Isegun</day>
							<day type="wed" draft="unconfirmed">Ojoru</day>
							<day type="thu" draft="unconfirmed">Ojobo</day>
							<day type="fri" draft="unconfirmed">Eti</day>
							<day type="sat" draft="unconfirmed">Abameta</day>
						</dayWidth>
						<dayWidth type="wide">
							<day type="sun" draft="unconfirmed">Ojoaiku</day>
							<day type="mon" draft="unconfirmed">Ojoaje</day>
							<day type="tue" draft="unconfirmed">Ojoisegun</day>
							<day type="wed" draft="unconfirmed">Ojoru</day>
							<day type="thu" draft="unconfirmed">Ojobo</day>
							<day type="fri" draft="unconfirmed">Ojoeti</day>
							<day type="sat" draft="unconfirmed">Ojoabameta</day>
						</dayWidth>
					</dayContext>
					<dayContext type="stand-alone">
						<dayWidth type="narrow">
							<day type="sun" draft="unconfirmed">1</day>
							<day type="mon" draft="unconfirmed">2</day>
							<day type="tue" draft="unconfirmed">3</day>
							<day type="wed" draft="unconfirmed">4</day>
							<day type="thu" draft="unconfirmed">5</day>
							<day type="fri" draft="unconfirmed">6</day>
							<day type="sat" draft="unconfirmed">7</day>
						</dayWidth>
					</dayContext>
				</days>
				<quarters>
					<quarterContext type="format">
						<quarterWidth type="abbreviated">
							<quarter type="1" draft="unconfirmed">Q1</quarter>
							<quarter type="2" draft="unconfirmed">Q2</quarter>
							<quarter type="3" draft="unconfirmed">Q3</quarter>
							<quarter type="4" draft="unconfirmed">Q4</quarter>
						</quarterWidth>
						<quarterWidth type="wide">
							<quarter type="1" draft="unconfirmed">Q1</quarter>
							<quarter type="2" draft="unconfirmed">Q2</quarter>
							<quarter type="3" draft="unconfirmed">Q3</quarter>
							<quarter type="4" draft="unconfirmed">Q4</quarter>
						</quarterWidth>
					</quarterContext>
				</quarters>
				<am draft="unconfirmed">ARO</am>
				<pm draft="unconfirmed">ALE</pm>
				<eras>
					<eraNames>
						<era type="0" draft="unconfirmed">Saju Kristi</era>
						<era type="1" draft="unconfirmed">Lehin Kristi</era>
					</eraNames>
					<eraAbbr>
						<era type="0" draft="unconfirmed">SK</era>
						<era type="1" draft="unconfirmed">LK</era>
					</eraAbbr>
				</eras>
				<dateFormats>
					<dateFormatLength type="full">
						<dateFormat>
							<pattern draft="unconfirmed">EEEE, yyyy MMMM dd</pattern>
						</dateFormat>
					</dateFormatLength>
					<dateFormatLength type="long">
						<dateFormat>
							<pattern draft="unconfirmed">yyyy MMMM d</pattern>
						</dateFormat>
					</dateFormatLength>
					<dateFormatLength type="medium">
						<dateFormat>
							<pattern draft="unconfirmed">yyyy MMM d</pattern>
						</dateFormat>
					</dateFormatLength>
					<dateFormatLength type="short">
						<dateFormat>
							<pattern draft="unconfirmed">yy/MM/dd</pattern>
						</dateFormat>
					</dateFormatLength>
				</dateFormats>
				<timeFormats>
					<timeFormatLength type="full">
						<timeFormat>
							<pattern draft="unconfirmed">HH:mm:ss v</pattern>
						</timeFormat>
					</timeFormatLength>
					<timeFormatLength type="long">
						<timeFormat>
							<pattern draft="unconfirmed">HH:mm:ss z</pattern>
						</timeFormat>
					</timeFormatLength>
					<timeFormatLength type="medium">
						<timeFormat>
							<pattern draft="unconfirmed">HH:mm:ss</pattern>
						</timeFormat>
					</timeFormatLength>
					<timeFormatLength type="short">
						<timeFormat>
							<pattern draft="unconfirmed">HH:mm</pattern>
						</timeFormat>
					</timeFormatLength>
				</timeFormats>
				<dateTimeFormats>
					<dateTimeFormatLength>
						<dateTimeFormat>
							<pattern draft="unconfirmed">{1} {0}</pattern>
						</dateTimeFormat>
					</dateTimeFormatLength>
					<availableFormats>
						<dateFormatItem id="yyQ" draft="unconfirmed">Q yy</dateFormatItem>
					</availableFormats>
				</dateTimeFormats>
			</calendar>
		</calendars>
		<timeZoneNames>
			<hourFormat draft="unconfirmed">+HH:mm;-HH:mm</hourFormat>
			<gmtFormat draft="unconfirmed">GMT{0}</gmtFormat>
			<regionFormat draft="unconfirmed">{0}</regionFormat>
		</timeZoneNames>
	</dates>
	<numbers>
		<currencies>
			<currency type="NGN">
				<displayName draft="unconfirmed">Naira</displayName>
				<symbol draft="unconfirmed">₦</symbol>
			</currency>
		</currencies>
	</numbers>
	<references>
		<reference type="R243" uri="http://www.learnyoruba.com/orthography_1.htm">Learn Yoruba - orthography</reference>
		<reference type="R244" uri="http://www.omniglot.com/writing/yoruba.htm">Omniglot on Yoruba</reference>
		<reference type="R245" uri="http://www.motherlandnigeria.com/languages.html">Nigerian languages - Yoruba</reference>
	</references>
</ldml>
