<?xml version="1.0" encoding="UTF-8" ?>
<!DOCTYPE ldml SYSTEM "http://www.unicode.org/cldr/dtd/1.5/ldml.dtd">
<ldml>
	<identity>
		<version number="$Revision: 1.3 $"/>
		<generation date="$Date: 2007/07/10 20:27:25 $"/>
		<language type="as"/>
	</identity>
		<collations  validSubLocales="as_IN">
<collation type="standard" references="http://www.eki.ee/wgrs/rom1_as.pdf">
<settings normalization="on"/>
<rules>

<!--
The following tailoring is an adjustment of the
DUCET collation order for ANUSVARA, CANDRABINDU,
and VISARGA. Instead of being sorted with secondary
weights, they are collated on primary level between
the independent vowels and the consonants.
-->
<reset>ঔ</reset>
<p>ং</p>
<p>ঁ</p>
<p>ঃ</p>

<!--
KHANDA-TA is sorted before TA.
-->
<reset before="primary">ত</reset>
<p>ত্‍</p>

<!--
KSSA is sorted after HA.
-->
<reset>হ</reset>
<p>ক্ষ</p>

</rules>
</collation>
		</collations>
</ldml>

