<?xml version="1.0" encoding="UTF-8" ?>
<!DOCTYPE ldml SYSTEM "http://www.unicode.org/cldr/dtd/1.5/ldml.dtd">
<ldml>
	<identity>
		<version number="$Revision: 1.23 $"/>
		<generation date="$Date: 2007/07/10 20:27:25 $"/>
		<language type="ca" /> 
	</identity>
		<collations  validSubLocales="ca_ES">
			<collation type="standard" >
				<settings backwards="on"  />
				<rules>
					<reset>C</reset>
					<p>ch</p>
					<t>Ch</t>
					<t>CH</t>
					<reset>L</reset>
					<p>ll</p>
					<t>l·l</t>
					<t>Ll</t>
					<t>L·l</t>
					<t>LL</t>
					<t>L·L</t>
				</rules>
			</collation  >
			<collation draft="true" alt="proposed" type="standard" >
				<settings backwards="on"  />
				<rules>
					<reset>C</reset>
					<p>ch</p>
					<t>cH</t>
					<t>Ch</t>
					<t>CH</t>
					<reset>L</reset>
					<p>ll</p>
					<t>l·l</t>
					<t>lL</t>
					<t>l·L</t>
					<t>Ll</t>
					<t>L·l</t>
					<t>LL</t>
					<t>L·L</t>
				</rules>
			</collation  >
			<collation draft="true" alt="cldrbug173" type="standard" >
				<settings backwards="on"  />
			</collation  >
		</collations>
</ldml>
