<?xml version="1.0" encoding="UTF-8" ?>
<!DOCTYPE ldml SYSTEM "http://www.unicode.org/cldr/dtd/1.5/ldml.dtd">
<ldml>
	<identity>
		<version number="$Revision: 1.1 $"/>
		<generation date="$Date: 2007/07/19 21:02:35 $"/>
		<language type="cy" /> 
	</identity>
		<collations  validSubLocales="cy_GB">
            <collation type="standard" references="http://www.evertype.com/alphabets/welsh.pdf" draft="true" alt="proposed">
                <rules>
                    <reset>C</reset>
                        <p>ch</p>
                        <t>cH</t>
                        <t>Ch</t>
                        <t>CH</t>
                    <reset>D</reset>
                        <p>dd</p>
                        <t>dD</t>
                        <t>Dd</t>
                        <t>DD</t>
                    <reset>F</reset>
                        <p>ff</p>
                        <t>fF</t>
                        <t>Ff</t>
                        <t>FF</t>
                    <reset>G</reset>
                        <p>ng</p>
                        <t>nG</t>
                        <t>Ng</t>
                        <t>NG</t>
                    <reset>L</reset>
                        <p>ll</p>
                        <t>lL</t>
                        <t>Ll</t>
                        <t>LL</t>
                    <reset>P</reset>
                        <p>ph</p>
                        <t>pH</t>
                        <t>Ph</t>
                        <t>PH</t>
                    <reset>R</reset>
                        <p>rh</p>
                        <t>rH</t>
                        <t>Rh</t>
                        <t>RH</t>
                    <reset>T</reset>
                        <p>th</p>
                        <t>tH</t>
                        <t>Th</t>
                        <t>TH</t>
                </rules>
            </collation>
        </collations>
    </ldml>
