<?xml version="1.0" encoding="UTF-8" ?>
<!DOCTYPE ldml SYSTEM "http://www.unicode.org/cldr/dtd/1.5/ldml.dtd">
<ldml>
	<identity>
		<version number="$Revision: 1.23 $"/>
		<generation date="$Date: 2007/07/10 20:27:25 $"/>
		<language type="es" /> 
	</identity>
	<collations  validSubLocales="es_AR es_BO es_CL es_CO es_CR es_DO es_EC es_ES es_GT es_HN es_MX es_NI es_PA es_PE es_PR es_PY es_SV es_US es_UY es_VE">
		<collation type="standard" >
			<rules>
				<reset>N</reset>
				<p>ñ</p>
				<t>Ñ</t>
				<reset>ae</reset>
				<s>æ</s>
				<t>Æ</t>
<!--
				<reset>A</reset>
				<x><s>Æ</s><extend>E</extend></x>
				<reset>a</reset>
				<x><s>æ</s><extend>e</extend></x>
-->
			</rules>
		</collation  >
		<collation type="traditional" >
			<rules>
				<reset>N</reset>
				<p>ñ</p>
				<t>Ñ</t>
				<reset>C</reset>
				<p>ch</p>
				<t>Ch</t>
				<t>CH</t>
				<reset>l</reset>
				<p>ll</p>
				<t>Ll</t>
				<t>LL</t>
			</rules>
		</collation  >
		<collation draft="true" alt="proposed" type="traditional" >
			<rules>
				<reset>N</reset>
				<p>ñ</p>
				<t>Ñ</t>
				<reset>C</reset>
				<p>ch</p>
				<t>cH</t>
				<t>Ch</t>
				<t>CH</t>
				<reset>l</reset>
				<p>ll</p>
				<t>lL</t>
				<t>Ll</t>
				<t>LL</t>
			</rules>
		</collation  >
	</collations>
</ldml>
