<?xml version="1.0" encoding="UTF-8" ?>
<!DOCTYPE ldml SYSTEM "http://www.unicode.org/cldr/dtd/1.5/ldml.dtd">
<ldml>
	<identity>
		<version number="$Revision: 1.2 $"/>
		<generation date="$Date: 2007/07/22 20:33:39 $"/>
		<language type="fil" /> 
	</identity>
		<collations>
			<collation type="standard" draft="true" alt="proposed">
				<rules>
					<reset>N</reset>
                    <p>ñ</p>
                    <t>Ñ</t>
                    <p>ng</p>
                    <t>Ng</t>
                    <t>NG</t>
				</rules>
			</collation  >
		</collations>
</ldml>
