<?xml version="1.0" encoding="UTF-8" ?>
<!DOCTYPE ldml SYSTEM "http://www.unicode.org/cldr/dtd/1.5/ldml.dtd">
<ldml>
	<identity>
		<version number="$Revision: 1.22 $"/>
		<generation date="$Date: 2007/07/10 20:27:25 $"/>
		<language type="fr" /> 
	</identity>
	<collations  validSubLocales="fr_BE fr_CA fr_CH fr_FR fr_LU">
		<collation type="standard" >
			<settings backwards="on"  />
			<rules>
				<reset>ae</reset>
				<s>æ</s>
				<t>Æ</t>
<!--
				<reset>A</reset>
				<x><s>Æ</s><extend>E</extend></x>
				<reset>a</reset>
				<x><s>æ</s><extend>e</extend></x>
-->
			</rules>
		</collation  >
	</collations>
</ldml>
