<?xml version="1.0" encoding="UTF-8" ?>
<!DOCTYPE ldml SYSTEM "http://www.unicode.org/cldr/dtd/1.5/ldml.dtd">
<ldml>
	<identity>
		<version number="$Revision: 1.22 $"/>
		<generation date="$Date: 2007/07/10 20:27:25 $"/>
		<language type="hu" /> 
	</identity>
		<collations  validSubLocales="hu_HU">
			<collation type="standard" >
				<rules>
					<reset>C</reset>
					<p>cs</p>
					<t>Cs</t>
					<t>CS</t>
					<reset>D</reset>
					<p>dz</p>
					<t>Dz</t>
					<t>DZ</t>
					<reset>DZ</reset>
					<p>dzs</p>
					<t>Dzs</t>
					<t>DZS</t>
					<reset>G</reset>
					<p>gy</p>
					<t>Gy</t>
					<t>GY</t>
					<reset>L</reset>
					<p>ly</p>
					<t>Ly</t>
					<t>LY</t>
					<reset>N</reset>
					<p>ny</p>
					<t>Ny</t>
					<t>NY</t>
					<reset>S</reset>
					<p>sz</p>
					<t>Sz</t>
					<t>SZ</t>
					<reset>T</reset>
					<p>ty</p>
					<t>Ty</t>
					<t>TY</t>
					<reset>Z</reset>
					<p>zs</p>
					<t>Zs</t>
					<t>ZS</t>
					<reset>O</reset>
					<p>ö</p>
					<t>Ö</t>
					<s>ő</s>
					<t>Ő</t>
					<reset>U</reset>
					<p>ü</p>
					<t>Ü</t>
					<s>ű</s>
					<t>Ű</t>
					<reset>cs</reset>
					<x><t>ccs</t><extend>cs</extend></x>
					<reset>Cs</reset>
					<x><t>Ccs</t><extend>cs</extend></x>
					<reset>CS</reset>
					<x><t>CCS</t><extend>CS</extend></x>
					<reset>dz</reset>
					<x><t>ddz</t><extend>dz</extend></x>
					<reset>Dz</reset>
					<x><t>Ddz</t><extend>dz</extend></x>
					<reset>DZ</reset>
					<x><t>DDZ</t><extend>DZ</extend></x>
					<reset>dzs</reset>
					<x><t>ddzs</t><extend>dzs</extend></x>
					<reset>Dzs</reset>
					<x><t>Ddzs</t><extend>dzs</extend></x>
					<reset>DZS</reset>
					<x><t>DDZS</t><extend>DZS</extend></x>
					<reset>gy</reset>
					<x><t>ggy</t><extend>gy</extend></x>
					<reset>Gy</reset>
					<x><t>Ggy</t><extend>gy</extend></x>
					<reset>GY</reset>
					<x><t>GGY</t><extend>GY</extend></x>
					<reset>ly</reset>
					<x><t>lly</t><extend>ly</extend></x>
					<reset>Ly</reset>
					<x><t>Lly</t><extend>ly</extend></x>
					<reset>LY</reset>
					<x><t>LLY</t><extend>LY</extend></x>
					<reset>ny</reset>
					<x><t>nny</t><extend>ny</extend></x>
					<reset>Ny</reset>
					<x><t>Nny</t><extend>ny</extend></x>
					<reset>NY</reset>
					<x><t>NNY</t><extend>NY</extend></x>
					<reset>sz</reset>
					<x><t>ssz</t><extend>sz</extend></x>
					<reset>Sz</reset>
					<x><t>Ssz</t><extend>sz</extend></x>
					<reset>SZ</reset>
					<x><t>SSZ</t><extend>SZ</extend></x>
					<reset>ty</reset>
					<x><t>tty</t><extend>ty</extend></x>
					<reset>Ty</reset>
					<x><t>Tty</t><extend>ty</extend></x>
					<reset>TY</reset>
					<x><t>TTY</t><extend>TY</extend></x>
					<reset>zs</reset>
					<x><t>zzs</t><extend>zs</extend></x>
					<reset>Zs</reset>
					<x><t>Zzs</t><extend>zs</extend></x>
					<reset>ZS</reset>
					<x><t>ZZS</t><extend>ZS</extend></x>
				</rules>
			</collation  >
			<collation draft="true" alt="proposed" type="standard" >
				<rules>
					<reset>C</reset>
					<p>cs</p>
					<t>cS</t>
					<t>Cs</t>
					<t>CS</t>
					<reset>D</reset>
					<p>dz</p>
					<t>dZ</t>
					<t>Dz</t>
					<t>DZ</t>
					<reset>DZ</reset>
					<p>dzs</p>
					<t>dzS</t>
					<t>dZs</t>
					<t>dZS</t>
					<t>Dzs</t>
					<t>DzS</t>
					<t>DZs</t>
					<t>DZS</t>
					<reset>G</reset>
					<p>gy</p>
					<t>gY</t>
					<t>Gy</t>
					<t>GY</t>
					<reset>L</reset>
					<p>ly</p>
					<t>lY</t>
					<t>Ly</t>
					<t>LY</t>
					<reset>N</reset>
					<p>ny</p>
					<t>nY</t>
					<t>Ny</t>
					<t>NY</t>
					<reset>S</reset>
					<p>sz</p>
					<t>sZ</t>
					<t>Sz</t>
					<t>SZ</t>
					<reset>T</reset>
					<p>ty</p>
					<t>tY</t>
					<t>Ty</t>
					<t>TY</t>
					<reset>Z</reset>
					<p>zs</p>
					<t>zS</t>
					<t>Zs</t>
					<t>ZS</t>
					<reset>O</reset>
					<p>ö</p>
					<t>Ö</t>
					<s>ő</s>
					<t>Ő</t>
					<reset>U</reset>
					<p>ü</p>
					<t>Ü</t>
					<s>ű</s>
					<t>Ű</t>

					<reset>cs</reset>
					<x><t>ccs</t><extend>cs</extend></x>
					<x><t>ccS</t><extend>cS</extend></x>
					<x><t>cCs</t><extend>Cs</extend></x>
					<x><t>cCS</t><extend>CS</extend></x>
					<reset>Cs</reset>
					<x><t>Ccs</t><extend>cs</extend></x>
					<x><t>CcS</t><extend>cS</extend></x>
					<x><t>CCs</t><extend>Cs</extend></x>
					<reset>CS</reset>
					<x><t>CCS</t><extend>CS</extend></x>

					<reset>dz</reset>
					<x><t>ddz</t><extend>dz</extend></x>
					<x><t>ddZ</t><extend>dZ</extend></x>
					<x><t>dDz</t><extend>Dz</extend></x>
					<x><t>dDZ</t><extend>DZ</extend></x>
					<reset>Dz</reset>
					<x><t>Ddz</t><extend>dz</extend></x>
					<x><t>DdZ</t><extend>dZ</extend></x>
					<x><t>DDz</t><extend>Dz</extend></x>
					<reset>DZ</reset>
					<x><t>DDZ</t><extend>DZ</extend></x>

					<reset>dzs</reset>
					<x><t>ddzs</t><extend>dzs</extend></x>
					<x><t>ddzS</t><extend>dzS</extend></x>
					<x><t>ddZs</t><extend>dZs</extend></x>
					<x><t>ddZS</t><extend>dZS</extend></x>
					<x><t>dDzs</t><extend>Dzs</extend></x>
					<x><t>dDzS</t><extend>DzS</extend></x>
					<x><t>dDZs</t><extend>DZs</extend></x>
					<x><t>dDZS</t><extend>DZS</extend></x>
					<reset>Dzs</reset>
					<x><t>Ddzs</t><extend>dzs</extend></x>
					<x><t>DdzS</t><extend>dzS</extend></x>
					<x><t>DdZs</t><extend>dZs</extend></x>
					<x><t>DdZS</t><extend>dZS</extend></x>
					<x><t>DDzs</t><extend>Dzs</extend></x>
					<x><t>DDzS</t><extend>DzS</extend></x>
					<x><t>DDZs</t><extend>DZs</extend></x>
					<reset>DZS</reset>
					<x><t>DDZS</t><extend>DZS</extend></x>

					<reset>gy</reset>
					<x><t>ggy</t><extend>gy</extend></x>
					<x><t>ggY</t><extend>gY</extend></x>
					<x><t>gGy</t><extend>Gy</extend></x>
					<x><t>gGY</t><extend>GY</extend></x>
					<reset>Gy</reset>
					<x><t>Ggy</t><extend>gy</extend></x>
					<x><t>GgY</t><extend>gY</extend></x>
					<x><t>GGy</t><extend>Gy</extend></x>
					<reset>GY</reset>
					<x><t>GGY</t><extend>GY</extend></x>

					<reset>ly</reset>
					<x><t>lly</t><extend>ly</extend></x>
					<x><t>llY</t><extend>lY</extend></x>
					<x><t>lLy</t><extend>Ly</extend></x>
					<x><t>lLY</t><extend>LY</extend></x>
					<reset>Ly</reset>
					<x><t>Lly</t><extend>ly</extend></x>
					<x><t>LlY</t><extend>lY</extend></x>
					<x><t>LLy</t><extend>Ly</extend></x>
					<reset>LY</reset>
					<x><t>LLY</t><extend>LY</extend></x>

					<reset>ny</reset>
					<x><t>nny</t><extend>ny</extend></x>
					<x><t>nnY</t><extend>nY</extend></x>
					<x><t>nNy</t><extend>Ny</extend></x>
					<x><t>nNY</t><extend>NY</extend></x>
					<reset>Ny</reset>
					<x><t>Nny</t><extend>ny</extend></x>
					<x><t>NnY</t><extend>nY</extend></x>
					<x><t>NNy</t><extend>Ny</extend></x>
					<reset>NY</reset>
					<x><t>NNY</t><extend>NY</extend></x>

					<reset>sz</reset>
					<x><t>ssz</t><extend>sz</extend></x>
					<x><t>ssZ</t><extend>sZ</extend></x>
					<x><t>sSz</t><extend>Sz</extend></x>
					<x><t>sSZ</t><extend>SZ</extend></x>
					<reset>Sz</reset>
					<x><t>Ssz</t><extend>sz</extend></x>
					<x><t>SsZ</t><extend>sZ</extend></x>
					<x><t>SSz</t><extend>Sz</extend></x>
					<reset>SZ</reset>
					<x><t>SSZ</t><extend>SZ</extend></x>

					<reset>ty</reset>
					<x><t>tty</t><extend>ty</extend></x>
					<x><t>ttY</t><extend>tY</extend></x>
					<x><t>tTy</t><extend>Ty</extend></x>
					<x><t>tTY</t><extend>TY</extend></x>
					<reset>Ty</reset>
					<x><t>Tty</t><extend>ty</extend></x>
					<x><t>TtY</t><extend>tY</extend></x>
					<x><t>TTy</t><extend>Ty</extend></x>
					<reset>TY</reset>
					<x><t>TTY</t><extend>TY</extend></x>

					<reset>zs</reset>
					<x><t>zzs</t><extend>zs</extend></x>
					<x><t>zzS</t><extend>zS</extend></x>
					<x><t>zZs</t><extend>Zs</extend></x>
					<x><t>zZS</t><extend>ZS</extend></x>
					<reset>Zs</reset>
					<x><t>Zzs</t><extend>zs</extend></x>
					<x><t>ZzS</t><extend>zS</extend></x>
					<x><t>ZZs</t><extend>Zs</extend></x>
					<reset>ZS</reset>
					<x><t>ZZS</t><extend>ZS</extend></x>

				</rules>
			</collation  >
		</collations>
</ldml>
