<?xml version="1.0" encoding="UTF-8" ?>
<!DOCTYPE ldml SYSTEM "http://www.unicode.org/cldr/dtd/1.5/ldml.dtd">
<ldml>
	<identity>
		<version number="$Revision: 1.22 $"/>
		<generation date="$Date: 2007/07/10 20:27:25 $"/>
		<language type="kk" /> 
	</identity>
		<collations  validSubLocales="kk_KZ">
			<collation type="standard" >
				<settings normalization="on"  />
				<suppress_contractions>[Ѐ-џ]</suppress_contractions>
				<rules>
					<reset before="primary">ү</reset>
					<p>ұ</p>
					<t>Ұ</t>
				</rules>
			</collation  >
		</collations>
</ldml>
