<?xml version="1.0" encoding="UTF-8" ?>
<!DOCTYPE ldml SYSTEM "http://www.unicode.org/cldr/dtd/1.5/ldml.dtd">
<ldml>
	<identity>
		<version number="$Revision: 1.23 $"/>
		<generation date="$Date: 2007/07/10 20:27:25 $"/>
		<language type="kn" /> 
	</identity>
		<collations  validSubLocales="kn_IN">
			<collation type="standard" >
				<settings normalization="on"  />
			</collation  >
<collation type="standard"
references="Kittel: Kannada-English Dictionary ISBN:8120600495 http://www.eki.ee/wgrs/rom1_kn.pdf"
draft="true" alt="proposed">
<settings normalization="on"/>
<rules>

<!--
The following tailoring is an adjustment of the
DUCET collation order for ANUSVARA and VISARGA.
Instead of being sorted with secondary weights,
they are collated on primary level between the
independent vowels and the consonants.
-->
<reset>ಔ</reset>
<p>ಂ</p>
<p>ಃ</p>

<!--
L2/04-102 Bug fix.
-->
<reset>ೞ</reset>
<p>ಽ</p>

</rules>
</collation>
<collation type="traditional"
references="Kittel: Kannada-English Dictionary ISBN:8120600495"
draft="true" alt="proposed">
<settings normalization="on"/>
<rules>

<reset>ಔ</reset>
<p>ಂ</p>
<p>ಃ</p>
<p>ೱ</p>
<p>ೲ</p>
<p>ಕ್</p>
<p>ಖ್</p>
<p>ಗ್</p>
<p>ಘ್</p>
<p>ಙ್</p>
<p>ಚ್</p>
<p>ಛ್</p>
<p>ಜ್</p>
<p>ಝ್</p>
<p>ಞ್</p>
<p>ಟ್</p>
<p>ಠ್</p>
<p>ಡ್</p>
<p>ಢ್</p>
<p>ಣ್</p>
<p>ತ್</p>
<p>ಥ್</p>
<p>ದ್</p>
<p>ಧ್</p>
<p>ನ್</p>
<p>ಪ್</p>
<p>ಫ್</p>
<p>ಬ್</p>
<p>ಭ್</p>
<p>ಮ್</p>
<p>ಯ್</p>
<p>ರ್</p>
<p>ಱ್</p>
<p>ಲ್</p>
<p>ವ್</p>
<p>ಶ್</p>
<p>ಷ್</p>
<p>ಸ್</p>
<p>ಹ್</p>
<p>ಳ್</p>
<p>ೞ್</p>

<reset>ಕ್ಅ</reset><i>ಕ</i>
<reset>ಕ್ಆ</reset><i>ಕಾ</i>
<reset>ಕ್ಇ</reset><i>ಕಿ</i>
<reset>ಕ್ಈ</reset><i>ಕೀ</i>
<reset>ಕ್ಉ</reset><i>ಕು</i>
<reset>ಕ್ಊ</reset><i>ಕೂ</i>
<reset>ಕ್ಋ</reset><i>ಕೃ</i>
<reset>ಕ್ೠ</reset><i>ಕೄ</i>
<reset>ಕ್ಌ</reset><i>ಕೢ</i>
<reset>ಕ್ೡ</reset><i>ಕೣ</i>
<reset>ಕ್ಎ</reset><i>ಕೆ</i>
<reset>ಕ್ಏ</reset><i>ಕೇ</i>
<reset>ಕ್ಐ</reset><i>ಕೈ</i>
<reset>ಕ್ಒ</reset><i>ಕೊ</i>
<reset>ಕ್ಓ</reset><i>ಕೋ</i>
<reset>ಕ್ಔ</reset><i>ಕೌ</i>

<reset>ಖ್ಅ</reset><i>ಖ</i>
<reset>ಖ್ಆ</reset><i>ಖಾ</i>
<reset>ಖ್ಇ</reset><i>ಖಿ</i>
<reset>ಖ್ಈ</reset><i>ಖೀ</i>
<reset>ಖ್ಉ</reset><i>ಖು</i>
<reset>ಖ್ಊ</reset><i>ಖೂ</i>
<reset>ಖ್ಋ</reset><i>ಖೃ</i>
<reset>ಖ್ೠ</reset><i>ಖೄ</i>
<reset>ಖ್ಌ</reset><i>ಖೢ</i>
<reset>ಖ್ೡ</reset><i>ಖೣ</i>
<reset>ಖ್ಎ</reset><i>ಖೆ</i>
<reset>ಖ್ಏ</reset><i>ಖೇ</i>
<reset>ಖ್ಐ</reset><i>ಖೈ</i>
<reset>ಖ್ಒ</reset><i>ಖೊ</i>
<reset>ಖ್ಓ</reset><i>ಖೋ</i>
<reset>ಖ್ಔ</reset><i>ಖೌ</i>

<reset>ಗ್ಅ</reset><i>ಗ</i>
<reset>ಗ್ಆ</reset><i>ಗಾ</i>
<reset>ಗ್ಇ</reset><i>ಗಿ</i>
<reset>ಗ್ಈ</reset><i>ಗೀ</i>
<reset>ಗ್ಉ</reset><i>ಗು</i>
<reset>ಗ್ಊ</reset><i>ಗೂ</i>
<reset>ಗ್ಋ</reset><i>ಗೃ</i>
<reset>ಗ್ೠ</reset><i>ಗೄ</i>
<reset>ಗ್ಌ</reset><i>ಗೢ</i>
<reset>ಗ್ೡ</reset><i>ಗೣ</i>
<reset>ಗ್ಎ</reset><i>ಗೆ</i>
<reset>ಗ್ಏ</reset><i>ಗೇ</i>
<reset>ಗ್ಐ</reset><i>ಗೈ</i>
<reset>ಗ್ಒ</reset><i>ಗೊ</i>
<reset>ಗ್ಓ</reset><i>ಗೋ</i>
<reset>ಗ್ಔ</reset><i>ಗೌ</i>

<reset>ಘ್ಅ</reset><i>ಘ</i>
<reset>ಘ್ಆ</reset><i>ಘಾ</i>
<reset>ಘ್ಇ</reset><i>ಘಿ</i>
<reset>ಘ್ಈ</reset><i>ಘೀ</i>
<reset>ಘ್ಉ</reset><i>ಘು</i>
<reset>ಘ್ಊ</reset><i>ಘೂ</i>
<reset>ಘ್ಋ</reset><i>ಘೃ</i>
<reset>ಘ್ೠ</reset><i>ಘೄ</i>
<reset>ಘ್ಌ</reset><i>ಘೢ</i>
<reset>ಘ್ೡ</reset><i>ಘೣ</i>
<reset>ಘ್ಎ</reset><i>ಘೆ</i>
<reset>ಘ್ಏ</reset><i>ಘೇ</i>
<reset>ಘ್ಐ</reset><i>ಘೈ</i>
<reset>ಘ್ಒ</reset><i>ಘೊ</i>
<reset>ಘ್ಓ</reset><i>ಘೋ</i>
<reset>ಘ್ಔ</reset><i>ಘೌ</i>

<reset>ಙ್ಅ</reset><i>ಙ</i>
<reset>ಙ್ಆ</reset><i>ಙಾ</i>
<reset>ಙ್ಇ</reset><i>ಙಿ</i>
<reset>ಙ್ಈ</reset><i>ಙೀ</i>
<reset>ಙ್ಉ</reset><i>ಙು</i>
<reset>ಙ್ಊ</reset><i>ಙೂ</i>
<reset>ಙ್ಋ</reset><i>ಙೃ</i>
<reset>ಙ್ೠ</reset><i>ಙೄ</i>
<reset>ಙ್ಌ</reset><i>ಙೢ</i>
<reset>ಙ್ೡ</reset><i>ಙೣ</i>
<reset>ಙ್ಎ</reset><i>ಙೆ</i>
<reset>ಙ್ಏ</reset><i>ಙೇ</i>
<reset>ಙ್ಐ</reset><i>ಙೈ</i>
<reset>ಙ್ಒ</reset><i>ಙೊ</i>
<reset>ಙ್ಓ</reset><i>ಙೋ</i>
<reset>ಙ್ಔ</reset><i>ಙೌ</i>

<reset>ಚ್ಅ</reset><i>ಚ</i>
<reset>ಚ್ಆ</reset><i>ಚಾ</i>
<reset>ಚ್ಇ</reset><i>ಚಿ</i>
<reset>ಚ್ಈ</reset><i>ಚೀ</i>
<reset>ಚ್ಉ</reset><i>ಚು</i>
<reset>ಚ್ಊ</reset><i>ಚೂ</i>
<reset>ಚ್ಋ</reset><i>ಚೃ</i>
<reset>ಚ್ೠ</reset><i>ಚೄ</i>
<reset>ಚ್ಌ</reset><i>ಚೢ</i>
<reset>ಚ್ೡ</reset><i>ಚೣ</i>
<reset>ಚ್ಎ</reset><i>ಚೆ</i>
<reset>ಚ್ಏ</reset><i>ಚೇ</i>
<reset>ಚ್ಐ</reset><i>ಚೈ</i>
<reset>ಚ್ಒ</reset><i>ಚೊ</i>
<reset>ಚ್ಓ</reset><i>ಚೋ</i>
<reset>ಚ್ಔ</reset><i>ಚೌ</i>

<reset>ಛ್ಅ</reset><i>ಛ</i>
<reset>ಛ್ಆ</reset><i>ಛಾ</i>
<reset>ಛ್ಇ</reset><i>ಛಿ</i>
<reset>ಛ್ಈ</reset><i>ಛೀ</i>
<reset>ಛ್ಉ</reset><i>ಛು</i>
<reset>ಛ್ಊ</reset><i>ಛೂ</i>
<reset>ಛ್ಋ</reset><i>ಛೃ</i>
<reset>ಛ್ೠ</reset><i>ಛೄ</i>
<reset>ಛ್ಌ</reset><i>ಛೢ</i>
<reset>ಛ್ೡ</reset><i>ಛೣ</i>
<reset>ಛ್ಎ</reset><i>ಛೆ</i>
<reset>ಛ್ಏ</reset><i>ಛೇ</i>
<reset>ಛ್ಐ</reset><i>ಛೈ</i>
<reset>ಛ್ಒ</reset><i>ಛೊ</i>
<reset>ಛ್ಓ</reset><i>ಛೋ</i>
<reset>ಛ್ಔ</reset><i>ಛೌ</i>

<reset>ಜ್ಅ</reset><i>ಜ</i>
<reset>ಜ್ಆ</reset><i>ಜಾ</i>
<reset>ಜ್ಇ</reset><i>ಜಿ</i>
<reset>ಜ್ಈ</reset><i>ಜೀ</i>
<reset>ಜ್ಉ</reset><i>ಜು</i>
<reset>ಜ್ಊ</reset><i>ಜೂ</i>
<reset>ಜ್ಋ</reset><i>ಜೃ</i>
<reset>ಜ್ೠ</reset><i>ಜೄ</i>
<reset>ಜ್ಌ</reset><i>ಜೢ</i>
<reset>ಜ್ೡ</reset><i>ಜೣ</i>
<reset>ಜ್ಎ</reset><i>ಜೆ</i>
<reset>ಜ್ಏ</reset><i>ಜೇ</i>
<reset>ಜ್ಐ</reset><i>ಜೈ</i>
<reset>ಜ್ಒ</reset><i>ಜೊ</i>
<reset>ಜ್ಓ</reset><i>ಜೋ</i>
<reset>ಜ್ಔ</reset><i>ಜೌ</i>

<reset>ಝ್ಅ</reset><i>ಝ</i>
<reset>ಝ್ಆ</reset><i>ಝಾ</i>
<reset>ಝ್ಇ</reset><i>ಝಿ</i>
<reset>ಝ್ಈ</reset><i>ಝೀ</i>
<reset>ಝ್ಉ</reset><i>ಝು</i>
<reset>ಝ್ಊ</reset><i>ಝೂ</i>
<reset>ಝ್ಋ</reset><i>ಝೃ</i>
<reset>ಝ್ೠ</reset><i>ಝೄ</i>
<reset>ಝ್ಌ</reset><i>ಝೢ</i>
<reset>ಝ್ೡ</reset><i>ಝೣ</i>
<reset>ಝ್ಎ</reset><i>ಝೆ</i>
<reset>ಝ್ಏ</reset><i>ಝೇ</i>
<reset>ಝ್ಐ</reset><i>ಝೈ</i>
<reset>ಝ್ಒ</reset><i>ಝೊ</i>
<reset>ಝ್ಓ</reset><i>ಝೋ</i>
<reset>ಝ್ಔ</reset><i>ಝೌ</i>

<reset>ಞ್ಅ</reset><i>ಞ</i>
<reset>ಞ್ಆ</reset><i>ಞಾ</i>
<reset>ಞ್ಇ</reset><i>ಞಿ</i>
<reset>ಞ್ಈ</reset><i>ಞೀ</i>
<reset>ಞ್ಉ</reset><i>ಞು</i>
<reset>ಞ್ಊ</reset><i>ಞೂ</i>
<reset>ಞ್ಋ</reset><i>ಞೃ</i>
<reset>ಞ್ೠ</reset><i>ಞೄ</i>
<reset>ಞ್ಌ</reset><i>ಞೢ</i>
<reset>ಞ್ೡ</reset><i>ಞೣ</i>
<reset>ಞ್ಎ</reset><i>ಞೆ</i>
<reset>ಞ್ಏ</reset><i>ಞೇ</i>
<reset>ಞ್ಐ</reset><i>ಞೈ</i>
<reset>ಞ್ಒ</reset><i>ಞೊ</i>
<reset>ಞ್ಓ</reset><i>ಞೋ</i>
<reset>ಞ್ಔ</reset><i>ಞೌ</i>

<reset>ಟ್ಅ</reset><i>ಟ</i>
<reset>ಟ್ಆ</reset><i>ಟಾ</i>
<reset>ಟ್ಇ</reset><i>ಟಿ</i>
<reset>ಟ್ಈ</reset><i>ಟೀ</i>
<reset>ಟ್ಉ</reset><i>ಟು</i>
<reset>ಟ್ಊ</reset><i>ಟೂ</i>
<reset>ಟ್ಋ</reset><i>ಟೃ</i>
<reset>ಟ್ೠ</reset><i>ಟೄ</i>
<reset>ಟ್ಌ</reset><i>ಟೢ</i>
<reset>ಟ್ೡ</reset><i>ಟೣ</i>
<reset>ಟ್ಎ</reset><i>ಟೆ</i>
<reset>ಟ್ಏ</reset><i>ಟೇ</i>
<reset>ಟ್ಐ</reset><i>ಟೈ</i>
<reset>ಟ್ಒ</reset><i>ಟೊ</i>
<reset>ಟ್ಓ</reset><i>ಟೋ</i>
<reset>ಟ್ಔ</reset><i>ಟೌ</i>

<reset>ಠ್ಅ</reset><i>ಠ</i>
<reset>ಠ್ಆ</reset><i>ಠಾ</i>
<reset>ಠ್ಇ</reset><i>ಠಿ</i>
<reset>ಠ್ಈ</reset><i>ಠೀ</i>
<reset>ಠ್ಉ</reset><i>ಠು</i>
<reset>ಠ್ಊ</reset><i>ಠೂ</i>
<reset>ಠ್ಋ</reset><i>ಠೃ</i>
<reset>ಠ್ೠ</reset><i>ಠೄ</i>
<reset>ಠ್ಌ</reset><i>ಠೢ</i>
<reset>ಠ್ೡ</reset><i>ಠೣ</i>
<reset>ಠ್ಎ</reset><i>ಠೆ</i>
<reset>ಠ್ಏ</reset><i>ಠೇ</i>
<reset>ಠ್ಐ</reset><i>ಠೈ</i>
<reset>ಠ್ಒ</reset><i>ಠೊ</i>
<reset>ಠ್ಓ</reset><i>ಠೋ</i>
<reset>ಠ್ಔ</reset><i>ಠೌ</i>

<reset>ಡ್ಅ</reset><i>ಡ</i>
<reset>ಡ್ಆ</reset><i>ಡಾ</i>
<reset>ಡ್ಇ</reset><i>ಡಿ</i>
<reset>ಡ್ಈ</reset><i>ಡೀ</i>
<reset>ಡ್ಉ</reset><i>ಡು</i>
<reset>ಡ್ಊ</reset><i>ಡೂ</i>
<reset>ಡ್ಋ</reset><i>ಡೃ</i>
<reset>ಡ್ೠ</reset><i>ಡೄ</i>
<reset>ಡ್ಌ</reset><i>ಡೢ</i>
<reset>ಡ್ೡ</reset><i>ಡೣ</i>
<reset>ಡ್ಎ</reset><i>ಡೆ</i>
<reset>ಡ್ಏ</reset><i>ಡೇ</i>
<reset>ಡ್ಐ</reset><i>ಡೈ</i>
<reset>ಡ್ಒ</reset><i>ಡೊ</i>
<reset>ಡ್ಓ</reset><i>ಡೋ</i>
<reset>ಡ್ಔ</reset><i>ಡೌ</i>

<reset>ಢ್ಅ</reset><i>ಢ</i>
<reset>ಢ್ಆ</reset><i>ಢಾ</i>
<reset>ಢ್ಇ</reset><i>ಢಿ</i>
<reset>ಢ್ಈ</reset><i>ಢೀ</i>
<reset>ಢ್ಉ</reset><i>ಢು</i>
<reset>ಢ್ಊ</reset><i>ಢೂ</i>
<reset>ಢ್ಋ</reset><i>ಢೃ</i>
<reset>ಢ್ೠ</reset><i>ಢೄ</i>
<reset>ಢ್ಌ</reset><i>ಢೢ</i>
<reset>ಢ್ೡ</reset><i>ಢೣ</i>
<reset>ಢ್ಎ</reset><i>ಢೆ</i>
<reset>ಢ್ಏ</reset><i>ಢೇ</i>
<reset>ಢ್ಐ</reset><i>ಢೈ</i>
<reset>ಢ್ಒ</reset><i>ಢೊ</i>
<reset>ಢ್ಓ</reset><i>ಢೋ</i>
<reset>ಢ್ಔ</reset><i>ಢೌ</i>

<reset>ಣ್ಅ</reset><i>ಣ</i>
<reset>ಣ್ಆ</reset><i>ಣಾ</i>
<reset>ಣ್ಇ</reset><i>ಣಿ</i>
<reset>ಣ್ಈ</reset><i>ಣೀ</i>
<reset>ಣ್ಉ</reset><i>ಣು</i>
<reset>ಣ್ಊ</reset><i>ಣೂ</i>
<reset>ಣ್ಋ</reset><i>ಣೃ</i>
<reset>ಣ್ೠ</reset><i>ಣೄ</i>
<reset>ಣ್ಌ</reset><i>ಣೢ</i>
<reset>ಣ್ೡ</reset><i>ಣೣ</i>
<reset>ಣ್ಎ</reset><i>ಣೆ</i>
<reset>ಣ್ಏ</reset><i>ಣೇ</i>
<reset>ಣ್ಐ</reset><i>ಣೈ</i>
<reset>ಣ್ಒ</reset><i>ಣೊ</i>
<reset>ಣ್ಓ</reset><i>ಣೋ</i>
<reset>ಣ್ಔ</reset><i>ಣೌ</i>

<reset>ತ್ಅ</reset><i>ತ</i>
<reset>ತ್ಆ</reset><i>ತಾ</i>
<reset>ತ್ಇ</reset><i>ತಿ</i>
<reset>ತ್ಈ</reset><i>ತೀ</i>
<reset>ತ್ಉ</reset><i>ತು</i>
<reset>ತ್ಊ</reset><i>ತೂ</i>
<reset>ತ್ಋ</reset><i>ತೃ</i>
<reset>ತ್ೠ</reset><i>ತೄ</i>
<reset>ತ್ಌ</reset><i>ತೢ</i>
<reset>ತ್ೡ</reset><i>ತೣ</i>
<reset>ತ್ಎ</reset><i>ತೆ</i>
<reset>ತ್ಏ</reset><i>ತೇ</i>
<reset>ತ್ಐ</reset><i>ತೈ</i>
<reset>ತ್ಒ</reset><i>ತೊ</i>
<reset>ತ್ಓ</reset><i>ತೋ</i>
<reset>ತ್ಔ</reset><i>ತೌ</i>

<reset>ಥ್ಅ</reset><i>ಥ</i>
<reset>ಥ್ಆ</reset><i>ಥಾ</i>
<reset>ಥ್ಇ</reset><i>ಥಿ</i>
<reset>ಥ್ಈ</reset><i>ಥೀ</i>
<reset>ಥ್ಉ</reset><i>ಥು</i>
<reset>ಥ್ಊ</reset><i>ಥೂ</i>
<reset>ಥ್ಋ</reset><i>ಥೃ</i>
<reset>ಥ್ೠ</reset><i>ಥೄ</i>
<reset>ಥ್ಌ</reset><i>ಥೢ</i>
<reset>ಥ್ೡ</reset><i>ಥೣ</i>
<reset>ಥ್ಎ</reset><i>ಥೆ</i>
<reset>ಥ್ಏ</reset><i>ಥೇ</i>
<reset>ಥ್ಐ</reset><i>ಥೈ</i>
<reset>ಥ್ಒ</reset><i>ಥೊ</i>
<reset>ಥ್ಓ</reset><i>ಥೋ</i>
<reset>ಥ್ಔ</reset><i>ಥೌ</i>

<reset>ದ್ಅ</reset><i>ದ</i>
<reset>ದ್ಆ</reset><i>ದಾ</i>
<reset>ದ್ಇ</reset><i>ದಿ</i>
<reset>ದ್ಈ</reset><i>ದೀ</i>
<reset>ದ್ಉ</reset><i>ದು</i>
<reset>ದ್ಊ</reset><i>ದೂ</i>
<reset>ದ್ಋ</reset><i>ದೃ</i>
<reset>ದ್ೠ</reset><i>ದೄ</i>
<reset>ದ್ಌ</reset><i>ದೢ</i>
<reset>ದ್ೡ</reset><i>ದೣ</i>
<reset>ದ್ಎ</reset><i>ದೆ</i>
<reset>ದ್ಏ</reset><i>ದೇ</i>
<reset>ದ್ಐ</reset><i>ದೈ</i>
<reset>ದ್ಒ</reset><i>ದೊ</i>
<reset>ದ್ಓ</reset><i>ದೋ</i>
<reset>ದ್ಔ</reset><i>ದೌ</i>

<reset>ಧ್ಅ</reset><i>ಧ</i>
<reset>ಧ್ಆ</reset><i>ಧಾ</i>
<reset>ಧ್ಇ</reset><i>ಧಿ</i>
<reset>ಧ್ಈ</reset><i>ಧೀ</i>
<reset>ಧ್ಉ</reset><i>ಧು</i>
<reset>ಧ್ಊ</reset><i>ಧೂ</i>
<reset>ಧ್ಋ</reset><i>ಧೃ</i>
<reset>ಧ್ೠ</reset><i>ಧೄ</i>
<reset>ಧ್ಌ</reset><i>ಧೢ</i>
<reset>ಧ್ೡ</reset><i>ಧೣ</i>
<reset>ಧ್ಎ</reset><i>ಧೆ</i>
<reset>ಧ್ಏ</reset><i>ಧೇ</i>
<reset>ಧ್ಐ</reset><i>ಧೈ</i>
<reset>ಧ್ಒ</reset><i>ಧೊ</i>
<reset>ಧ್ಓ</reset><i>ಧೋ</i>
<reset>ಧ್ಔ</reset><i>ಧೌ</i>

<reset>ನ್ಅ</reset><i>ನ</i>
<reset>ನ್ಆ</reset><i>ನಾ</i>
<reset>ನ್ಇ</reset><i>ನಿ</i>
<reset>ನ್ಈ</reset><i>ನೀ</i>
<reset>ನ್ಉ</reset><i>ನು</i>
<reset>ನ್ಊ</reset><i>ನೂ</i>
<reset>ನ್ಋ</reset><i>ನೃ</i>
<reset>ನ್ೠ</reset><i>ನೄ</i>
<reset>ನ್ಌ</reset><i>ನೢ</i>
<reset>ನ್ೡ</reset><i>ನೣ</i>
<reset>ನ್ಎ</reset><i>ನೆ</i>
<reset>ನ್ಏ</reset><i>ನೇ</i>
<reset>ನ್ಐ</reset><i>ನೈ</i>
<reset>ನ್ಒ</reset><i>ನೊ</i>
<reset>ನ್ಓ</reset><i>ನೋ</i>
<reset>ನ್ಔ</reset><i>ನೌ</i>

<reset>ಪ್ಅ</reset><i>ಪ</i>
<reset>ಪ್ಆ</reset><i>ಪಾ</i>
<reset>ಪ್ಇ</reset><i>ಪಿ</i>
<reset>ಪ್ಈ</reset><i>ಪೀ</i>
<reset>ಪ್ಉ</reset><i>ಪು</i>
<reset>ಪ್ಊ</reset><i>ಪೂ</i>
<reset>ಪ್ಋ</reset><i>ಪೃ</i>
<reset>ಪ್ೠ</reset><i>ಪೄ</i>
<reset>ಪ್ಌ</reset><i>ಪೢ</i>
<reset>ಪ್ೡ</reset><i>ಪೣ</i>
<reset>ಪ್ಎ</reset><i>ಪೆ</i>
<reset>ಪ್ಏ</reset><i>ಪೇ</i>
<reset>ಪ್ಐ</reset><i>ಪೈ</i>
<reset>ಪ್ಒ</reset><i>ಪೊ</i>
<reset>ಪ್ಓ</reset><i>ಪೋ</i>
<reset>ಪ್ಔ</reset><i>ಪೌ</i>

<reset>ಫ್ಅ</reset><i>ಫ</i>
<reset>ಫ್ಆ</reset><i>ಫಾ</i>
<reset>ಫ್ಇ</reset><i>ಫಿ</i>
<reset>ಫ್ಈ</reset><i>ಫೀ</i>
<reset>ಫ್ಉ</reset><i>ಫು</i>
<reset>ಫ್ಊ</reset><i>ಫೂ</i>
<reset>ಫ್ಋ</reset><i>ಫೃ</i>
<reset>ಫ್ೠ</reset><i>ಫೄ</i>
<reset>ಫ್ಌ</reset><i>ಫೢ</i>
<reset>ಫ್ೡ</reset><i>ಫೣ</i>
<reset>ಫ್ಎ</reset><i>ಫೆ</i>
<reset>ಫ್ಏ</reset><i>ಫೇ</i>
<reset>ಫ್ಐ</reset><i>ಫೈ</i>
<reset>ಫ್ಒ</reset><i>ಫೊ</i>
<reset>ಫ್ಓ</reset><i>ಫೋ</i>
<reset>ಫ್ಔ</reset><i>ಫೌ</i>

<reset>ಬ್ಅ</reset><i>ಬ</i>
<reset>ಬ್ಆ</reset><i>ಬಾ</i>
<reset>ಬ್ಇ</reset><i>ಬಿ</i>
<reset>ಬ್ಈ</reset><i>ಬೀ</i>
<reset>ಬ್ಉ</reset><i>ಬು</i>
<reset>ಬ್ಊ</reset><i>ಬೂ</i>
<reset>ಬ್ಋ</reset><i>ಬೃ</i>
<reset>ಬ್ೠ</reset><i>ಬೄ</i>
<reset>ಬ್ಌ</reset><i>ಬೢ</i>
<reset>ಬ್ೡ</reset><i>ಬೣ</i>
<reset>ಬ್ಎ</reset><i>ಬೆ</i>
<reset>ಬ್ಏ</reset><i>ಬೇ</i>
<reset>ಬ್ಐ</reset><i>ಬೈ</i>
<reset>ಬ್ಒ</reset><i>ಬೊ</i>
<reset>ಬ್ಓ</reset><i>ಬೋ</i>
<reset>ಬ್ಔ</reset><i>ಬೌ</i>

<reset>ಭ್ಅ</reset><i>ಭ</i>
<reset>ಭ್ಆ</reset><i>ಭಾ</i>
<reset>ಭ್ಇ</reset><i>ಭಿ</i>
<reset>ಭ್ಈ</reset><i>ಭೀ</i>
<reset>ಭ್ಉ</reset><i>ಭು</i>
<reset>ಭ್ಊ</reset><i>ಭೂ</i>
<reset>ಭ್ಋ</reset><i>ಭೃ</i>
<reset>ಭ್ೠ</reset><i>ಭೄ</i>
<reset>ಭ್ಌ</reset><i>ಭೢ</i>
<reset>ಭ್ೡ</reset><i>ಭೣ</i>
<reset>ಭ್ಎ</reset><i>ಭೆ</i>
<reset>ಭ್ಏ</reset><i>ಭೇ</i>
<reset>ಭ್ಐ</reset><i>ಭೈ</i>
<reset>ಭ್ಒ</reset><i>ಭೊ</i>
<reset>ಭ್ಓ</reset><i>ಭೋ</i>
<reset>ಭ್ಔ</reset><i>ಭೌ</i>

<reset>ಮ್ಅ</reset><i>ಮ</i>
<reset>ಮ್ಆ</reset><i>ಮಾ</i>
<reset>ಮ್ಇ</reset><i>ಮಿ</i>
<reset>ಮ್ಈ</reset><i>ಮೀ</i>
<reset>ಮ್ಉ</reset><i>ಮು</i>
<reset>ಮ್ಊ</reset><i>ಮೂ</i>
<reset>ಮ್ಋ</reset><i>ಮೃ</i>
<reset>ಮ್ೠ</reset><i>ಮೄ</i>
<reset>ಮ್ಌ</reset><i>ಮೢ</i>
<reset>ಮ್ೡ</reset><i>ಮೣ</i>
<reset>ಮ್ಎ</reset><i>ಮೆ</i>
<reset>ಮ್ಏ</reset><i>ಮೇ</i>
<reset>ಮ್ಐ</reset><i>ಮೈ</i>
<reset>ಮ್ಒ</reset><i>ಮೊ</i>
<reset>ಮ್ಓ</reset><i>ಮೋ</i>
<reset>ಮ್ಔ</reset><i>ಮೌ</i>

<reset>ಯ್ಅ</reset><i>ಯ</i>
<reset>ಯ್ಆ</reset><i>ಯಾ</i>
<reset>ಯ್ಇ</reset><i>ಯಿ</i>
<reset>ಯ್ಈ</reset><i>ಯೀ</i>
<reset>ಯ್ಉ</reset><i>ಯು</i>
<reset>ಯ್ಊ</reset><i>ಯೂ</i>
<reset>ಯ್ಋ</reset><i>ಯೃ</i>
<reset>ಯ್ೠ</reset><i>ಯೄ</i>
<reset>ಯ್ಌ</reset><i>ಯೢ</i>
<reset>ಯ್ೡ</reset><i>ಯೣ</i>
<reset>ಯ್ಎ</reset><i>ಯೆ</i>
<reset>ಯ್ಏ</reset><i>ಯೇ</i>
<reset>ಯ್ಐ</reset><i>ಯೈ</i>
<reset>ಯ್ಒ</reset><i>ಯೊ</i>
<reset>ಯ್ಓ</reset><i>ಯೋ</i>
<reset>ಯ್ಔ</reset><i>ಯೌ</i>

<reset>ರ್ಅ</reset><i>ರ</i>
<reset>ರ್ಆ</reset><i>ರಾ</i>
<reset>ರ್ಇ</reset><i>ರಿ</i>
<reset>ರ್ಈ</reset><i>ರೀ</i>
<reset>ರ್ಉ</reset><i>ರು</i>
<reset>ರ್ಊ</reset><i>ರೂ</i>
<reset>ರ್ಋ</reset><i>ರೃ</i>
<reset>ರ್ೠ</reset><i>ರೄ</i>
<reset>ರ್ಌ</reset><i>ರೢ</i>
<reset>ರ್ೡ</reset><i>ರೣ</i>
<reset>ರ್ಎ</reset><i>ರೆ</i>
<reset>ರ್ಏ</reset><i>ರೇ</i>
<reset>ರ್ಐ</reset><i>ರೈ</i>
<reset>ರ್ಒ</reset><i>ರೊ</i>
<reset>ರ್ಓ</reset><i>ರೋ</i>
<reset>ರ್ಔ</reset><i>ರೌ</i>

<reset>ಱ್ಅ</reset><i>ಱ</i>
<reset>ಱ್ಆ</reset><i>ಱಾ</i>
<reset>ಱ್ಇ</reset><i>ಱಿ</i>
<reset>ಱ್ಈ</reset><i>ಱೀ</i>
<reset>ಱ್ಉ</reset><i>ಱು</i>
<reset>ಱ್ಊ</reset><i>ಱೂ</i>
<reset>ಱ್ಋ</reset><i>ಱೃ</i>
<reset>ಱ್ೠ</reset><i>ಱೄ</i>
<reset>ಱ್ಌ</reset><i>ಱೢ</i>
<reset>ಱ್ೡ</reset><i>ಱೣ</i>
<reset>ಱ್ಎ</reset><i>ಱೆ</i>
<reset>ಱ್ಏ</reset><i>ಱೇ</i>
<reset>ಱ್ಐ</reset><i>ಱೈ</i>
<reset>ಱ್ಒ</reset><i>ಱೊ</i>
<reset>ಱ್ಓ</reset><i>ಱೋ</i>
<reset>ಱ್ಔ</reset><i>ಱೌ</i>

<reset>ಲ್ಅ</reset><i>ಲ</i>
<reset>ಲ್ಆ</reset><i>ಲಾ</i>
<reset>ಲ್ಇ</reset><i>ಲಿ</i>
<reset>ಲ್ಈ</reset><i>ಲೀ</i>
<reset>ಲ್ಉ</reset><i>ಲು</i>
<reset>ಲ್ಊ</reset><i>ಲೂ</i>
<reset>ಲ್ಋ</reset><i>ಲೃ</i>
<reset>ಲ್ೠ</reset><i>ಲೄ</i>
<reset>ಲ್ಌ</reset><i>ಲೢ</i>
<reset>ಲ್ೡ</reset><i>ಲೣ</i>
<reset>ಲ್ಎ</reset><i>ಲೆ</i>
<reset>ಲ್ಏ</reset><i>ಲೇ</i>
<reset>ಲ್ಐ</reset><i>ಲೈ</i>
<reset>ಲ್ಒ</reset><i>ಲೊ</i>
<reset>ಲ್ಓ</reset><i>ಲೋ</i>
<reset>ಲ್ಔ</reset><i>ಲೌ</i>

<reset>ವ್ಅ</reset><i>ವ</i>
<reset>ವ್ಆ</reset><i>ವಾ</i>
<reset>ವ್ಇ</reset><i>ವಿ</i>
<reset>ವ್ಈ</reset><i>ವೀ</i>
<reset>ವ್ಉ</reset><i>ವು</i>
<reset>ವ್ಊ</reset><i>ವೂ</i>
<reset>ವ್ಋ</reset><i>ವೃ</i>
<reset>ವ್ೠ</reset><i>ವೄ</i>
<reset>ವ್ಌ</reset><i>ವೢ</i>
<reset>ವ್ೡ</reset><i>ವೣ</i>
<reset>ವ್ಎ</reset><i>ವೆ</i>
<reset>ವ್ಏ</reset><i>ವೇ</i>
<reset>ವ್ಐ</reset><i>ವೈ</i>
<reset>ವ್ಒ</reset><i>ವೊ</i>
<reset>ವ್ಓ</reset><i>ವೋ</i>
<reset>ವ್ಔ</reset><i>ವೌ</i>

<reset>ಶ್ಅ</reset><i>ಶ</i>
<reset>ಶ್ಆ</reset><i>ಶಾ</i>
<reset>ಶ್ಇ</reset><i>ಶಿ</i>
<reset>ಶ್ಈ</reset><i>ಶೀ</i>
<reset>ಶ್ಉ</reset><i>ಶು</i>
<reset>ಶ್ಊ</reset><i>ಶೂ</i>
<reset>ಶ್ಋ</reset><i>ಶೃ</i>
<reset>ಶ್ೠ</reset><i>ಶೄ</i>
<reset>ಶ್ಌ</reset><i>ಶೢ</i>
<reset>ಶ್ೡ</reset><i>ಶೣ</i>
<reset>ಶ್ಎ</reset><i>ಶೆ</i>
<reset>ಶ್ಏ</reset><i>ಶೇ</i>
<reset>ಶ್ಐ</reset><i>ಶೈ</i>
<reset>ಶ್ಒ</reset><i>ಶೊ</i>
<reset>ಶ್ಓ</reset><i>ಶೋ</i>
<reset>ಶ್ಔ</reset><i>ಶೌ</i>

<reset>ಷ್ಅ</reset><i>ಷ</i>
<reset>ಷ್ಆ</reset><i>ಷಾ</i>
<reset>ಷ್ಇ</reset><i>ಷಿ</i>
<reset>ಷ್ಈ</reset><i>ಷೀ</i>
<reset>ಷ್ಉ</reset><i>ಷು</i>
<reset>ಷ್ಊ</reset><i>ಷೂ</i>
<reset>ಷ್ಋ</reset><i>ಷೃ</i>
<reset>ಷ್ೠ</reset><i>ಷೄ</i>
<reset>ಷ್ಌ</reset><i>ಷೢ</i>
<reset>ಷ್ೡ</reset><i>ಷೣ</i>
<reset>ಷ್ಎ</reset><i>ಷೆ</i>
<reset>ಷ್ಏ</reset><i>ಷೇ</i>
<reset>ಷ್ಐ</reset><i>ಷೈ</i>
<reset>ಷ್ಒ</reset><i>ಷೊ</i>
<reset>ಷ್ಓ</reset><i>ಷೋ</i>
<reset>ಷ್ಔ</reset><i>ಷೌ</i>

<reset>ಸ್ಅ</reset><i>ಸ</i>
<reset>ಸ್ಆ</reset><i>ಸಾ</i>
<reset>ಸ್ಇ</reset><i>ಸಿ</i>
<reset>ಸ್ಈ</reset><i>ಸೀ</i>
<reset>ಸ್ಉ</reset><i>ಸು</i>
<reset>ಸ್ಊ</reset><i>ಸೂ</i>
<reset>ಸ್ಋ</reset><i>ಸೃ</i>
<reset>ಸ್ೠ</reset><i>ಸೄ</i>
<reset>ಸ್ಌ</reset><i>ಸೢ</i>
<reset>ಸ್ೡ</reset><i>ಸೣ</i>
<reset>ಸ್ಎ</reset><i>ಸೆ</i>
<reset>ಸ್ಏ</reset><i>ಸೇ</i>
<reset>ಸ್ಐ</reset><i>ಸೈ</i>
<reset>ಸ್ಒ</reset><i>ಸೊ</i>
<reset>ಸ್ಓ</reset><i>ಸೋ</i>
<reset>ಸ್ಔ</reset><i>ಸೌ</i>

<reset>ಹ್ಅ</reset><i>ಹ</i>
<reset>ಹ್ಆ</reset><i>ಹಾ</i>
<reset>ಹ್ಇ</reset><i>ಹಿ</i>
<reset>ಹ್ಈ</reset><i>ಹೀ</i>
<reset>ಹ್ಉ</reset><i>ಹು</i>
<reset>ಹ್ಊ</reset><i>ಹೂ</i>
<reset>ಹ್ಋ</reset><i>ಹೃ</i>
<reset>ಹ್ೠ</reset><i>ಹೄ</i>
<reset>ಹ್ಌ</reset><i>ಹೢ</i>
<reset>ಹ್ೡ</reset><i>ಹೣ</i>
<reset>ಹ್ಎ</reset><i>ಹೆ</i>
<reset>ಹ್ಏ</reset><i>ಹೇ</i>
<reset>ಹ್ಐ</reset><i>ಹೈ</i>
<reset>ಹ್ಒ</reset><i>ಹೊ</i>
<reset>ಹ್ಓ</reset><i>ಹೋ</i>
<reset>ಹ್ಔ</reset><i>ಹೌ</i>

<reset>ಳ್ಅ</reset><i>ಳ</i>
<reset>ಳ್ಆ</reset><i>ಳಾ</i>
<reset>ಳ್ಇ</reset><i>ಳಿ</i>
<reset>ಳ್ಈ</reset><i>ಳೀ</i>
<reset>ಳ್ಉ</reset><i>ಳು</i>
<reset>ಳ್ಊ</reset><i>ಳೂ</i>
<reset>ಳ್ಋ</reset><i>ಳೃ</i>
<reset>ಳ್ೠ</reset><i>ಳೄ</i>
<reset>ಳ್ಌ</reset><i>ಳೢ</i>
<reset>ಳ್ೡ</reset><i>ಳೣ</i>
<reset>ಳ್ಎ</reset><i>ಳೆ</i>
<reset>ಳ್ಏ</reset><i>ಳೇ</i>
<reset>ಳ್ಐ</reset><i>ಳೈ</i>
<reset>ಳ್ಒ</reset><i>ಳೊ</i>
<reset>ಳ್ಓ</reset><i>ಳೋ</i>
<reset>ಳ್ಔ</reset><i>ಳೌ</i>

<reset>ೞ್ಅ</reset><i>ೞ</i>
<reset>ೞ್ಆ</reset><i>ೞಾ</i>
<reset>ೞ್ಇ</reset><i>ೞಿ</i>
<reset>ೞ್ಈ</reset><i>ೞೀ</i>
<reset>ೞ್ಉ</reset><i>ೞು</i>
<reset>ೞ್ಊ</reset><i>ೞೂ</i>
<reset>ೞ್ಋ</reset><i>ೞೃ</i>
<reset>ೞ್ೠ</reset><i>ೞೄ</i>
<reset>ೞ್ಌ</reset><i>ೞೢ</i>
<reset>ೞ್ೡ</reset><i>ೞೣ</i>
<reset>ೞ್ಎ</reset><i>ೞೆ</i>
<reset>ೞ್ಏ</reset><i>ೞೇ</i>
<reset>ೞ್ಐ</reset><i>ೞೈ</i>
<reset>ೞ್ಒ</reset><i>ೞೊ</i>
<reset>ೞ್ಓ</reset><i>ೞೋ</i>
<reset>ೞ್ಔ</reset><i>ೞೌ</i>

<reset>ಙ್ಕ</reset><t>ಂಕ</t>
<reset>ಙ್ಖ</reset><t>ಂಖ</t>
<reset>ಙ್ಗ</reset><t>ಂಗ</t>
<reset>ಙ್ಘ</reset><t>ಂಘ</t>
<reset>ಙ್ಙ</reset><t>ಂಙ</t>

<reset>ಞ್ಚ</reset><t>ಂಚ</t>
<reset>ಞ್ಛ</reset><t>ಂಛ</t>
<reset>ಞ್ಜ</reset><t>ಂಜ</t>
<reset>ಞ್ಝ</reset><t>ಂಝ</t>
<reset>ಞ್ಞ</reset><t>ಂಞ</t>

<reset>ಣ್ಟ</reset><t>ಂಟ</t>
<reset>ಣ್ಠ</reset><t>ಂಠ</t>
<reset>ಣ್ಡ</reset><t>ಂಡ</t>
<reset>ಣ್ಢ</reset><t>ಂಢ</t>
<reset>ಣ್ಣ</reset><t>ಂಣ</t>

<reset>ನ್ತ</reset><t>ಂತ</t>
<reset>ನ್ಥ</reset><t>ಂಥ</t>
<reset>ನ್ದ</reset><t>ಂದ</t>
<reset>ನ್ಧ</reset><t>ಂಧ</t>
<reset>ನ್ನ</reset><t>ಂನ</t>

<reset>ಮ್ಪ</reset><t>ಂಪ</t>
<reset>ಮ್ಫ</reset><t>ಂಫ</t>
<reset>ಮ್ಬ</reset><t>ಂಬ</t>
<reset>ಮ್ಭ</reset><t>ಂಭ</t>
<reset>ಮ್ಮ</reset><t>ಂಮ</t>

<reset>ಜ</reset><t>ಜ಼</t>
<reset>ಜಾ</reset><t>ಜ಼ಾ</t>
<reset>ಜಿ</reset><t>ಜ಼ಿ</t>
<reset>ಜೀ</reset><t>ಜ಼ೀ</t>
<reset>ಜು</reset><t>ಜ಼ು</t>
<reset>ಜೂ</reset><t>ಜ಼ೂ</t>
<reset>ಜೃ</reset><t>ಜ಼ೃ</t>
<reset>ಜೄ</reset><t>ಜ಼ೄ</t>
<reset>ಜೢ</reset><t>ಜ಼ೢ</t>
<reset>ಜೣ</reset><t>ಜ಼ೣ</t>
<reset>ಜೆ</reset><t>ಜ಼ೆ</t>
<reset>ಜೇ</reset><t>ಜ಼ೇ</t>
<reset>ಜೈ</reset><t>ಜ಼ೈ</t>
<reset>ಜೊ</reset><t>ಜ಼ೊ</t>
<reset>ಜೋ</reset><t>ಜ಼ೋ</t>
<reset>ಜೌ</reset><t>ಜ಼ೌ</t>

<reset>ಫ</reset><t>ಫ಼</t>
<reset>ಫಾ</reset><t>ಫ಼ಾ</t>
<reset>ಫಿ</reset><t>ಫ಼ಿ</t>
<reset>ಫೀ</reset><t>ಫ಼ೀ</t>
<reset>ಫು</reset><t>ಫ಼ು</t>
<reset>ಫೂ</reset><t>ಫ಼ೂ</t>
<reset>ಫೃ</reset><t>ಫ಼ೃ</t>
<reset>ಫೄ</reset><t>ಫ಼ೄ</t>
<reset>ಫೢ</reset><t>ಫ಼ೢ</t>
<reset>ಫೣ</reset><t>ಫ಼ೣ</t>
<reset>ಫೆ</reset><t>ಫ಼ೆ</t>
<reset>ಫೇ</reset><t>ಫ಼ೇ</t>
<reset>ಫೈ</reset><t>ಫ಼ೈ</t>
<reset>ಫೊ</reset><t>ಫ಼ೊ</t>
<reset>ಫೋ</reset><t>ಫ಼ೋ</t>
<reset>ಫೌ</reset><t>ಫ಼ೌ</t>

</rules>
</collation>
		</collations>
</ldml>
