<?xml version="1.0" encoding="UTF-8" ?>
<!DOCTYPE ldml SYSTEM "http://www.unicode.org/cldr/dtd/1.5/ldml.dtd">
<ldml>
	<identity>
		<version number="$Revision: 1.3 $"/>
		<generation date="$Date: 2007/07/10 20:27:25 $"/>
		<language type="sa"/>
	</identity>
		<collations  validSubLocales="sa_IN">
<collation type="standard"
references="Monier-Williams: Sanskrit-English Dictionary ISBN:8120800656"
draft="true" alt="proposed">
<settings normalization="on"/>
<rules>

<!--
The following tailoring is an adjustment of the
DUCET collation order for ANUSVARA, CANDRABINDU,
and VISARGA. Instead of being sorted with secondary
weights, they are collated on primary level before
the independent vowels. CANDRABINDU is secondary
different from ANUSVARA. This gives a sort order
similar to Hindi.
-->
<reset>ॐ</reset>
<p>ं</p>
<s>ँ</s>
<p>ः</p>

<!--
The following tailoring is an adjustment of the
DUCET collation order for LLA. Instead of being
sorted after LA, LLA is sorted after HA.
-->
<reset>ह</reset>
<p>ळ</p>

<!--
KSSA is sorted after LLA.
-->
<p>क्ष</p>

<!--
JNYA is sorted after KSSA.
-->
<p>ज्ञ</p>

</rules>
</collation>
<collation type="traditional"
references="
Report on the Cologne Sanskrit Dictionary Project
http://www.uni-koeln.de/phil-fak/indologie/tamil/mwreport.html
1.6 Alphabetical order and sorting of Sanskrit
Monier-Williams: Sanskrit-English Dictionary 
http://www.ibiblio.org/sripedia/ebooks/mw/
http://www.ibiblio.org/sripedia/ebooks/mw/0000/mw__0033.html"
draft="true" alt="proposed">
<settings normalization="on"/>
<rules>
<reset>औ</reset>
<p>ं</p>
<s>ँ</s>
<p>ः</p>
<p>क्</p>
<p>ख्</p>
<p>ग्</p>
<p>घ्</p>
<p>ङ्</p>
<p>च्</p>
<p>छ्</p>
<p>ज्</p>
<p>झ्</p>
<p>ञ्</p>
<p>ट्</p>
<p>ठ्</p>
<p>ड्</p>
<p>ढ्</p>
<p>ण्</p>
<p>त्</p>
<p>थ्</p>
<p>द्</p>
<p>ध्</p>
<p>न्</p>
<p>प्</p>
<p>फ्</p>
<p>ब्</p>
<p>भ्</p>
<p>म्</p>
<p>य्</p>
<p>र्</p>
<p>ल्</p>
<p>ळ्</p>
<p>व्</p>
<p>श्</p>
<p>ष्</p>
<p>स्</p>
<p>ह्</p>
<reset>क्अ</reset><i>क</i>
<reset>क्आ</reset><i>का</i>
<reset>क्इ</reset><i>कि</i>
<reset>क्ई</reset><i>की</i>
<reset>क्उ</reset><i>कु</i>
<reset>क्ऊ</reset><i>कू</i>
<reset>क्ऋ</reset><i>कृ</i>
<reset>क्ॠ</reset><i>कॄ</i>
<reset>क्ऌ</reset><i>कॢ</i>
<reset>क्ॡ</reset><i>कॣ</i>
<reset>क्ऍ</reset><i>कॅ</i>
<reset>क्ऎ</reset><i>कॆ</i>
<reset>क्ए</reset><i>के</i>
<reset>क्ऐ</reset><i>कै</i>
<reset>क्ऑ</reset><i>कॉ</i>
<reset>क्ऒ</reset><i>कॊ</i>
<reset>क्ओ</reset><i>को</i>
<reset>क्औ</reset><i>कौ</i>
<reset>ख्अ</reset><i>ख</i>
<reset>ख्आ</reset><i>खा</i>
<reset>ख्इ</reset><i>खि</i>
<reset>ख्ई</reset><i>खी</i>
<reset>ख्उ</reset><i>खु</i>
<reset>ख्ऊ</reset><i>खू</i>
<reset>ख्ऋ</reset><i>खृ</i>
<reset>ख्ॠ</reset><i>खॄ</i>
<reset>ख्ऌ</reset><i>खॢ</i>
<reset>ख्ॡ</reset><i>खॣ</i>
<reset>ख्ऍ</reset><i>खॅ</i>
<reset>ख्ऎ</reset><i>खॆ</i>
<reset>ख्ए</reset><i>खे</i>
<reset>ख्ऐ</reset><i>खै</i>
<reset>ख्ऑ</reset><i>खॉ</i>
<reset>ख्ऒ</reset><i>खॊ</i>
<reset>ख्ओ</reset><i>खो</i>
<reset>ख्औ</reset><i>खौ</i>
<reset>ग्अ</reset><i>ग</i>
<reset>ग्आ</reset><i>गा</i>
<reset>ग्इ</reset><i>गि</i>
<reset>ग्ई</reset><i>गी</i>
<reset>ग्उ</reset><i>गु</i>
<reset>ग्ऊ</reset><i>गू</i>
<reset>ग्ऋ</reset><i>गृ</i>
<reset>ग्ॠ</reset><i>गॄ</i>
<reset>ग्ऌ</reset><i>गॢ</i>
<reset>ग्ॡ</reset><i>गॣ</i>
<reset>ग्ऍ</reset><i>गॅ</i>
<reset>ग्ऎ</reset><i>गॆ</i>
<reset>ग्ए</reset><i>गे</i>
<reset>ग्ऐ</reset><i>गै</i>
<reset>ग्ऑ</reset><i>गॉ</i>
<reset>ग्ऒ</reset><i>गॊ</i>
<reset>ग्ओ</reset><i>गो</i>
<reset>ग्औ</reset><i>गौ</i>
<reset>घ्अ</reset><i>घ</i>
<reset>घ्आ</reset><i>घा</i>
<reset>घ्इ</reset><i>घि</i>
<reset>घ्ई</reset><i>घी</i>
<reset>घ्उ</reset><i>घु</i>
<reset>घ्ऊ</reset><i>घू</i>
<reset>घ्ऋ</reset><i>घृ</i>
<reset>घ्ॠ</reset><i>घॄ</i>
<reset>घ्ऌ</reset><i>घॢ</i>
<reset>घ्ॡ</reset><i>घॣ</i>
<reset>घ्ऍ</reset><i>घॅ</i>
<reset>घ्ऎ</reset><i>घॆ</i>
<reset>घ्ए</reset><i>घे</i>
<reset>घ्ऐ</reset><i>घै</i>
<reset>घ्ऑ</reset><i>घॉ</i>
<reset>घ्ऒ</reset><i>घॊ</i>
<reset>घ्ओ</reset><i>घो</i>
<reset>घ्औ</reset><i>घौ</i>
<reset>ङ्अ</reset><i>ङ</i>
<reset>ङ्आ</reset><i>ङा</i>
<reset>ङ्इ</reset><i>ङि</i>
<reset>ङ्ई</reset><i>ङी</i>
<reset>ङ्उ</reset><i>ङु</i>
<reset>ङ्ऊ</reset><i>ङू</i>
<reset>ङ्ऋ</reset><i>ङृ</i>
<reset>ङ्ॠ</reset><i>ङॄ</i>
<reset>ङ्ऌ</reset><i>ङॢ</i>
<reset>ङ्ॡ</reset><i>ङॣ</i>
<reset>ङ्ऍ</reset><i>ङॅ</i>
<reset>ङ्ऎ</reset><i>ङॆ</i>
<reset>ङ्ए</reset><i>ङे</i>
<reset>ङ्ऐ</reset><i>ङै</i>
<reset>ङ्ऑ</reset><i>ङॉ</i>
<reset>ङ्ऒ</reset><i>ङॊ</i>
<reset>ङ्ओ</reset><i>ङो</i>
<reset>ङ्औ</reset><i>ङौ</i>
<reset>च्अ</reset><i>च</i>
<reset>च्आ</reset><i>चा</i>
<reset>च्इ</reset><i>चि</i>
<reset>च्ई</reset><i>ची</i>
<reset>च्उ</reset><i>चु</i>
<reset>च्ऊ</reset><i>चू</i>
<reset>च्ऋ</reset><i>चृ</i>
<reset>च्ॠ</reset><i>चॄ</i>
<reset>च्ऌ</reset><i>चॢ</i>
<reset>च्ॡ</reset><i>चॣ</i>
<reset>च्ऍ</reset><i>चॅ</i>
<reset>च्ऎ</reset><i>चॆ</i>
<reset>च्ए</reset><i>चे</i>
<reset>च्ऐ</reset><i>चै</i>
<reset>च्ऑ</reset><i>चॉ</i>
<reset>च्ऒ</reset><i>चॊ</i>
<reset>च्ओ</reset><i>चो</i>
<reset>च्औ</reset><i>चौ</i>
<reset>छ्अ</reset><i>छ</i>
<reset>छ्आ</reset><i>छा</i>
<reset>छ्इ</reset><i>छि</i>
<reset>छ्ई</reset><i>छी</i>
<reset>छ्उ</reset><i>छु</i>
<reset>छ्ऊ</reset><i>छू</i>
<reset>छ्ऋ</reset><i>छृ</i>
<reset>छ्ॠ</reset><i>छॄ</i>
<reset>छ्ऌ</reset><i>छॢ</i>
<reset>छ्ॡ</reset><i>छॣ</i>
<reset>छ्ऍ</reset><i>छॅ</i>
<reset>छ्ऎ</reset><i>छॆ</i>
<reset>छ्ए</reset><i>छे</i>
<reset>छ्ऐ</reset><i>छै</i>
<reset>छ्ऑ</reset><i>छॉ</i>
<reset>छ्ऒ</reset><i>छॊ</i>
<reset>छ्ओ</reset><i>छो</i>
<reset>छ्औ</reset><i>छौ</i>
<reset>ज्अ</reset><i>ज</i>
<reset>ज्आ</reset><i>जा</i>
<reset>ज्इ</reset><i>जि</i>
<reset>ज्ई</reset><i>जी</i>
<reset>ज्उ</reset><i>जु</i>
<reset>ज्ऊ</reset><i>जू</i>
<reset>ज्ऋ</reset><i>जृ</i>
<reset>ज्ॠ</reset><i>जॄ</i>
<reset>ज्ऌ</reset><i>जॢ</i>
<reset>ज्ॡ</reset><i>जॣ</i>
<reset>ज्ऍ</reset><i>जॅ</i>
<reset>ज्ऎ</reset><i>जॆ</i>
<reset>ज्ए</reset><i>जे</i>
<reset>ज्ऐ</reset><i>जै</i>
<reset>ज्ऑ</reset><i>जॉ</i>
<reset>ज्ऒ</reset><i>जॊ</i>
<reset>ज्ओ</reset><i>जो</i>
<reset>ज्औ</reset><i>जौ</i>
<reset>झ्अ</reset><i>झ</i>
<reset>झ्आ</reset><i>झा</i>
<reset>झ्इ</reset><i>झि</i>
<reset>झ्ई</reset><i>झी</i>
<reset>झ्उ</reset><i>झु</i>
<reset>झ्ऊ</reset><i>झू</i>
<reset>झ्ऋ</reset><i>झृ</i>
<reset>झ्ॠ</reset><i>झॄ</i>
<reset>झ्ऌ</reset><i>झॢ</i>
<reset>झ्ॡ</reset><i>झॣ</i>
<reset>झ्ऍ</reset><i>झॅ</i>
<reset>झ्ऎ</reset><i>झॆ</i>
<reset>झ्ए</reset><i>झे</i>
<reset>झ्ऐ</reset><i>झै</i>
<reset>झ्ऑ</reset><i>झॉ</i>
<reset>झ्ऒ</reset><i>झॊ</i>
<reset>झ्ओ</reset><i>झो</i>
<reset>झ्औ</reset><i>झौ</i>
<reset>ञ्अ</reset><i>ञ</i>
<reset>ञ्आ</reset><i>ञा</i>
<reset>ञ्इ</reset><i>ञि</i>
<reset>ञ्ई</reset><i>ञी</i>
<reset>ञ्उ</reset><i>ञु</i>
<reset>ञ्ऊ</reset><i>ञू</i>
<reset>ञ्ऋ</reset><i>ञृ</i>
<reset>ञ्ॠ</reset><i>ञॄ</i>
<reset>ञ्ऌ</reset><i>ञॢ</i>
<reset>ञ्ॡ</reset><i>ञॣ</i>
<reset>ञ्ऍ</reset><i>ञॅ</i>
<reset>ञ्ऎ</reset><i>ञॆ</i>
<reset>ञ्ए</reset><i>ञे</i>
<reset>ञ्ऐ</reset><i>ञै</i>
<reset>ञ्ऑ</reset><i>ञॉ</i>
<reset>ञ्ऒ</reset><i>ञॊ</i>
<reset>ञ्ओ</reset><i>ञो</i>
<reset>ञ्औ</reset><i>ञौ</i>
<reset>ट्अ</reset><i>ट</i>
<reset>ट्आ</reset><i>टा</i>
<reset>ट्इ</reset><i>टि</i>
<reset>ट्ई</reset><i>टी</i>
<reset>ट्उ</reset><i>टु</i>
<reset>ट्ऊ</reset><i>टू</i>
<reset>ट्ऋ</reset><i>टृ</i>
<reset>ट्ॠ</reset><i>टॄ</i>
<reset>ट्ऌ</reset><i>टॢ</i>
<reset>ट्ॡ</reset><i>टॣ</i>
<reset>ट्ऍ</reset><i>टॅ</i>
<reset>ट्ऎ</reset><i>टॆ</i>
<reset>ट्ए</reset><i>टे</i>
<reset>ट्ऐ</reset><i>टै</i>
<reset>ट्ऑ</reset><i>टॉ</i>
<reset>ट्ऒ</reset><i>टॊ</i>
<reset>ट्ओ</reset><i>टो</i>
<reset>ट्औ</reset><i>टौ</i>
<reset>ठ्अ</reset><i>ठ</i>
<reset>ठ्आ</reset><i>ठा</i>
<reset>ठ्इ</reset><i>ठि</i>
<reset>ठ्ई</reset><i>ठी</i>
<reset>ठ्उ</reset><i>ठु</i>
<reset>ठ्ऊ</reset><i>ठू</i>
<reset>ठ्ऋ</reset><i>ठृ</i>
<reset>ठ्ॠ</reset><i>ठॄ</i>
<reset>ठ्ऌ</reset><i>ठॢ</i>
<reset>ठ्ॡ</reset><i>ठॣ</i>
<reset>ठ्ऍ</reset><i>ठॅ</i>
<reset>ठ्ऎ</reset><i>ठॆ</i>
<reset>ठ्ए</reset><i>ठे</i>
<reset>ठ्ऐ</reset><i>ठै</i>
<reset>ठ्ऑ</reset><i>ठॉ</i>
<reset>ठ्ऒ</reset><i>ठॊ</i>
<reset>ठ्ओ</reset><i>ठो</i>
<reset>ठ्औ</reset><i>ठौ</i>
<reset>ड्अ</reset><i>ड</i>
<reset>ड्आ</reset><i>डा</i>
<reset>ड्इ</reset><i>डि</i>
<reset>ड्ई</reset><i>डी</i>
<reset>ड्उ</reset><i>डु</i>
<reset>ड्ऊ</reset><i>डू</i>
<reset>ड्ऋ</reset><i>डृ</i>
<reset>ड्ॠ</reset><i>डॄ</i>
<reset>ड्ऌ</reset><i>डॢ</i>
<reset>ड्ॡ</reset><i>डॣ</i>
<reset>ड्ऍ</reset><i>डॅ</i>
<reset>ड्ऎ</reset><i>डॆ</i>
<reset>ड्ए</reset><i>डे</i>
<reset>ड्ऐ</reset><i>डै</i>
<reset>ड्ऑ</reset><i>डॉ</i>
<reset>ड्ऒ</reset><i>डॊ</i>
<reset>ड्ओ</reset><i>डो</i>
<reset>ड्औ</reset><i>डौ</i>
<reset>ढ्अ</reset><i>ढ</i>
<reset>ढ्आ</reset><i>ढा</i>
<reset>ढ्इ</reset><i>ढि</i>
<reset>ढ्ई</reset><i>ढी</i>
<reset>ढ्उ</reset><i>ढु</i>
<reset>ढ्ऊ</reset><i>ढू</i>
<reset>ढ्ऋ</reset><i>ढृ</i>
<reset>ढ्ॠ</reset><i>ढॄ</i>
<reset>ढ्ऌ</reset><i>ढॢ</i>
<reset>ढ्ॡ</reset><i>ढॣ</i>
<reset>ढ्ऍ</reset><i>ढॅ</i>
<reset>ढ्ऎ</reset><i>ढॆ</i>
<reset>ढ्ए</reset><i>ढे</i>
<reset>ढ्ऐ</reset><i>ढै</i>
<reset>ढ्ऑ</reset><i>ढॉ</i>
<reset>ढ्ऒ</reset><i>ढॊ</i>
<reset>ढ्ओ</reset><i>ढो</i>
<reset>ढ्औ</reset><i>ढौ</i>
<reset>ण्अ</reset><i>ण</i>
<reset>ण्आ</reset><i>णा</i>
<reset>ण्इ</reset><i>णि</i>
<reset>ण्ई</reset><i>णी</i>
<reset>ण्उ</reset><i>णु</i>
<reset>ण्ऊ</reset><i>णू</i>
<reset>ण्ऋ</reset><i>णृ</i>
<reset>ण्ॠ</reset><i>णॄ</i>
<reset>ण्ऌ</reset><i>णॢ</i>
<reset>ण्ॡ</reset><i>णॣ</i>
<reset>ण्ऍ</reset><i>णॅ</i>
<reset>ण्ऎ</reset><i>णॆ</i>
<reset>ण्ए</reset><i>णे</i>
<reset>ण्ऐ</reset><i>णै</i>
<reset>ण्ऑ</reset><i>णॉ</i>
<reset>ण्ऒ</reset><i>णॊ</i>
<reset>ण्ओ</reset><i>णो</i>
<reset>ण्औ</reset><i>णौ</i>
<reset>त्अ</reset><i>त</i>
<reset>त्आ</reset><i>ता</i>
<reset>त्इ</reset><i>ति</i>
<reset>त्ई</reset><i>ती</i>
<reset>त्उ</reset><i>तु</i>
<reset>त्ऊ</reset><i>तू</i>
<reset>त्ऋ</reset><i>तृ</i>
<reset>त्ॠ</reset><i>तॄ</i>
<reset>त्ऌ</reset><i>तॢ</i>
<reset>त्ॡ</reset><i>तॣ</i>
<reset>त्ऍ</reset><i>तॅ</i>
<reset>त्ऎ</reset><i>तॆ</i>
<reset>त्ए</reset><i>ते</i>
<reset>त्ऐ</reset><i>तै</i>
<reset>त्ऑ</reset><i>तॉ</i>
<reset>त्ऒ</reset><i>तॊ</i>
<reset>त्ओ</reset><i>तो</i>
<reset>त्औ</reset><i>तौ</i>
<reset>थ्अ</reset><i>थ</i>
<reset>थ्आ</reset><i>था</i>
<reset>थ्इ</reset><i>थि</i>
<reset>थ्ई</reset><i>थी</i>
<reset>थ्उ</reset><i>थु</i>
<reset>थ्ऊ</reset><i>थू</i>
<reset>थ्ऋ</reset><i>थृ</i>
<reset>थ्ॠ</reset><i>थॄ</i>
<reset>थ्ऌ</reset><i>थॢ</i>
<reset>थ्ॡ</reset><i>थॣ</i>
<reset>थ्ऍ</reset><i>थॅ</i>
<reset>थ्ऎ</reset><i>थॆ</i>
<reset>थ्ए</reset><i>थे</i>
<reset>थ्ऐ</reset><i>थै</i>
<reset>थ्ऑ</reset><i>थॉ</i>
<reset>थ्ऒ</reset><i>थॊ</i>
<reset>थ्ओ</reset><i>थो</i>
<reset>थ्औ</reset><i>थौ</i>
<reset>द्अ</reset><i>द</i>
<reset>द्आ</reset><i>दा</i>
<reset>द्इ</reset><i>दि</i>
<reset>द्ई</reset><i>दी</i>
<reset>द्उ</reset><i>दु</i>
<reset>द्ऊ</reset><i>दू</i>
<reset>द्ऋ</reset><i>दृ</i>
<reset>द्ॠ</reset><i>दॄ</i>
<reset>द्ऌ</reset><i>दॢ</i>
<reset>द्ॡ</reset><i>दॣ</i>
<reset>द्ऍ</reset><i>दॅ</i>
<reset>द्ऎ</reset><i>दॆ</i>
<reset>द्ए</reset><i>दे</i>
<reset>द्ऐ</reset><i>दै</i>
<reset>द्ऑ</reset><i>दॉ</i>
<reset>द्ऒ</reset><i>दॊ</i>
<reset>द्ओ</reset><i>दो</i>
<reset>द्औ</reset><i>दौ</i>
<reset>ध्अ</reset><i>ध</i>
<reset>ध्आ</reset><i>धा</i>
<reset>ध्इ</reset><i>धि</i>
<reset>ध्ई</reset><i>धी</i>
<reset>ध्उ</reset><i>धु</i>
<reset>ध्ऊ</reset><i>धू</i>
<reset>ध्ऋ</reset><i>धृ</i>
<reset>ध्ॠ</reset><i>धॄ</i>
<reset>ध्ऌ</reset><i>धॢ</i>
<reset>ध्ॡ</reset><i>धॣ</i>
<reset>ध्ऍ</reset><i>धॅ</i>
<reset>ध्ऎ</reset><i>धॆ</i>
<reset>ध्ए</reset><i>धे</i>
<reset>ध्ऐ</reset><i>धै</i>
<reset>ध्ऑ</reset><i>धॉ</i>
<reset>ध्ऒ</reset><i>धॊ</i>
<reset>ध्ओ</reset><i>धो</i>
<reset>ध्औ</reset><i>धौ</i>
<reset>न्अ</reset><i>न</i>
<reset>न्आ</reset><i>ना</i>
<reset>न्इ</reset><i>नि</i>
<reset>न्ई</reset><i>नी</i>
<reset>न्उ</reset><i>नु</i>
<reset>न्ऊ</reset><i>नू</i>
<reset>न्ऋ</reset><i>नृ</i>
<reset>न्ॠ</reset><i>नॄ</i>
<reset>न्ऌ</reset><i>नॢ</i>
<reset>न्ॡ</reset><i>नॣ</i>
<reset>न्ऍ</reset><i>नॅ</i>
<reset>न्ऎ</reset><i>नॆ</i>
<reset>न्ए</reset><i>ने</i>
<reset>न्ऐ</reset><i>नै</i>
<reset>न्ऑ</reset><i>नॉ</i>
<reset>न्ऒ</reset><i>नॊ</i>
<reset>न्ओ</reset><i>नो</i>
<reset>न्औ</reset><i>नौ</i>
<reset>प्अ</reset><i>प</i>
<reset>प्आ</reset><i>पा</i>
<reset>प्इ</reset><i>पि</i>
<reset>प्ई</reset><i>पी</i>
<reset>प्उ</reset><i>पु</i>
<reset>प्ऊ</reset><i>पू</i>
<reset>प्ऋ</reset><i>पृ</i>
<reset>प्ॠ</reset><i>पॄ</i>
<reset>प्ऌ</reset><i>पॢ</i>
<reset>प्ॡ</reset><i>पॣ</i>
<reset>प्ऍ</reset><i>पॅ</i>
<reset>प्ऎ</reset><i>पॆ</i>
<reset>प्ए</reset><i>पे</i>
<reset>प्ऐ</reset><i>पै</i>
<reset>प्ऑ</reset><i>पॉ</i>
<reset>प्ऒ</reset><i>पॊ</i>
<reset>प्ओ</reset><i>पो</i>
<reset>प्औ</reset><i>पौ</i>
<reset>फ्अ</reset><i>फ</i>
<reset>फ्आ</reset><i>फा</i>
<reset>फ्इ</reset><i>फि</i>
<reset>फ्ई</reset><i>फी</i>
<reset>फ्उ</reset><i>फु</i>
<reset>फ्ऊ</reset><i>फू</i>
<reset>फ्ऋ</reset><i>फृ</i>
<reset>फ्ॠ</reset><i>फॄ</i>
<reset>फ्ऌ</reset><i>फॢ</i>
<reset>फ्ॡ</reset><i>फॣ</i>
<reset>फ्ऍ</reset><i>फॅ</i>
<reset>फ्ऎ</reset><i>फॆ</i>
<reset>फ्ए</reset><i>फे</i>
<reset>फ्ऐ</reset><i>फै</i>
<reset>फ्ऑ</reset><i>फॉ</i>
<reset>फ्ऒ</reset><i>फॊ</i>
<reset>फ्ओ</reset><i>फो</i>
<reset>फ्औ</reset><i>फौ</i>
<reset>ब्अ</reset><i>ब</i>
<reset>ब्आ</reset><i>बा</i>
<reset>ब्इ</reset><i>बि</i>
<reset>ब्ई</reset><i>बी</i>
<reset>ब्उ</reset><i>बु</i>
<reset>ब्ऊ</reset><i>बू</i>
<reset>ब्ऋ</reset><i>बृ</i>
<reset>ब्ॠ</reset><i>बॄ</i>
<reset>ब्ऌ</reset><i>बॢ</i>
<reset>ब्ॡ</reset><i>बॣ</i>
<reset>ब्ऍ</reset><i>बॅ</i>
<reset>ब्ऎ</reset><i>बॆ</i>
<reset>ब्ए</reset><i>बे</i>
<reset>ब्ऐ</reset><i>बै</i>
<reset>ब्ऑ</reset><i>बॉ</i>
<reset>ब्ऒ</reset><i>बॊ</i>
<reset>ब्ओ</reset><i>बो</i>
<reset>ब्औ</reset><i>बौ</i>
<reset>भ्अ</reset><i>भ</i>
<reset>भ्आ</reset><i>भा</i>
<reset>भ्इ</reset><i>भि</i>
<reset>भ्ई</reset><i>भी</i>
<reset>भ्उ</reset><i>भु</i>
<reset>भ्ऊ</reset><i>भू</i>
<reset>भ्ऋ</reset><i>भृ</i>
<reset>भ्ॠ</reset><i>भॄ</i>
<reset>भ्ऌ</reset><i>भॢ</i>
<reset>भ्ॡ</reset><i>भॣ</i>
<reset>भ्ऍ</reset><i>भॅ</i>
<reset>भ्ऎ</reset><i>भॆ</i>
<reset>भ्ए</reset><i>भे</i>
<reset>भ्ऐ</reset><i>भै</i>
<reset>भ्ऑ</reset><i>भॉ</i>
<reset>भ्ऒ</reset><i>भॊ</i>
<reset>भ्ओ</reset><i>भो</i>
<reset>भ्औ</reset><i>भौ</i>
<reset>म्अ</reset><i>म</i>
<reset>म्आ</reset><i>मा</i>
<reset>म्इ</reset><i>मि</i>
<reset>म्ई</reset><i>मी</i>
<reset>म्उ</reset><i>मु</i>
<reset>म्ऊ</reset><i>मू</i>
<reset>म्ऋ</reset><i>मृ</i>
<reset>म्ॠ</reset><i>मॄ</i>
<reset>म्ऌ</reset><i>मॢ</i>
<reset>म्ॡ</reset><i>मॣ</i>
<reset>म्ऍ</reset><i>मॅ</i>
<reset>म्ऎ</reset><i>मॆ</i>
<reset>म्ए</reset><i>मे</i>
<reset>म्ऐ</reset><i>मै</i>
<reset>म्ऑ</reset><i>मॉ</i>
<reset>म्ऒ</reset><i>मॊ</i>
<reset>म्ओ</reset><i>मो</i>
<reset>म्औ</reset><i>मौ</i>
<reset>य्अ</reset><i>य</i>
<reset>य्आ</reset><i>या</i>
<reset>य्इ</reset><i>यि</i>
<reset>य्ई</reset><i>यी</i>
<reset>य्उ</reset><i>यु</i>
<reset>य्ऊ</reset><i>यू</i>
<reset>य्ऋ</reset><i>यृ</i>
<reset>य्ॠ</reset><i>यॄ</i>
<reset>य्ऌ</reset><i>यॢ</i>
<reset>य्ॡ</reset><i>यॣ</i>
<reset>य्ऍ</reset><i>यॅ</i>
<reset>य्ऎ</reset><i>यॆ</i>
<reset>य्ए</reset><i>ये</i>
<reset>य्ऐ</reset><i>यै</i>
<reset>य्ऑ</reset><i>यॉ</i>
<reset>य्ऒ</reset><i>यॊ</i>
<reset>य्ओ</reset><i>यो</i>
<reset>य्औ</reset><i>यौ</i>
<reset>र्अ</reset><i>र</i>
<reset>र्आ</reset><i>रा</i>
<reset>र्इ</reset><i>रि</i>
<reset>र्ई</reset><i>री</i>
<reset>र्उ</reset><i>रु</i>
<reset>र्ऊ</reset><i>रू</i>
<reset>र्ऋ</reset><i>रृ</i>
<reset>र्ॠ</reset><i>रॄ</i>
<reset>र्ऌ</reset><i>रॢ</i>
<reset>र्ॡ</reset><i>रॣ</i>
<reset>र्ऍ</reset><i>रॅ</i>
<reset>र्ऎ</reset><i>रॆ</i>
<reset>र्ए</reset><i>रे</i>
<reset>र्ऐ</reset><i>रै</i>
<reset>र्ऑ</reset><i>रॉ</i>
<reset>र्ऒ</reset><i>रॊ</i>
<reset>र्ओ</reset><i>रो</i>
<reset>र्औ</reset><i>रौ</i>
<reset>ल्अ</reset><i>ल</i>
<reset>ल्आ</reset><i>ला</i>
<reset>ल्इ</reset><i>लि</i>
<reset>ल्ई</reset><i>ली</i>
<reset>ल्उ</reset><i>लु</i>
<reset>ल्ऊ</reset><i>लू</i>
<reset>ल्ऋ</reset><i>लृ</i>
<reset>ल्ॠ</reset><i>लॄ</i>
<reset>ल्ऌ</reset><i>लॢ</i>
<reset>ल्ॡ</reset><i>लॣ</i>
<reset>ल्ऍ</reset><i>लॅ</i>
<reset>ल्ऎ</reset><i>लॆ</i>
<reset>ल्ए</reset><i>ले</i>
<reset>ल्ऐ</reset><i>लै</i>
<reset>ल्ऑ</reset><i>लॉ</i>
<reset>ल्ऒ</reset><i>लॊ</i>
<reset>ल्ओ</reset><i>लो</i>
<reset>ल्औ</reset><i>लौ</i>
<reset>ळ्अ</reset><i>ळ</i>
<reset>ळ्आ</reset><i>ळा</i>
<reset>ळ्इ</reset><i>ळि</i>
<reset>ळ्ई</reset><i>ळी</i>
<reset>ळ्उ</reset><i>ळु</i>
<reset>ळ्ऊ</reset><i>ळू</i>
<reset>ळ्ऋ</reset><i>ळृ</i>
<reset>ळ्ॠ</reset><i>ळॄ</i>
<reset>ळ्ऌ</reset><i>ळॢ</i>
<reset>ळ्ॡ</reset><i>ळॣ</i>
<reset>ळ्ऍ</reset><i>ळॅ</i>
<reset>ळ्ऎ</reset><i>ळॆ</i>
<reset>ळ्ए</reset><i>ळे</i>
<reset>ळ्ऐ</reset><i>ळै</i>
<reset>ळ्ऑ</reset><i>ळॉ</i>
<reset>ळ्ऒ</reset><i>ळॊ</i>
<reset>ळ्ओ</reset><i>ळो</i>
<reset>ळ्औ</reset><i>ळौ</i>
<reset>व्अ</reset><i>व</i>
<reset>व्आ</reset><i>वा</i>
<reset>व्इ</reset><i>वि</i>
<reset>व्ई</reset><i>वी</i>
<reset>व्उ</reset><i>वु</i>
<reset>व्ऊ</reset><i>वू</i>
<reset>व्ऋ</reset><i>वृ</i>
<reset>व्ॠ</reset><i>वॄ</i>
<reset>व्ऌ</reset><i>वॢ</i>
<reset>व्ॡ</reset><i>वॣ</i>
<reset>व्ऍ</reset><i>वॅ</i>
<reset>व्ऎ</reset><i>वॆ</i>
<reset>व्ए</reset><i>वे</i>
<reset>व्ऐ</reset><i>वै</i>
<reset>व्ऑ</reset><i>वॉ</i>
<reset>व्ऒ</reset><i>वॊ</i>
<reset>व्ओ</reset><i>वो</i>
<reset>व्औ</reset><i>वौ</i>
<reset>श्अ</reset><i>श</i>
<reset>श्आ</reset><i>शा</i>
<reset>श्इ</reset><i>शि</i>
<reset>श्ई</reset><i>शी</i>
<reset>श्उ</reset><i>शु</i>
<reset>श्ऊ</reset><i>शू</i>
<reset>श्ऋ</reset><i>शृ</i>
<reset>श्ॠ</reset><i>शॄ</i>
<reset>श्ऌ</reset><i>शॢ</i>
<reset>श्ॡ</reset><i>शॣ</i>
<reset>श्ऍ</reset><i>शॅ</i>
<reset>श्ऎ</reset><i>शॆ</i>
<reset>श्ए</reset><i>शे</i>
<reset>श्ऐ</reset><i>शै</i>
<reset>श्ऑ</reset><i>शॉ</i>
<reset>श्ऒ</reset><i>शॊ</i>
<reset>श्ओ</reset><i>शो</i>
<reset>श्औ</reset><i>शौ</i>
<reset>ष्अ</reset><i>ष</i>
<reset>ष्आ</reset><i>षा</i>
<reset>ष्इ</reset><i>षि</i>
<reset>ष्ई</reset><i>षी</i>
<reset>ष्उ</reset><i>षु</i>
<reset>ष्ऊ</reset><i>षू</i>
<reset>ष्ऋ</reset><i>षृ</i>
<reset>ष्ॠ</reset><i>षॄ</i>
<reset>ष्ऌ</reset><i>षॢ</i>
<reset>ष्ॡ</reset><i>षॣ</i>
<reset>ष्ऍ</reset><i>षॅ</i>
<reset>ष्ऎ</reset><i>षॆ</i>
<reset>ष्ए</reset><i>षे</i>
<reset>ष्ऐ</reset><i>षै</i>
<reset>ष्ऑ</reset><i>षॉ</i>
<reset>ष्ऒ</reset><i>षॊ</i>
<reset>ष्ओ</reset><i>षो</i>
<reset>ष्औ</reset><i>षौ</i>
<reset>स्अ</reset><i>स</i>
<reset>स्आ</reset><i>सा</i>
<reset>स्इ</reset><i>सि</i>
<reset>स्ई</reset><i>सी</i>
<reset>स्उ</reset><i>सु</i>
<reset>स्ऊ</reset><i>सू</i>
<reset>स्ऋ</reset><i>सृ</i>
<reset>स्ॠ</reset><i>सॄ</i>
<reset>स्ऌ</reset><i>सॢ</i>
<reset>स्ॡ</reset><i>सॣ</i>
<reset>स्ऍ</reset><i>सॅ</i>
<reset>स्ऎ</reset><i>सॆ</i>
<reset>स्ए</reset><i>से</i>
<reset>स्ऐ</reset><i>सै</i>
<reset>स्ऑ</reset><i>सॉ</i>
<reset>स्ऒ</reset><i>सॊ</i>
<reset>स्ओ</reset><i>सो</i>
<reset>स्औ</reset><i>सौ</i>
<reset>ह्अ</reset><i>ह</i>
<reset>ह्आ</reset><i>हा</i>
<reset>ह्इ</reset><i>हि</i>
<reset>ह्ई</reset><i>ही</i>
<reset>ह्उ</reset><i>हु</i>
<reset>ह्ऊ</reset><i>हू</i>
<reset>ह्ऋ</reset><i>हृ</i>
<reset>ह्ॠ</reset><i>हॄ</i>
<reset>ह्ऌ</reset><i>हॢ</i>
<reset>ह्ॡ</reset><i>हॣ</i>
<reset>ह्ऍ</reset><i>हॅ</i>
<reset>ह्ऎ</reset><i>हॆ</i>
<reset>ह्ए</reset><i>हे</i>
<reset>ह्ऐ</reset><i>है</i>
<reset>ह्ऑ</reset><i>हॉ</i>
<reset>ह्ऒ</reset><i>हॊ</i>
<reset>ह्ओ</reset><i>हो</i>
<reset>ह्औ</reset><i>हौ</i>
<!--
Strict nasalization.
-->
<reset>ङ्क</reset><t>ंक</t>
<reset>ङ्ख</reset><t>ंख</t>
<reset>ङ्ग</reset><t>ंग</t>
<reset>ङ्घ</reset><t>ंघ</t>
<reset>ङ्ङ</reset><t>ंङ</t>
<reset>ञ्च</reset><t>ंच</t>
<reset>ञ्छ</reset><t>ंछ</t>
<reset>ञ्ज</reset><t>ंज</t>
<reset>ञ्झ</reset><t>ंझ</t>
<reset>ञ्ञ</reset><t>ंञ</t>
<reset>ण्ट</reset><t>ंट</t>
<reset>ण्ठ</reset><t>ंठ</t>
<reset>ण्ड</reset><t>ंड</t>
<reset>ण्ढ</reset><t>ंढ</t>
<reset>ण्ण</reset><t>ंण</t>
<reset>न्त</reset><t>ंत</t>
<reset>न्थ</reset><t>ंथ</t>
<reset>न्द</reset><t>ंद</t>
<reset>न्ध</reset><t>ंध</t>
<reset>न्न</reset><t>ंन</t>
<reset>म्प</reset><t>ंप</t>
<reset>म्फ</reset><t>ंफ</t>
<reset>म्ब</reset><t>ंब</t>
<reset>म्भ</reset><t>ंभ</t>
<reset>म्म</reset><t>ंम</t>
<!--
Nukta combinations included for completeness.
-->
<reset>क</reset><t>क़</t>
<reset>का</reset><t>क़ा</t>
<reset>कि</reset><t>क़ि</t>
<reset>की</reset><t>क़ी</t>
<reset>कु</reset><t>क़ु</t>
<reset>कू</reset><t>क़ू</t>
<reset>कृ</reset><t>क़ृ</t>
<reset>कॄ</reset><t>क़ॄ</t>
<reset>कॢ</reset><t>क़ॢ</t>
<reset>कॣ</reset><t>क़ॣ</t>
<reset>कॅ</reset><t>क़ॅ</t>
<reset>कॆ</reset><t>क़ॆ</t>
<reset>के</reset><t>क़े</t>
<reset>कै</reset><t>क़ै</t>
<reset>कॉ</reset><t>क़ॉ</t>
<reset>कॊ</reset><t>क़ॊ</t>
<reset>को</reset><t>क़ो</t>
<reset>कौ</reset><t>क़ौ</t>
<reset>क्</reset><t>क़्</t>
<reset>ख</reset><t>ख़</t>
<reset>खा</reset><t>ख़ा</t>
<reset>खि</reset><t>ख़ि</t>
<reset>खी</reset><t>ख़ी</t>
<reset>खु</reset><t>ख़ु</t>
<reset>खू</reset><t>ख़ू</t>
<reset>खृ</reset><t>ख़ृ</t>
<reset>खॄ</reset><t>ख़ॄ</t>
<reset>खॢ</reset><t>ख़ॢ</t>
<reset>खॣ</reset><t>ख़ॣ</t>
<reset>खॅ</reset><t>ख़ॅ</t>
<reset>खॆ</reset><t>ख़ॆ</t>
<reset>खे</reset><t>ख़े</t>
<reset>खै</reset><t>ख़ै</t>
<reset>खॉ</reset><t>ख़ॉ</t>
<reset>खॊ</reset><t>ख़ॊ</t>
<reset>खो</reset><t>ख़ो</t>
<reset>खौ</reset><t>ख़ौ</t>
<reset>ख्</reset><t>ख़्</t>
<reset>ग</reset><t>ग़</t>
<reset>गा</reset><t>ग़ा</t>
<reset>गि</reset><t>ग़ि</t>
<reset>गी</reset><t>ग़ी</t>
<reset>गु</reset><t>ग़ु</t>
<reset>गू</reset><t>ग़ू</t>
<reset>गृ</reset><t>ग़ृ</t>
<reset>गॄ</reset><t>ग़ॄ</t>
<reset>गॢ</reset><t>ग़ॢ</t>
<reset>गॣ</reset><t>ग़ॣ</t>
<reset>गॅ</reset><t>ग़ॅ</t>
<reset>गॆ</reset><t>ग़ॆ</t>
<reset>गे</reset><t>ग़े</t>
<reset>गै</reset><t>ग़ै</t>
<reset>गॉ</reset><t>ग़ॉ</t>
<reset>गॊ</reset><t>ग़ॊ</t>
<reset>गो</reset><t>ग़ो</t>
<reset>गौ</reset><t>ग़ौ</t>
<reset>ग्</reset><t>ग़्</t>
<reset>ज</reset><t>ज़</t>
<reset>जा</reset><t>ज़ा</t>
<reset>जि</reset><t>ज़ि</t>
<reset>जी</reset><t>ज़ी</t>
<reset>जु</reset><t>ज़ु</t>
<reset>जू</reset><t>ज़ू</t>
<reset>जृ</reset><t>ज़ृ</t>
<reset>जॄ</reset><t>ज़ॄ</t>
<reset>जॢ</reset><t>ज़ॢ</t>
<reset>जॣ</reset><t>ज़ॣ</t>
<reset>जॅ</reset><t>ज़ॅ</t>
<reset>जॆ</reset><t>ज़ॆ</t>
<reset>जे</reset><t>ज़े</t>
<reset>जै</reset><t>ज़ै</t>
<reset>जॉ</reset><t>ज़ॉ</t>
<reset>जॊ</reset><t>ज़ॊ</t>
<reset>जो</reset><t>ज़ो</t>
<reset>जौ</reset><t>ज़ौ</t>
<reset>ज्</reset><t>ज़्</t>
<reset>ड</reset><t>ड़</t>
<reset>डा</reset><t>ड़ा</t>
<reset>डि</reset><t>ड़ि</t>
<reset>डी</reset><t>ड़ी</t>
<reset>डु</reset><t>ड़ु</t>
<reset>डू</reset><t>ड़ू</t>
<reset>डृ</reset><t>ड़ृ</t>
<reset>डॄ</reset><t>ड़ॄ</t>
<reset>डॢ</reset><t>ड़ॢ</t>
<reset>डॣ</reset><t>ड़ॣ</t>
<reset>डॅ</reset><t>ड़ॅ</t>
<reset>डॆ</reset><t>ड़ॆ</t>
<reset>डे</reset><t>ड़े</t>
<reset>डै</reset><t>ड़ै</t>
<reset>डॉ</reset><t>ड़ॉ</t>
<reset>डॊ</reset><t>ड़ॊ</t>
<reset>डो</reset><t>ड़ो</t>
<reset>डौ</reset><t>ड़ौ</t>
<reset>ड्</reset><t>ड़्</t>
<reset>ढ</reset><t>ढ़</t>
<reset>ढा</reset><t>ढ़ा</t>
<reset>ढि</reset><t>ढ़ि</t>
<reset>ढी</reset><t>ढ़ी</t>
<reset>ढु</reset><t>ढ़ु</t>
<reset>ढू</reset><t>ढ़ू</t>
<reset>ढृ</reset><t>ढ़ृ</t>
<reset>ढॄ</reset><t>ढ़ॄ</t>
<reset>ढॢ</reset><t>ढ़ॢ</t>
<reset>ढॣ</reset><t>ढ़ॣ</t>
<reset>ढॅ</reset><t>ढ़ॅ</t>
<reset>ढॆ</reset><t>ढ़ॆ</t>
<reset>ढे</reset><t>ढ़े</t>
<reset>ढै</reset><t>ढ़ै</t>
<reset>ढॉ</reset><t>ढ़ॉ</t>
<reset>ढॊ</reset><t>ढ़ॊ</t>
<reset>ढो</reset><t>ढ़ो</t>
<reset>ढौ</reset><t>ढ़ौ</t>
<reset>ढ्</reset><t>ढ़्</t>
<reset>फ</reset><t>फ़</t>
<reset>फा</reset><t>फ़ा</t>
<reset>फि</reset><t>फ़ि</t>
<reset>फी</reset><t>फ़ी</t>
<reset>फु</reset><t>फ़ु</t>
<reset>फू</reset><t>फ़ू</t>
<reset>फृ</reset><t>फ़ृ</t>
<reset>फॄ</reset><t>फ़ॄ</t>
<reset>फॢ</reset><t>फ़ॢ</t>
<reset>फॣ</reset><t>फ़ॣ</t>
<reset>फॅ</reset><t>फ़ॅ</t>
<reset>फॆ</reset><t>फ़ॆ</t>
<reset>फे</reset><t>फ़े</t>
<reset>फै</reset><t>फ़ै</t>
<reset>फॉ</reset><t>फ़ॉ</t>
<reset>फॊ</reset><t>फ़ॊ</t>
<reset>फो</reset><t>फ़ो</t>
<reset>फौ</reset><t>फ़ौ</t>
<reset>फ्</reset><t>फ़्</t>
<reset>य</reset><t>य़</t>
<reset>या</reset><t>य़ा</t>
<reset>यि</reset><t>य़ि</t>
<reset>यी</reset><t>य़ी</t>
<reset>यु</reset><t>य़ु</t>
<reset>यू</reset><t>य़ू</t>
<reset>यृ</reset><t>य़ृ</t>
<reset>यॄ</reset><t>य़ॄ</t>
<reset>यॢ</reset><t>य़ॢ</t>
<reset>यॣ</reset><t>य़ॣ</t>
<reset>यॅ</reset><t>य़ॅ</t>
<reset>यॆ</reset><t>य़ॆ</t>
<reset>ये</reset><t>य़े</t>
<reset>यै</reset><t>य़ै</t>
<reset>यॉ</reset><t>य़ॉ</t>
<reset>यॊ</reset><t>य़ॊ</t>
<reset>यो</reset><t>य़ो</t>
<reset>यौ</reset><t>य़ौ</t>
<reset>य्</reset><t>य़्</t>
</rules>
</collation>
		</collations>
</ldml>

