<?xml version="1.0" encoding="UTF-8" ?>
<!DOCTYPE ldml SYSTEM "http://www.unicode.org/cldr/dtd/1.5/ldml.dtd">
<ldml>
	<identity>
		<version number="$Revision: 1.22 $"/>
		<generation date="$Date: 2007/07/10 20:27:25 $"/>
		<language type="sl" /> 
	</identity>
		<collations  validSubLocales="sl_SI">
			<collation type="standard" >
				<rules>
					<reset>C</reset>
					<p>č</p>
					<t>Č</t>
					<p>ć</p>
					<t>Ć</t>
					<reset>S</reset>
					<p>š</p>
					<t>Š</t>
					<reset>Z</reset>
					<p>ž</p>
					<t>Ž</t>
				</rules>
			</collation  >
			<collation type="standard" draft="true" alt="proposed">
				<rules>
					<reset>C</reset>
					<p>č</p>
					<t>Č</t>
					<reset>S</reset>
					<p>š</p>
					<t>Š</t>
					<reset>Z</reset>
					<p>ž</p>
					<t>Ž</t>
				</rules>
			</collation  >
		</collations>
</ldml>
