<?xml version="1.0" encoding="UTF-8" ?>
<!DOCTYPE ldml SYSTEM "http://www.unicode.org/cldr/dtd/1.5/ldml.dtd">
<ldml>
	<identity>
		<version number="$Revision: 1.1 $"/>
		<generation date="$Date: 2007/07/19 21:23:17 $"/>
		<language type="to" /> 
	</identity>
	<collations>
        <collation type="standard" draft="true" alt="proposed">
            <rules>
                <!-- collation rules for Tonga (to) -->
                <reset>n</reset>
                    <p>ng</p>
                    <t>Ng</t>
                    <t>NG</t>
                    <t>ŋ</t>
                    <t>Ŋ</t>
                <!-- ng as single character after n, also including 014A, 014B -->
                <reset>z</reset>
                    <p>ʻ</p>
                    <t>ʽ</t>
                <!-- fakauʻa (02BB) as full character after z, also including 02BD -->
                <reset>a</reset>
                    <s>ā</s>
                    <t>á</t>
                    <t>Ā</t>
                    <t>Á</t>
                <reset>e</reset>
                    <s>ē</s>
                    <t>é</t>
                    <t>Ē</t>
                    <t>É</t>
                <reset>i</reset>
                    <s>ī</s>
                    <t>í</t>
                    <t>Ī</t>
                    <t>Í</t>
                <reset>o</reset>
                    <s>ō</s>
                    <t>ó</t>
                    <t>Ō</t>
                    <t>Ó</t>
                <reset>u</reset>
                    <s>ū</s>
                    <t>ú</t>
                    <t>Ū</t>
                    <t>Ú</t>
            </rules>
        </collation>
    </collations>
</ldml>
